speakerid,speech_id,lastname,firstname,chamber,state,gender,party,district,nonvoting,date,DOB,yob,year,age,procedural_prob,cluster_4,cluster_3,cluster_6,cluster_2,cluster_7,cluster_11,cluster_5,cluster_1,cluster_0,cluster_10,cluster_13,cluster_9,cluster_12,cluster_15,cluster_14,cluster_16,cluster_8,cluster_17,cluster_4_p,cluster_3_p,cluster_6_p,cluster_2_p,cluster_7_p,cluster_11_p,cluster_5_p,cluster_1_p,cluster_0_p,cluster_10_p,cluster_13_p,cluster_9_p,cluster_12_p,cluster_15_p,cluster_14_p,cluster_16_p,cluster_8_p,cluster_17_p,n
5157,510011350,HAMPTON,WADE,S,SC,M,D,,voting,18900130,1818-03-28,1818,1890,72,0.0,1,1,0,1,0,0,0,1,6,0,0,0,0,0,0,0,0,0,0.1,0.1,0.0,0.1,0.0,0.0,0.0,0.1,0.6,0.0,0.0,0.0,0.0,0.0,0.0,0.0,0.0,0.0,10
6327,530179729,HOAR,GEORGE,S,MA,M,R,,voting,18941220,1826-08-29,1826,1894,68,0.0,1,9,0,0,0,0,0,0,0,0,0,0,0,0,0,0,0,0,0.1,0.9,0.0,0.0,0.0,0.0,0.0,0.0,0.0,0.0,0.0,0.0,0.0,0.0,0.0,0.0,0.0,0.0,10
8173,650136593,LONGWORTH,NICHOLAS,H,OH,M,R,1.0,voting,19171218,1869-11-05,1869,1917,48,0.0,1,8,0,0,0,0,1,0,0,0,0,0,0,0,0,0,0,0,0.1,0.8,0.0,0.0,0.0,0.0,0.1,0.0,0.0,0.0,0.0,0.0,0.0,0.0,0.0,0.0,0.0,0.0,10
7917,660060056,VAILE,WILLIAM,H,CO,M,R,1.0,voting,19190819,1876-06-22,1876,1919,43,0.0024109215022997,9,1,0,0,0,0,0,0,0,0,0,0,0,0,0,0,0,0,0.9,0.1,0.0,0.0,0.0,0.0,0.0,0.0,0.0,0.0,0.0,0.0,0.0,0.0,0.0,0.0,0.0,0.0,10
8132,660089489,HADLEY,LINDLEY,H,WA,M,R,2.0,voting,19190930,1861-06-19,1861,1919,58,0.0,10,0,0,0,0,0,0,0,0,0,0,0,0,0,0,0,0,0,1.0,0.0,0.0,0.0,0.0,0.0,0.0,0.0,0.0,0.0,0.0,0.0,0.0,0.0,0.0,0.0,0.0,0.0,10
8132,660089493,HADLEY,LINDLEY,H,WA,M,R,2.0,voting,19190930,1861-06-19,1861,1919,58,0.0,10,0,0,0,0,0,0,0,0,0,0,0,0,0,0,0,0,0,1.0,0.0,0.0,0.0,0.0,0.0,0.0,0.0,0.0,0.0,0.0,0.0,0.0,0.0,0.0,0.0,0.0,0.0,10
7465,660234576,MCCORMICK,JOSEPH,S,IL,M,R,,voting,19200429,1877-05-16,1877,1920,43,0.0,1,1,1,1,4,0,0,1,1,0,0,0,0,0,0,0,0,0,0.1,0.1,0.1,0.1,0.4,0.0,0.0,0.1,0.1,0.0,0.0,0.0,0.0,0.0,0.0,0.0,0.0,0.0,10
7307,670247734,FRELINGHUYSEN,JOSEPH,S,NJ,M,R,,voting,19220523,1869-03-12,1869,1922,53,0.0,7,1,0,0,0,0,0,0,0,1,0,1,0,0,0,0,0,0,0.7,0.1,0.0,0.0,0.0,0.0,0.0,0.0,0.0,0.1,0.0,0.1,0.0,0.0,0.0,0.0,0.0,0.0,10
7624,670248774,NICHOLSON,SAMUEL,S,CO,M,R,,voting,19220524,1859-02-22,1859,1922,63,3.369050676371783e-07,6,0,2,1,0,0,0,0,0,1,0,0,0,0,0,0,0,0,0.6,0.0,0.2,0.1,0.0,0.0,0.0,0.0,0.0,0.1,0.0,0.0,0.0,0.0,0.0,0.0,0.0,0.0,10
7624,670248794,NICHOLSON,SAMUEL,S,CO,M,R,,voting,19220524,1859-02-22,1859,1922,63,0.0,25,5,9,2,0,10,1,7,1,0,0,0,0,0,0,0,0,0,0.4166666666666667,0.08333333333333333,0.15,0.03333333333333333,0.0,0.16666666666666666,0.016666666666666666,0.11666666666666667,0.016666666666666666,0.0,0.0,0.0,0.0,0.0,0.0,0.0,0.0,0.0,60
7624,670248805,NICHOLSON,SAMUEL,S,CO,M,R,,voting,19220524,1859-02-22,1859,1922,63,2.5569491695472265e-10,1,0,0,0,9,0,0,0,0,0,0,0,0,0,0,0,0,0,0.1,0.0,0.0,0.0,0.9,0.0,0.0,0.0,0.0,0.0,0.0,0.0,0.0,0.0,0.0,0.0,0.0,0.0,10
7624,670248813,NICHOLSON,SAMUEL,S,CO,M,R,,voting,19220524,1859-02-22,1859,1922,63,0.0,0,0,0,0,0,0,2,0,0,0,0,0,8,0,0,0,0,0,0.0,0.0,0.0,0.0,0.0,0.0,0.2,0.0,0.0,0.0,0.0,0.0,0.8,0.0,0.0,0.0,0.0,0.0,10
7624,670248825,NICHOLSON,SAMUEL,S,CO,M,R,,voting,19220524,1859-02-22,1859,1922,63,2.5679295805084644e-12,10,0,0,0,0,0,0,0,0,0,0,0,0,0,0,0,0,0,1.0,0.0,0.0,0.0,0.0,0.0,0.0,0.0,0.0,0.0,0.0,0.0,0.0,0.0,0.0,0.0,0.0,0.0,10
7378,670248843,TOWNSEND,CHARLES,S,MI,M,R,,voting,19220524,1856-08-15,1856,1922,66,0.0,19,0,1,1,0,1,0,0,1,0,7,0,0,0,0,0,0,0,0.6333333333333333,0.0,0.03333333333333333,0.03333333333333333,0.0,0.03333333333333333,0.0,0.0,0.03333333333333333,0.0,0.23333333333333334,0.0,0.0,0.0,0.0,0.0,0.0,0.0,30
7378,670248847,TOWNSEND,CHARLES,S,MI,M,R,,voting,19220524,1856-08-15,1856,1922,66,0.0,14,4,0,1,0,2,5,0,1,3,0,0,0,0,0,0,0,0,0.4666666666666667,0.13333333333333333,0.0,0.03333333333333333,0.0,0.06666666666666667,0.16666666666666666,0.0,0.03333333333333333,0.1,0.0,0.0,0.0,0.0,0.0,0.0,0.0,0.0,30
7378,670248852,TOWNSEND,CHARLES,S,MI,M,R,,voting,19220524,1856-08-15,1856,1922,66,0.0,23,3,2,6,3,0,0,1,9,6,0,0,7,0,0,0,0,0,0.38333333333333336,0.05,0.03333333333333333,0.1,0.05,0.0,0.0,0.016666666666666666,0.15,0.1,0.0,0.0,0.11666666666666667,0.0,0.0,0.0,0.0,0.0,60
7624,670248855,NICHOLSON,SAMUEL,S,CO,M,R,,voting,19220524,1859-02-22,1859,1922,63,0.0100199362011665,10,0,0,0,0,0,0,0,0,0,0,0,0,0,0,0,0,0,1.0,0.0,0.0,0.0,0.0,0.0,0.0,0.0,0.0,0.0,0.0,0.0,0.0,0.0,0.0,0.0,0.0,0.0,10
7378,670248858,TOWNSEND,CHARLES,S,MI,M,R,,voting,19220524,1856-08-15,1856,1922,66,0.0,7,1,0,0,1,0,0,0,0,1,0,0,0,0,0,0,0,0,0.7,0.1,0.0,0.0,0.1,0.0,0.0,0.0,0.0,0.1,0.0,0.0,0.0,0.0,0.0,0.0,0.0,0.0,10
7307,670248896,FRELINGHUYSEN,JOSEPH,S,NJ,M,R,,voting,19220524,1869-03-12,1869,1922,53,0.0,24,1,0,0,2,0,1,1,0,0,0,0,0,0,1,0,0,0,0.8,0.03333333333333333,0.0,0.0,0.06666666666666667,0.0,0.03333333333333333,0.03333333333333333,0.0,0.0,0.0,0.0,0.0,0.0,0.03333333333333333,0.0,0.0,0.0,30
7307,670248905,FRELINGHUYSEN,JOSEPH,S,NJ,M,R,,voting,19220524,1869-03-12,1869,1922,53,0.0,0,0,1,0,0,0,0,0,0,9,0,0,0,0,0,0,0,0,0.0,0.0,0.1,0.0,0.0,0.0,0.0,0.0,0.0,0.9,0.0,0.0,0.0,0.0,0.0,0.0,0.0,0.0,10
7307,670248918,FRELINGHUYSEN,JOSEPH,S,NJ,M,R,,voting,19220524,1869-03-12,1869,1922,53,0.0003965037620098,1,0,0,0,0,0,0,0,0,0,0,0,0,0,9,0,0,0,0.1,0.0,0.0,0.0,0.0,0.0,0.0,0.0,0.0,0.0,0.0,0.0,0.0,0.0,0.9,0.0,0.0,0.0,10
7307,670248926,FRELINGHUYSEN,JOSEPH,S,NJ,M,R,,voting,19220524,1869-03-12,1869,1922,53,0.0,3,0,0,0,1,0,0,0,0,0,0,0,0,0,6,0,0,0,0.3,0.0,0.0,0.0,0.1,0.0,0.0,0.0,0.0,0.0,0.0,0.0,0.0,0.0,0.6,0.0,0.0,0.0,10
7790,670248975,HEFLIN,JAMES,S,AL,M,D,,voting,19220524,1869-04-09,1869,1922,53,0.0,18,5,0,0,2,0,0,4,1,0,0,0,0,0,0,0,0,0,0.6,0.16666666666666666,0.0,0.0,0.06666666666666667,0.0,0.0,0.13333333333333333,0.03333333333333333,0.0,0.0,0.0,0.0,0.0,0.0,0.0,0.0,0.0,30
7378,670248978,TOWNSEND,CHARLES,S,MI,M,R,,voting,19220524,1856-08-15,1856,1922,66,0.0,28,1,1,0,0,1,0,0,6,1,1,0,0,1,0,0,0,0,0.7,0.025,0.025,0.0,0.0,0.025,0.0,0.0,0.15,0.025,0.025,0.0,0.0,0.025,0.0,0.0,0.0,0.0,40
8851,670248979,WALSH,DAVID,S,MA,M,D,,voting,19220524,1872-11-11,1872,1922,50,0.0,8,1,0,1,0,0,0,0,0,0,0,0,0,0,0,0,0,0,0.8,0.1,0.0,0.1,0.0,0.0,0.0,0.0,0.0,0.0,0.0,0.0,0.0,0.0,0.0,0.0,0.0,0.0,10
7341,670249066,MCCUMBER,PORTER,S,ND,M,R,,voting,19220524,1858-02-03,1858,1922,64,0.0,10,0,0,0,0,0,0,0,0,0,0,0,0,0,0,0,0,0,1.0,0.0,0.0,0.0,0.0,0.0,0.0,0.0,0.0,0.0,0.0,0.0,0.0,0.0,0.0,0.0,0.0,0.0,10
7378,670249069,TOWNSEND,CHARLES,S,MI,M,R,,voting,19220524,1856-08-15,1856,1922,66,0.0011504017158918,8,0,1,0,0,0,0,0,0,0,1,0,0,0,0,0,0,0,0.8,0.0,0.1,0.0,0.0,0.0,0.0,0.0,0.0,0.0,0.1,0.0,0.0,0.0,0.0,0.0,0.0,0.0,10
7378,670249073,TOWNSEND,CHARLES,S,MI,M,R,,voting,19220524,1856-08-15,1856,1922,66,3.9745866270867927e-11,28,0,0,0,2,0,0,0,0,0,0,0,0,0,0,0,0,0,0.9333333333333333,0.0,0.0,0.0,0.06666666666666667,0.0,0.0,0.0,0.0,0.0,0.0,0.0,0.0,0.0,0.0,0.0,0.0,0.0,30
7624,670249082,NICHOLSON,SAMUEL,S,CO,M,R,,voting,19220524,1859-02-22,1859,1922,63,1.7264361185004085e-19,2,0,5,2,1,0,0,0,0,0,0,0,0,0,0,0,0,0,0.2,0.0,0.5,0.2,0.1,0.0,0.0,0.0,0.0,0.0,0.0,0.0,0.0,0.0,0.0,0.0,0.0,0.0,10
7910,670249154,SMOOT,REED,S,UT,M,R,,voting,19220524,1862-01-10,1862,1922,60,4.300264325838845e-09,9,0,0,0,0,0,0,0,0,0,0,0,0,0,1,0,0,0,0.9,0.0,0.0,0.0,0.0,0.0,0.0,0.0,0.0,0.0,0.0,0.0,0.0,0.0,0.1,0.0,0.0,0.0,10
8233,670249155,WALSH,THOMAS,S,MT,M,D,,voting,19220524,1859-06-12,1859,1922,63,2.212130941829823e-11,10,0,0,0,0,0,0,0,0,0,0,0,0,0,0,0,0,0,1.0,0.0,0.0,0.0,0.0,0.0,0.0,0.0,0.0,0.0,0.0,0.0,0.0,0.0,0.0,0.0,0.0,0.0,10
7345,670249156,MYERS,HENRY,S,MT,M,D,,voting,19220524,1862-10-09,1862,1922,60,3.094609151782744e-07,10,0,0,0,0,0,0,0,0,0,0,0,0,0,0,0,0,0,1.0,0.0,0.0,0.0,0.0,0.0,0.0,0.0,0.0,0.0,0.0,0.0,0.0,0.0,0.0,0.0,0.0,0.0,10
7345,670249158,MYERS,HENRY,S,MT,M,D,,voting,19220524,1862-10-09,1862,1922,60,0.0058002669254983,10,0,0,0,0,0,0,0,0,0,0,0,0,0,0,0,0,0,1.0,0.0,0.0,0.0,0.0,0.0,0.0,0.0,0.0,0.0,0.0,0.0,0.0,0.0,0.0,0.0,0.0,0.0,10
7378,670249214,TOWNSEND,CHARLES,S,MI,M,R,,voting,19220524,1856-08-15,1856,1922,66,4.1785579908647303e-23,0,0,0,1,0,0,1,0,0,5,0,0,3,0,0,0,0,0,0.0,0.0,0.0,0.1,0.0,0.0,0.1,0.0,0.0,0.5,0.0,0.0,0.3,0.0,0.0,0.0,0.0,0.0,10
8233,670249222,WALSH,THOMAS,S,MT,M,D,,voting,19220524,1859-06-12,1859,1922,63,0.0,5,1,1,0,0,2,0,0,1,0,0,0,0,0,0,0,0,0,0.5,0.1,0.1,0.0,0.0,0.2,0.0,0.0,0.1,0.0,0.0,0.0,0.0,0.0,0.0,0.0,0.0,0.0,10
8303,670249242,FLETCHER,DUNCAN,S,FL,M,D,,voting,19220524,1859-01-06,1859,1922,63,0.0,9,0,0,0,0,1,0,0,0,0,0,0,0,0,0,0,0,0,0.9,0.0,0.0,0.0,0.0,0.1,0.0,0.0,0.0,0.0,0.0,0.0,0.0,0.0,0.0,0.0,0.0,0.0,10
7666,670253643,UNDERWOOD,OSCAR,S,AL,M,D,,voting,19220529,1862-05-06,1862,1922,60,0.0,8,0,0,0,0,1,0,1,0,0,0,0,0,0,0,0,0,0,0.8,0.0,0.0,0.0,0.0,0.1,0.0,0.1,0.0,0.0,0.0,0.0,0.0,0.0,0.0,0.0,0.0,0.0,10
7908,670287560,SHORTRIDGE,SAMUEL,S,CA,M,R,,voting,19220712,1861-08-03,1861,1922,61,0.0,9,1,0,0,0,0,0,0,0,0,0,0,0,0,0,0,0,0,0.9,0.1,0.0,0.0,0.0,0.0,0.0,0.0,0.0,0.0,0.0,0.0,0.0,0.0,0.0,0.0,0.0,0.0,10
7474,670307345,NEWBERRY,TRUMAN,S,MI,M,R,,voting,19220817,1864-11-05,1864,1922,58,0.0,93,11,15,2,1,1,1,2,1,11,1,0,0,0,0,1,0,0,0.6642857142857143,0.07857142857142857,0.10714285714285714,0.014285714285714285,0.007142857142857143,0.007142857142857143,0.007142857142857143,0.014285714285714285,0.007142857142857143,0.07857142857142857,0.007142857142857143,0.0,0.0,0.0,0.0,0.007142857142857143,0.0,0.0,140
7474,670307346,NEWBERRY,TRUMAN,S,MI,M,R,,voting,19220817,1864-11-05,1864,1922,58,0.0,57,0,4,2,0,1,0,2,0,4,0,0,0,0,0,0,0,0,0.8142857142857143,0.0,0.05714285714285714,0.02857142857142857,0.0,0.014285714285714285,0.0,0.02857142857142857,0.0,0.05714285714285714,0.0,0.0,0.0,0.0,0.0,0.0,0.0,0.0,70
7817,670307361,SIMMONS,FURNIFOLD,S,NC,M,D,,voting,19220817,1854-01-20,1854,1922,68,1.1815065152640664e-08,10,0,0,0,0,0,0,0,0,0,0,0,0,0,0,0,0,0,1.0,0.0,0.0,0.0,0.0,0.0,0.0,0.0,0.0,0.0,0.0,0.0,0.0,0.0,0.0,0.0,0.0,0.0,10
7624,670307362,NICHOLSON,SAMUEL,S,CO,M,R,,voting,19220817,1859-02-22,1859,1922,63,0.0,15,3,1,0,0,0,1,0,0,0,0,0,0,0,0,0,0,0,0.75,0.15,0.05,0.0,0.0,0.0,0.05,0.0,0.0,0.0,0.0,0.0,0.0,0.0,0.0,0.0,0.0,0.0,20
7817,670307363,SIMMONS,FURNIFOLD,S,NC,M,D,,voting,19220817,1854-01-20,1854,1922,68,5.195225201747631e-10,5,3,0,0,0,1,0,0,0,11,0,0,0,0,0,0,0,0,0.25,0.15,0.0,0.0,0.0,0.05,0.0,0.0,0.0,0.55,0.0,0.0,0.0,0.0,0.0,0.0,0.0,0.0,20
7624,670307366,NICHOLSON,SAMUEL,S,CO,M,R,,voting,19220817,1859-02-22,1859,1922,63,1.8923034126259627e-18,4,1,1,2,1,0,0,0,0,1,0,0,0,0,0,0,0,0,0.4,0.1,0.1,0.2,0.1,0.0,0.0,0.0,0.0,0.1,0.0,0.0,0.0,0.0,0.0,0.0,0.0,0.0,10
7817,670307369,SIMMONS,FURNIFOLD,S,NC,M,D,,voting,19220817,1854-01-20,1854,1922,68,7.854318319591064e-13,6,3,1,0,0,0,0,0,0,0,0,0,0,0,0,0,0,0,0.6,0.3,0.1,0.0,0.0,0.0,0.0,0.0,0.0,0.0,0.0,0.0,0.0,0.0,0.0,0.0,0.0,0.0,10
7624,670307370,NICHOLSON,SAMUEL,S,CO,M,R,,voting,19220817,1859-02-22,1859,1922,63,0.0,25,3,1,1,2,0,1,0,0,0,0,0,7,0,0,0,0,0,0.625,0.075,0.025,0.025,0.05,0.0,0.025,0.0,0.0,0.0,0.0,0.0,0.175,0.0,0.0,0.0,0.0,0.0,40
7474,670307391,NEWBERRY,TRUMAN,S,MI,M,R,,voting,19220817,1864-11-05,1864,1922,58,5.6672730828320845e-09,5,1,1,1,0,0,1,0,1,0,0,0,0,0,0,0,0,0,0.5,0.1,0.1,0.1,0.0,0.0,0.1,0.0,0.1,0.0,0.0,0.0,0.0,0.0,0.0,0.0,0.0,0.0,10
7876,670307400,GOODING,FRANK,S,ID,M,R,,voting,19220817,1859-09-16,1859,1922,63,0.0,7,2,0,1,0,0,0,0,0,0,0,0,0,0,0,0,0,0,0.7,0.2,0.0,0.1,0.0,0.0,0.0,0.0,0.0,0.0,0.0,0.0,0.0,0.0,0.0,0.0,0.0,0.0,10
7341,670307410,MCCUMBER,PORTER,S,ND,M,R,,voting,19220817,1858-02-03,1858,1922,64,0.0,26,0,0,0,1,1,0,2,0,0,0,0,0,0,0,0,0,0,0.8666666666666667,0.0,0.0,0.0,0.03333333333333333,0.03333333333333333,0.0,0.06666666666666667,0.0,0.0,0.0,0.0,0.0,0.0,0.0,0.0,0.0,0.0,30
7910,670325906,SMOOT,REED,S,UT,M,R,,voting,19220919,1862-01-10,1862,1922,60,0.0,1,0,0,0,0,0,0,0,0,0,9,0,0,0,0,0,0,0,0.1,0.0,0.0,0.0,0.0,0.0,0.0,0.0,0.0,0.0,0.9,0.0,0.0,0.0,0.0,0.0,0.0,0.0,10
7910,670325921,SMOOT,REED,S,UT,M,R,,voting,19220919,1862-01-10,1862,1922,60,0.0,19,0,0,0,0,1,0,0,0,0,0,0,0,0,0,0,0,0,0.95,0.0,0.0,0.0,0.0,0.05,0.0,0.0,0.0,0.0,0.0,0.0,0.0,0.0,0.0,0.0,0.0,0.0,20
7910,670325930,SMOOT,REED,S,UT,M,R,,voting,19220919,1862-01-10,1862,1922,60,0.0001054358343146,6,3,0,0,0,0,1,0,0,0,0,0,0,0,0,0,0,0,0.6,0.3,0.0,0.0,0.0,0.0,0.1,0.0,0.0,0.0,0.0,0.0,0.0,0.0,0.0,0.0,0.0,0.0,10
7910,670325940,SMOOT,REED,S,UT,M,R,,voting,19220919,1862-01-10,1862,1922,60,0.0,61,3,0,1,0,2,3,0,0,0,0,0,0,0,0,0,0,0,0.8714285714285714,0.04285714285714286,0.0,0.014285714285714285,0.0,0.02857142857142857,0.04285714285714286,0.0,0.0,0.0,0.0,0.0,0.0,0.0,0.0,0.0,0.0,0.0,70
7910,700010228,SMOOT,REED,S,UT,M,R,,voting,19280109,1862-01-10,1862,1928,66,0.0,9,0,0,0,0,0,1,0,0,0,0,0,0,0,0,0,0,0,0.9,0.0,0.0,0.0,0.0,0.0,0.1,0.0,0.0,0.0,0.0,0.0,0.0,0.0,0.0,0.0,0.0,0.0,10
7859,700010235,CARAWAY,THADDEUS,S,AR,M,D,,voting,19280109,1871-10-17,1871,1928,57,0.0828559211912846,8,0,0,0,0,1,0,0,0,0,1,0,0,0,0,0,0,0,0.8,0.0,0.0,0.0,0.0,0.1,0.0,0.0,0.0,0.0,0.1,0.0,0.0,0.0,0.0,0.0,0.0,0.0,10
7859,700010236,CARAWAY,THADDEUS,S,AR,M,D,,voting,19280109,1871-10-17,1871,1928,57,0.0,9,0,0,0,0,0,0,0,0,0,0,0,0,0,1,0,0,0,0.9,0.0,0.0,0.0,0.0,0.0,0.0,0.0,0.0,0.0,0.0,0.0,0.0,0.0,0.1,0.0,0.0,0.0,10
7908,700014961,SHORTRIDGE,SAMUEL,S,CA,M,R,,voting,19280116,1861-08-03,1861,1928,67,0.0,7,1,1,1,0,0,0,0,0,0,0,0,0,0,0,0,0,0,0.7,0.1,0.1,0.1,0.0,0.0,0.0,0.0,0.0,0.0,0.0,0.0,0.0,0.0,0.0,0.0,0.0,0.0,10
7910,700136352,SMOOT,REED,S,UT,M,R,,voting,19290102,1862-01-10,1862,1929,67,0.0,22,0,0,0,0,0,0,0,0,0,8,0,0,0,0,0,0,0,0.7333333333333333,0.0,0.0,0.0,0.0,0.0,0.0,0.0,0.0,0.0,0.26666666666666666,0.0,0.0,0.0,0.0,0.0,0.0,0.0,30
7910,700136358,SMOOT,REED,S,UT,M,R,,voting,19290102,1862-01-10,1862,1929,67,3.403636301976672e-07,18,1,0,0,0,0,0,1,0,0,0,0,0,0,0,0,0,0,0.9,0.05,0.0,0.0,0.0,0.0,0.0,0.05,0.0,0.0,0.0,0.0,0.0,0.0,0.0,0.0,0.0,0.0,20
7910,700136362,SMOOT,REED,S,UT,M,R,,voting,19290102,1862-01-10,1862,1929,67,0.0255916463703108,1,1,1,0,0,0,0,0,0,7,0,0,0,0,0,0,0,0,0.1,0.1,0.1,0.0,0.0,0.0,0.0,0.0,0.0,0.7,0.0,0.0,0.0,0.0,0.0,0.0,0.0,0.0,10
8265,700136389,BLACK,HUGO,S,AL,M,D,,voting,19290102,1886-02-27,1886,1929,43,0.0,8,0,0,0,0,0,2,0,0,0,0,0,0,0,0,0,0,0,0.8,0.0,0.0,0.0,0.0,0.0,0.2,0.0,0.0,0.0,0.0,0.0,0.0,0.0,0.0,0.0,0.0,0.0,10
8265,700136400,BLACK,HUGO,S,AL,M,D,,voting,19290102,1886-02-27,1886,1929,43,0.0,10,0,0,0,0,0,0,0,0,0,0,0,0,0,10,0,0,0,0.5,0.0,0.0,0.0,0.0,0.0,0.0,0.0,0.0,0.0,0.0,0.0,0.0,0.0,0.5,0.0,0.0,0.0,20
8265,700136420,BLACK,HUGO,S,AL,M,D,,voting,19290102,1886-02-27,1886,1929,43,7.916767391599884e-10,7,1,0,0,2,0,0,0,0,0,0,0,0,0,0,0,0,0,0.7,0.1,0.0,0.0,0.2,0.0,0.0,0.0,0.0,0.0,0.0,0.0,0.0,0.0,0.0,0.0,0.0,0.0,10
8265,700136422,BLACK,HUGO,S,AL,M,D,,voting,19290102,1886-02-27,1886,1929,43,1.9925721873044037e-05,0,0,0,0,0,0,0,0,0,10,0,0,0,0,0,0,0,0,0.0,0.0,0.0,0.0,0.0,0.0,0.0,0.0,0.0,1.0,0.0,0.0,0.0,0.0,0.0,0.0,0.0,0.0,10
8552,700136430,HARRISON,BYRON,S,MS,M,D,,voting,19290102,1881-08-29,1881,1929,48,0.0001390873942106,8,1,1,0,0,0,0,0,0,0,0,0,0,0,0,0,0,0,0.8,0.1,0.1,0.0,0.0,0.0,0.0,0.0,0.0,0.0,0.0,0.0,0.0,0.0,0.0,0.0,0.0,0.0,10
8094,710120553,COUZENS,JAMES,S,MI,M,R,,voting,19300211,1872-08-26,1872,1930,58,0.0,2,5,0,0,0,1,0,1,0,0,0,0,1,0,0,0,0,0,0.2,0.5,0.0,0.0,0.0,0.1,0.0,0.1,0.0,0.0,0.0,0.0,0.1,0.0,0.0,0.0,0.0,0.0,10
8265,710123217,BLACK,HUGO,S,AL,M,D,,voting,19300214,1886-02-27,1886,1930,44,0.0,13,2,0,0,0,0,0,3,1,1,0,0,0,0,0,0,0,0,0.65,0.1,0.0,0.0,0.0,0.0,0.0,0.15,0.05,0.05,0.0,0.0,0.0,0.0,0.0,0.0,0.0,0.0,20
8265,710123221,BLACK,HUGO,S,AL,M,D,,voting,19300214,1886-02-27,1886,1930,44,0.0,19,0,0,0,1,0,0,0,0,0,0,0,0,0,0,0,0,0,0.95,0.0,0.0,0.0,0.05,0.0,0.0,0.0,0.0,0.0,0.0,0.0,0.0,0.0,0.0,0.0,0.0,0.0,20
8265,710123229,BLACK,HUGO,S,AL,M,D,,voting,19300214,1886-02-27,1886,1930,44,0.0,10,0,0,0,0,0,0,0,0,0,0,0,0,0,0,0,0,0,1.0,0.0,0.0,0.0,0.0,0.0,0.0,0.0,0.0,0.0,0.0,0.0,0.0,0.0,0.0,0.0,0.0,0.0,10
8094,710123299,COUZENS,JAMES,S,MI,M,R,,voting,19300214,1872-08-26,1872,1930,58,0.0,9,0,0,0,0,0,0,0,0,0,0,0,1,0,0,0,0,0,0.9,0.0,0.0,0.0,0.0,0.0,0.0,0.0,0.0,0.0,0.0,0.0,0.1,0.0,0.0,0.0,0.0,0.0,10
7908,710123304,SHORTRIDGE,SAMUEL,S,CA,M,R,,voting,19300214,1861-08-03,1861,1930,69,4.165550986215167e-20,6,0,1,0,0,2,0,1,0,0,0,0,0,0,0,0,0,0,0.6,0.0,0.1,0.0,0.0,0.2,0.0,0.1,0.0,0.0,0.0,0.0,0.0,0.0,0.0,0.0,0.0,0.0,10
7922,710123311,WATSON,JAMES,S,IN,M,R,,voting,19300214,1864-11-02,1864,1930,66,2.7469624234846052e-05,9,0,0,0,0,0,0,0,0,0,1,0,0,0,0,0,0,0,0.9,0.0,0.0,0.0,0.0,0.0,0.0,0.0,0.0,0.0,0.1,0.0,0.0,0.0,0.0,0.0,0.0,0.0,10
8265,710123312,BLACK,HUGO,S,AL,M,D,,voting,19300214,1886-02-27,1886,1930,44,0.0001414025595975,14,0,0,0,2,0,0,1,0,0,3,0,0,0,0,0,0,0,0.7,0.0,0.0,0.0,0.1,0.0,0.0,0.05,0.0,0.0,0.15,0.0,0.0,0.0,0.0,0.0,0.0,0.0,20
8094,710123369,COUZENS,JAMES,S,MI,M,R,,voting,19300214,1872-08-26,1872,1930,58,0.0,10,0,0,0,0,0,0,0,0,0,0,0,0,0,0,0,0,0,1.0,0.0,0.0,0.0,0.0,0.0,0.0,0.0,0.0,0.0,0.0,0.0,0.0,0.0,0.0,0.0,0.0,0.0,10
8265,710123370,BLACK,HUGO,S,AL,M,D,,voting,19300214,1886-02-27,1886,1930,44,0.0,28,1,0,0,0,0,0,0,0,1,0,0,0,0,0,0,0,0,0.9333333333333333,0.03333333333333333,0.0,0.0,0.0,0.0,0.0,0.0,0.0,0.03333333333333333,0.0,0.0,0.0,0.0,0.0,0.0,0.0,0.0,30
8265,710123395,BLACK,HUGO,S,AL,M,D,,voting,19300214,1886-02-27,1886,1930,44,0.0,21,2,0,0,1,0,0,2,1,0,0,0,1,11,0,0,1,0,0.525,0.05,0.0,0.0,0.025,0.0,0.0,0.05,0.025,0.0,0.0,0.0,0.025,0.275,0.0,0.0,0.025,0.0,40
8265,710123397,BLACK,HUGO,S,AL,M,D,,voting,19300214,1886-02-27,1886,1930,44,0.0,37,0,0,0,0,1,0,2,0,0,0,0,0,0,0,0,0,0,0.925,0.0,0.0,0.0,0.0,0.025,0.0,0.05,0.0,0.0,0.0,0.0,0.0,0.0,0.0,0.0,0.0,0.0,40
8265,710123399,BLACK,HUGO,S,AL,M,D,,voting,19300214,1886-02-27,1886,1930,44,0.0,22,0,0,1,0,0,0,0,0,0,7,0,0,0,0,0,0,0,0.7333333333333333,0.0,0.0,0.03333333333333333,0.0,0.0,0.0,0.0,0.0,0.0,0.23333333333333334,0.0,0.0,0.0,0.0,0.0,0.0,0.0,30
7910,710123412,SMOOT,REED,S,UT,M,R,,voting,19300214,1862-01-10,1862,1930,68,0.4319033319413845,10,0,0,0,0,0,0,0,0,0,0,0,0,0,0,0,0,0,1.0,0.0,0.0,0.0,0.0,0.0,0.0,0.0,0.0,0.0,0.0,0.0,0.0,0.0,0.0,0.0,0.0,0.0,10
7910,710123414,SMOOT,REED,S,UT,M,R,,voting,19300214,1862-01-10,1862,1930,68,3.202026810234598e-09,9,0,0,0,1,0,0,0,0,0,0,0,0,0,0,0,0,0,0.9,0.0,0.0,0.0,0.1,0.0,0.0,0.0,0.0,0.0,0.0,0.0,0.0,0.0,0.0,0.0,0.0,0.0,10
7910,710123418,SMOOT,REED,S,UT,M,R,,voting,19300214,1862-01-10,1862,1930,68,0.0065965154527659,10,0,0,0,0,0,0,0,0,0,0,0,0,0,0,0,0,0,1.0,0.0,0.0,0.0,0.0,0.0,0.0,0.0,0.0,0.0,0.0,0.0,0.0,0.0,0.0,0.0,0.0,0.0,10
8265,710123424,BLACK,HUGO,S,AL,M,D,,voting,19300214,1886-02-27,1886,1930,44,1.268014632679535e-06,10,0,0,0,0,0,0,0,0,0,0,0,0,0,0,0,0,0,1.0,0.0,0.0,0.0,0.0,0.0,0.0,0.0,0.0,0.0,0.0,0.0,0.0,0.0,0.0,0.0,0.0,0.0,10
8265,710123438,BLACK,HUGO,S,AL,M,D,,voting,19300214,1886-02-27,1886,1930,44,8.061195897417239e-07,10,0,0,0,0,0,0,0,0,0,0,0,0,0,0,0,0,0,1.0,0.0,0.0,0.0,0.0,0.0,0.0,0.0,0.0,0.0,0.0,0.0,0.0,0.0,0.0,0.0,0.0,0.0,10
8265,710123440,BLACK,HUGO,S,AL,M,D,,voting,19300214,1886-02-27,1886,1930,44,0.0067359581270891,9,0,0,0,1,0,0,0,0,0,0,0,0,0,0,0,0,0,0.9,0.0,0.0,0.0,0.1,0.0,0.0,0.0,0.0,0.0,0.0,0.0,0.0,0.0,0.0,0.0,0.0,0.0,10
8265,710123442,BLACK,HUGO,S,AL,M,D,,voting,19300214,1886-02-27,1886,1930,44,0.05967185174463,0,0,0,0,0,0,0,0,0,10,0,0,0,0,0,0,0,0,0.0,0.0,0.0,0.0,0.0,0.0,0.0,0.0,0.0,1.0,0.0,0.0,0.0,0.0,0.0,0.0,0.0,0.0,10
7910,710123445,SMOOT,REED,S,UT,M,R,,voting,19300214,1862-01-10,1862,1930,68,8.638729751775064e-11,19,0,0,1,0,0,0,0,0,0,0,0,0,0,0,0,0,0,0.95,0.0,0.0,0.05,0.0,0.0,0.0,0.0,0.0,0.0,0.0,0.0,0.0,0.0,0.0,0.0,0.0,0.0,20
8265,710123448,BLACK,HUGO,S,AL,M,D,,voting,19300214,1886-02-27,1886,1930,44,3.597336395869849e-10,9,0,0,0,0,0,0,1,0,0,0,0,0,0,0,0,0,0,0.9,0.0,0.0,0.0,0.0,0.0,0.0,0.1,0.0,0.0,0.0,0.0,0.0,0.0,0.0,0.0,0.0,0.0,10
8265,710123450,BLACK,HUGO,S,AL,M,D,,voting,19300214,1886-02-27,1886,1930,44,8.892931152688074e-16,2,1,0,3,0,0,4,0,0,0,0,0,0,0,0,0,0,0,0.2,0.1,0.0,0.3,0.0,0.0,0.4,0.0,0.0,0.0,0.0,0.0,0.0,0.0,0.0,0.0,0.0,0.0,10
8265,710123454,BLACK,HUGO,S,AL,M,D,,voting,19300214,1886-02-27,1886,1930,44,0.0030130306397594,8,0,0,0,1,0,0,1,0,0,0,0,0,0,0,0,0,0,0.8,0.0,0.0,0.0,0.1,0.0,0.0,0.1,0.0,0.0,0.0,0.0,0.0,0.0,0.0,0.0,0.0,0.0,10
8265,710123456,BLACK,HUGO,S,AL,M,D,,voting,19300214,1886-02-27,1886,1930,44,8.753538176688439e-15,0,0,0,0,0,0,0,10,0,0,0,0,0,0,0,0,0,0,0.0,0.0,0.0,0.0,0.0,0.0,0.0,1.0,0.0,0.0,0.0,0.0,0.0,0.0,0.0,0.0,0.0,0.0,10
7908,710129232,SHORTRIDGE,SAMUEL,S,CA,M,R,,voting,19300220,1861-08-03,1861,1930,69,2.512783886363815e-17,10,0,0,0,0,0,0,0,0,0,0,0,0,0,0,0,0,0,1.0,0.0,0.0,0.0,0.0,0.0,0.0,0.0,0.0,0.0,0.0,0.0,0.0,0.0,0.0,0.0,0.0,0.0,10
9823,710142487,HAYDEN,CARL,S,AZ,M,D,,voting,19300306,1877-10-02,1877,1930,53,0.0,10,0,0,0,0,0,0,0,0,0,0,0,0,0,0,0,0,0,1.0,0.0,0.0,0.0,0.0,0.0,0.0,0.0,0.0,0.0,0.0,0.0,0.0,0.0,0.0,0.0,0.0,0.0,10
7908,710142599,SHORTRIDGE,SAMUEL,S,CA,M,R,,voting,19300306,1861-08-03,1861,1930,69,0.0,10,0,0,0,0,0,0,0,0,0,0,0,0,0,0,0,0,0,1.0,0.0,0.0,0.0,0.0,0.0,0.0,0.0,0.0,0.0,0.0,0.0,0.0,0.0,0.0,0.0,0.0,0.0,10
7908,710197407,SHORTRIDGE,SAMUEL,S,CA,M,R,,voting,19300519,1861-08-03,1861,1930,69,0.0,10,0,0,0,0,0,0,0,0,0,0,0,0,0,0,0,0,0,1.0,0.0,0.0,0.0,0.0,0.0,0.0,0.0,0.0,0.0,0.0,0.0,0.0,0.0,0.0,0.0,0.0,0.0,10
7908,710278319,SHORTRIDGE,SAMUEL,S,CA,M,R,,voting,19310127,1861-08-03,1861,1931,70,0.0,10,0,0,0,0,0,0,0,0,0,0,0,0,0,0,0,0,0,1.0,0.0,0.0,0.0,0.0,0.0,0.0,0.0,0.0,0.0,0.0,0.0,0.0,0.0,0.0,0.0,0.0,0.0,10
9016,740040608,LUCAS,SCOTT,H,IL,M,D,20.0,voting,19350320,1892-02-19,1892,1935,43,0.0,2,4,0,0,0,0,0,1,0,1,0,0,0,0,0,0,2,0,0.2,0.4,0.0,0.0,0.0,0.0,0.0,0.1,0.0,0.1,0.0,0.0,0.0,0.0,0.0,0.0,0.2,0.0,10
9679,740209478,REED,DANIEL,H,NY,M,R,43.0,voting,19360424,1875-09-15,1875,1936,61,0.0,0,2,0,0,1,0,7,0,0,0,0,0,0,0,0,0,0,0,0.0,0.2,0.0,0.0,0.1,0.0,0.7,0.0,0.0,0.0,0.0,0.0,0.0,0.0,0.0,0.0,0.0,0.0,10
9322,750220422,EATON,CHARLES,H,NJ,M,R,5.0,voting,19380512,1868-03-29,1868,1938,70,0.0,0,1,0,0,0,0,1,8,0,0,0,0,0,0,0,0,0,0,0.0,0.1,0.0,0.0,0.0,0.0,0.1,0.8,0.0,0.0,0.0,0.0,0.0,0.0,0.0,0.0,0.0,0.0,10
9234,770226363,GILLETTE,GUY,S,IA,M,D,,voting,19420923,1879-02-03,1879,1942,63,0.0,1,0,0,1,2,0,2,0,4,0,0,0,0,0,0,0,0,0,0.1,0.0,0.0,0.1,0.2,0.0,0.2,0.0,0.4,0.0,0.0,0.0,0.0,0.0,0.0,0.0,0.0,0.0,10
9808,780014599,DIRKSEN,EVERETT,H,IL,M,R,16.0,voting,19430224,1896-01-04,1896,1943,47,0.0,0,7,0,1,0,0,2,0,0,0,0,0,0,0,0,0,0,0,0.0,0.7,0.0,0.1,0.0,0.0,0.2,0.0,0.0,0.0,0.0,0.0,0.0,0.0,0.0,0.0,0.0,0.0,10
9354,780105401,MILLIKIN,EUGENE,S,CO,M,R,,voting,19431019,1891-02-12,1891,1943,52,0.0,0,0,0,0,0,0,10,0,0,0,0,0,0,0,0,0,0,0,0.0,0.0,0.0,0.0,0.0,0.0,1.0,0.0,0.0,0.0,0.0,0.0,0.0,0.0,0.0,0.0,0.0,0.0,10
9234,780160242,GILLETTE,GUY,S,IA,M,D,,voting,19440216,1879-02-03,1879,1944,65,0.0,0,2,0,0,0,0,7,1,0,0,0,0,0,0,0,0,0,0,0.0,0.2,0.0,0.0,0.0,0.0,0.7,0.1,0.0,0.0,0.0,0.0,0.0,0.0,0.0,0.0,0.0,0.0,10
9234,780160244,GILLETTE,GUY,S,IA,M,D,,voting,19440216,1879-02-03,1879,1944,65,0.0,1,5,0,0,1,0,0,3,0,0,0,0,0,0,0,0,0,0,0.1,0.5,0.0,0.0,0.1,0.0,0.0,0.3,0.0,0.0,0.0,0.0,0.0,0.0,0.0,0.0,0.0,0.0,10
9477,780168331,BRIDGES,HENRY,S,NH,M,R,,voting,19440309,1898-09-09,1898,1944,46,0.0,1,7,0,0,2,0,0,0,0,0,0,0,0,0,0,0,0,0,0.1,0.7,0.0,0.0,0.2,0.0,0.0,0.0,0.0,0.0,0.0,0.0,0.0,0.0,0.0,0.0,0.0,0.0,10
9518,780238998,PRIEST,JAMES,H,TN,M,D,6.0,voting,19440920,1900-04-01,1900,1944,44,0.0,2,3,0,2,1,0,1,0,1,0,0,0,0,0,0,0,0,0,0.2,0.3,0.0,0.2,0.1,0.0,0.1,0.0,0.1,0.0,0.0,0.0,0.0,0.0,0.0,0.0,0.0,0.0,10
9415,800138566,FLANDERS,RALPH,S,VT,M,R,,voting,19480224,1880-09-28,1880,1948,68,0.0,0,0,0,0,1,0,1,6,2,0,0,0,0,0,0,0,0,0,0.0,0.0,0.0,0.0,0.1,0.0,0.1,0.6,0.2,0.0,0.0,0.0,0.0,0.0,0.0,0.0,0.0,0.0,10
9354,800191024,MILLIKIN,EUGENE,S,CO,M,R,,voting,19480603,1891-02-12,1891,1948,57,0.0,0,4,0,0,1,0,5,0,0,0,0,0,0,0,0,0,0,0,0.0,0.4,0.0,0.0,0.1,0.0,0.5,0.0,0.0,0.0,0.0,0.0,0.0,0.0,0.0,0.0,0.0,0.0,10
10061,810015041,FULBRIGHT,JAMES,S,AR,M,D,,voting,19490305,1905-04-09,1905,1949,44,0.0,0,0,0,2,2,0,0,3,1,2,0,0,0,0,0,0,0,0,0.0,0.0,0.0,0.2,0.2,0.0,0.0,0.3,0.1,0.2,0.0,0.0,0.0,0.0,0.0,0.0,0.0,0.0,10
10345,810022698,JAVITS,JACOB,H,NY,M,R,21.0,voting,19490316,1904-05-18,1904,1949,45,0.0,0,0,1,0,6,0,3,0,0,0,0,0,0,0,0,0,0,0,0.0,0.0,0.1,0.0,0.6,0.0,0.3,0.0,0.0,0.0,0.0,0.0,0.0,0.0,0.0,0.0,0.0,0.0,10
9716,810036091,DOUGLAS,PAUL,S,IL,M,D,,voting,19490331,1892-03-26,1892,1949,57,0.0,0,4,0,0,0,0,3,2,1,0,0,0,0,0,0,0,0,0,0.0,0.4,0.0,0.0,0.0,0.0,0.3,0.2,0.1,0.0,0.0,0.0,0.0,0.0,0.0,0.0,0.0,0.0,10
9354,810039852,MILLIKIN,EUGENE,S,CO,M,R,,voting,19490405,1891-02-12,1891,1949,58,0.0002284033336114,0,2,0,0,0,0,6,1,0,1,0,0,0,0,0,0,0,0,0.0,0.2,0.0,0.0,0.0,0.0,0.6,0.1,0.0,0.1,0.0,0.0,0.0,0.0,0.0,0.0,0.0,0.0,10
9354,810039864,MILLIKIN,EUGENE,S,CO,M,R,,voting,19490405,1891-02-12,1891,1949,58,7.307419074207044e-11,0,1,0,1,1,1,6,0,0,0,0,0,0,0,0,0,0,0,0.0,0.1,0.0,0.1,0.1,0.1,0.6,0.0,0.0,0.0,0.0,0.0,0.0,0.0,0.0,0.0,0.0,0.0,10
9354,810131304,MILLIKIN,EUGENE,S,CO,M,R,,voting,19490907,1891-02-12,1891,1949,58,0.0,0,1,0,1,0,0,2,0,1,0,0,5,0,0,0,0,0,0,0.0,0.1,0.0,0.1,0.0,0.0,0.2,0.0,0.1,0.0,0.0,0.5,0.0,0.0,0.0,0.0,0.0,0.0,10
9234,810159618,GILLETTE,GUY,S,IA,M,D,,voting,19500105,1879-02-03,1879,1950,71,0.0,0,0,0,0,0,1,8,1,0,0,0,0,0,0,0,0,0,0,0.0,0.0,0.0,0.0,0.0,0.1,0.8,0.1,0.0,0.0,0.0,0.0,0.0,0.0,0.0,0.0,0.0,0.0,10
9242,810193784,HOBBS,SAMUEL,H,AL,M,D,4.0,voting,19500313,1887-10-05,1887,1950,63,2.5004807803964742e-14,10,0,0,0,0,0,0,0,0,0,0,0,0,0,0,0,0,0,1.0,0.0,0.0,0.0,0.0,0.0,0.0,0.0,0.0,0.0,0.0,0.0,0.0,0.0,0.0,0.0,0.0,0.0,10
9355,810333430,MITCHELL,HUGH,H,WA,M,D,1.0,voting,19500920,1907-03-22,1907,1950,43,0.0,1,0,7,0,1,0,1,0,0,0,0,0,0,0,0,0,0,0,0.1,0.0,0.7,0.0,0.1,0.0,0.1,0.0,0.0,0.0,0.0,0.0,0.0,0.0,0.0,0.0,0.0,0.0,10
9808,820124761,DIRKSEN,EVERETT,S,IL,M,R,,voting,19510906,1896-01-04,1896,1951,55,0.0,0,0,0,1,8,0,0,0,0,1,0,0,0,0,0,0,0,0,0.0,0.0,0.0,0.1,0.8,0.0,0.0,0.0,0.0,0.1,0.0,0.0,0.0,0.0,0.0,0.0,0.0,0.0,10
9716,830050626,DOUGLAS,PAUL,S,IL,M,D,,voting,19530525,1892-03-26,1892,1953,61,0.0,0,0,0,0,2,0,8,0,0,0,0,0,0,0,0,0,0,0,0.0,0.0,0.0,0.0,0.2,0.0,0.8,0.0,0.0,0.0,0.0,0.0,0.0,0.0,0.0,0.0,0.0,0.0,10
9992,840019587,ELLENDER,ALLEN,S,LA,M,D,,voting,19550318,1890-09-24,1890,1955,65,0.0,0,0,0,8,0,0,2,0,0,0,0,0,0,0,0,0,0,0,0.0,0.0,0.0,0.8,0.0,0.0,0.2,0.0,0.0,0.0,0.0,0.0,0.0,0.0,0.0,0.0,0.0,0.0,10
9547,840093491,COOPER,JERE,H,TN,M,D,8.0,voting,19550729,1893-07-20,1893,1955,62,8.925888099975619e-12,5,0,4,0,0,0,0,1,0,0,0,0,0,0,0,0,0,0,0.5,0.0,0.4,0.0,0.0,0.0,0.0,0.1,0.0,0.0,0.0,0.0,0.0,0.0,0.0,0.0,0.0,0.0,10
9547,840093493,COOPER,JERE,H,TN,M,D,8.0,voting,19550729,1893-07-20,1893,1955,62,0.0,72,1,1,1,0,1,2,1,0,0,0,0,0,0,0,1,0,0,0.9,0.0125,0.0125,0.0125,0.0,0.0125,0.025,0.0125,0.0,0.0,0.0,0.0,0.0,0.0,0.0,0.0125,0.0,0.0,80
9574,840093494,JENKINS,THOMAS,H,OH,M,R,10.0,voting,19550729,1880-10-28,1880,1955,75,2.181985640292579e-12,8,0,0,0,0,0,0,2,0,0,0,0,0,0,0,0,0,0,0.8,0.0,0.0,0.0,0.0,0.0,0.0,0.2,0.0,0.0,0.0,0.0,0.0,0.0,0.0,0.0,0.0,0.0,10
9808,840113961,DIRKSEN,EVERETT,S,IL,M,R,,voting,19560201,1896-01-04,1896,1956,60,0.0,0,3,0,0,0,2,4,0,0,1,0,0,0,0,0,0,0,0,0.0,0.3,0.0,0.0,0.0,0.2,0.4,0.0,0.0,0.1,0.0,0.0,0.0,0.0,0.0,0.0,0.0,0.0,10
9808,840137466,DIRKSEN,EVERETT,S,IL,M,R,,voting,19560313,1896-01-04,1896,1956,60,0.0,0,1,0,1,1,0,5,2,0,0,0,0,0,0,0,0,0,0,0.0,0.1,0.0,0.1,0.1,0.0,0.5,0.2,0.0,0.0,0.0,0.0,0.0,0.0,0.0,0.0,0.0,0.0,10
9923,840153403,HOLLAND,SPESSARD,S,FL,M,D,,voting,19560416,1892-07-10,1892,1956,64,0.0,1,1,0,0,0,1,15,0,0,1,0,0,0,0,0,0,1,0,0.05,0.05,0.0,0.0,0.0,0.05,0.75,0.0,0.0,0.05,0.0,0.0,0.0,0.0,0.0,0.0,0.05,0.0,20
9890,840195357,JOHNSON,LYNDON,S,TX,M,D,,voting,19560627,1908-08-27,1908,1956,48,0.0,7,0,0,0,0,0,0,0,0,0,3,0,0,0,0,0,0,0,0.7,0.0,0.0,0.0,0.0,0.0,0.0,0.0,0.0,0.0,0.3,0.0,0.0,0.0,0.0,0.0,0.0,0.0,10
10054,840211465,ERVIN,SAMUEL,S,NC,M,D,,voting,19560716,1896-09-27,1896,1956,60,0.0,4,0,5,0,0,0,0,1,0,0,0,0,0,0,0,0,0,0,0.4,0.0,0.5,0.0,0.0,0.0,0.0,0.1,0.0,0.0,0.0,0.0,0.0,0.0,0.0,0.0,0.0,0.0,10
11220,850147351,THURMOND,J.,S,SC,M,D,,voting,19580123,1902-12-05,1902,1958,56,0.0,0,10,0,0,0,0,0,0,0,0,0,0,0,0,0,0,0,0,0.0,1.0,0.0,0.0,0.0,0.0,0.0,0.0,0.0,0.0,0.0,0.0,0.0,0.0,0.0,0.0,0.0,0.0,10
9808,850173189,DIRKSEN,EVERETT,S,IL,M,R,,voting,19580313,1896-01-04,1896,1958,62,0.0,0,0,1,1,1,0,3,0,0,0,0,0,0,0,0,0,4,0,0.0,0.0,0.1,0.1,0.1,0.0,0.3,0.0,0.0,0.0,0.0,0.0,0.0,0.0,0.0,0.0,0.4,0.0,10
10358,850180548,MILLS,WILBUR,H,AR,M,D,2.0,voting,19580320,1909-05-24,1909,1958,49,0.0005672598423932,4,0,5,0,0,0,0,1,0,0,0,0,0,0,0,0,0,0,0.4,0.0,0.5,0.0,0.0,0.0,0.0,0.1,0.0,0.0,0.0,0.0,0.0,0.0,0.0,0.0,0.0,0.0,10
10358,850180552,MILLS,WILBUR,H,AR,M,D,2.0,voting,19580320,1909-05-24,1909,1958,49,0.0,48,4,0,4,1,1,0,2,0,0,0,0,0,0,0,0,0,10,0.6857142857142857,0.05714285714285714,0.0,0.05714285714285714,0.014285714285714285,0.014285714285714285,0.0,0.02857142857142857,0.0,0.0,0.0,0.0,0.0,0.0,0.0,0.0,0.0,0.14285714285714285,70
9679,850180555,REED,DANIEL,H,NY,M,R,43.0,voting,19580320,1875-09-15,1875,1958,83,0.0,24,2,1,1,1,0,0,1,0,0,0,0,0,0,0,0,0,0,0.8,0.06666666666666667,0.03333333333333333,0.03333333333333333,0.03333333333333333,0.0,0.0,0.03333333333333333,0.0,0.0,0.0,0.0,0.0,0.0,0.0,0.0,0.0,0.0,30
9625,850180556,BENTLEY,ALVIN,H,MI,M,R,8.0,voting,19580320,1918-08-30,1918,1958,40,0.0,42,4,0,1,2,0,0,0,0,1,10,0,0,0,0,0,0,0,0.7,0.06666666666666667,0.0,0.016666666666666666,0.03333333333333333,0.0,0.0,0.0,0.0,0.016666666666666666,0.16666666666666666,0.0,0.0,0.0,0.0,0.0,0.0,0.0,60
10692,850261740,PROXMIRE,WILLIAM,S,WI,M,D,,voting,19580731,1915-11-11,1915,1958,43,0.0,0,4,0,0,0,0,6,0,0,0,0,0,0,0,0,0,0,0,0.0,0.4,0.0,0.0,0.0,0.0,0.6,0.0,0.0,0.0,0.0,0.0,0.0,0.0,0.0,0.0,0.0,0.0,10
10384,850275577,TALMADGE,HERMAN,S,GA,M,D,,voting,19580814,1913-08-09,1913,1958,45,0.0,8,1,1,0,0,0,0,0,0,0,0,0,0,0,0,0,0,0,0.8,0.1,0.1,0.0,0.0,0.0,0.0,0.0,0.0,0.0,0.0,0.0,0.0,0.0,0.0,0.0,0.0,0.0,10
10384,850290918,TALMADGE,HERMAN,S,GA,M,D,,voting,19580823,1913-08-09,1913,1958,45,0.0,5,1,2,0,0,0,0,1,0,1,0,0,0,0,0,0,0,0,0.5,0.1,0.2,0.0,0.0,0.0,0.0,0.1,0.0,0.1,0.0,0.0,0.0,0.0,0.0,0.0,0.0,0.0,10
9808,860036741,DIRKSEN,EVERETT,S,IL,M,R,,voting,19590421,1896-01-04,1896,1959,63,0.0,0,0,0,1,0,1,8,0,0,0,0,0,0,0,0,0,0,0,0.0,0.0,0.0,0.1,0.0,0.1,0.8,0.0,0.0,0.0,0.0,0.0,0.0,0.0,0.0,0.0,0.0,0.0,10
10358,860134060,MILLS,WILBUR,H,AR,M,D,2.0,voting,19590904,1909-05-24,1909,1959,50,0.0,10,0,0,0,0,0,0,0,0,0,0,0,0,0,0,0,0,0,1.0,0.0,0.0,0.0,0.0,0.0,0.0,0.0,0.0,0.0,0.0,0.0,0.0,0.0,0.0,0.0,0.0,0.0,10
9808,860155890,DIRKSEN,EVERETT,S,IL,M,R,,voting,19600126,1896-01-04,1896,1960,64,0.0,1,0,0,2,0,0,6,0,0,1,0,0,0,0,0,0,0,0,0.1,0.0,0.0,0.2,0.0,0.0,0.6,0.0,0.0,0.1,0.0,0.0,0.0,0.0,0.0,0.0,0.0,0.0,10
10076,860157513,MCCORMACK,JOHN,H,MA,M,D,12.0,voting,19600128,1891-12-21,1891,1960,69,0.0,8,1,1,0,0,0,0,0,0,0,0,0,0,0,0,0,0,0,0.8,0.1,0.1,0.0,0.0,0.0,0.0,0.0,0.0,0.0,0.0,0.0,0.0,0.0,0.0,0.0,0.0,0.0,10
9651,860158856,FORAND,AIME,H,RI,M,D,1.0,voting,19600202,1895-05-23,1895,1960,65,0.0037903466122621,7,0,1,0,0,1,0,1,0,0,0,0,0,0,0,0,0,0,0.7,0.0,0.1,0.0,0.0,0.1,0.0,0.1,0.0,0.0,0.0,0.0,0.0,0.0,0.0,0.0,0.0,0.0,10
9651,860158861,FORAND,AIME,H,RI,M,D,1.0,voting,19600202,1895-05-23,1895,1960,65,0.0,24,2,0,1,1,0,0,0,0,2,0,0,0,0,0,0,0,0,0.8,0.06666666666666667,0.0,0.03333333333333333,0.03333333333333333,0.0,0.0,0.0,0.0,0.06666666666666667,0.0,0.0,0.0,0.0,0.0,0.0,0.0,0.0,30
9701,860158870,BAILEY,CLEVELAND,H,WV,M,D,3.0,voting,19600202,1886-07-15,1886,1960,74,2.498437863731474e-14,8,1,1,0,0,0,0,0,0,0,0,0,0,0,0,0,0,0,0.8,0.1,0.1,0.0,0.0,0.0,0.0,0.0,0.0,0.0,0.0,0.0,0.0,0.0,0.0,0.0,0.0,0.0,10
9651,860158873,FORAND,AIME,H,RI,M,D,1.0,voting,19600202,1895-05-23,1895,1960,65,0.0,19,0,0,0,0,0,0,1,0,0,0,0,0,0,0,0,0,0,0.95,0.0,0.0,0.0,0.0,0.0,0.0,0.05,0.0,0.0,0.0,0.0,0.0,0.0,0.0,0.0,0.0,0.0,20
9743,860158876,MASON,NOAH,H,IL,M,R,15.0,voting,19600202,1882-07-19,1882,1960,78,0.0,20,0,0,0,0,0,0,0,0,0,0,0,0,0,0,0,0,0,1.0,0.0,0.0,0.0,0.0,0.0,0.0,0.0,0.0,0.0,0.0,0.0,0.0,0.0,0.0,0.0,0.0,0.0,20
9865,860158877,ROBERTS,KENNETH,H,AL,M,D,4.0,voting,19600202,1912-11-01,1912,1960,48,0.0,18,0,2,1,0,0,0,0,0,10,0,0,0,9,0,0,0,0,0.45,0.0,0.05,0.025,0.0,0.0,0.0,0.0,0.0,0.25,0.0,0.0,0.0,0.225,0.0,0.0,0.0,0.0,40
9625,860158894,BENTLEY,ALVIN,H,MI,M,R,8.0,voting,19600202,1918-08-30,1918,1960,42,0.0,43,3,0,1,1,0,0,0,0,1,10,0,0,0,1,0,0,0,0.7166666666666667,0.05,0.0,0.016666666666666666,0.016666666666666666,0.0,0.0,0.0,0.0,0.016666666666666666,0.16666666666666666,0.0,0.0,0.0,0.016666666666666666,0.0,0.0,0.0,60
9625,860158898,BENTLEY,ALVIN,H,MI,M,R,8.0,voting,19600202,1918-08-30,1918,1960,42,0.0,10,1,0,1,0,0,1,5,0,1,0,0,1,0,0,0,0,0,0.5,0.05,0.0,0.05,0.0,0.0,0.05,0.25,0.0,0.05,0.0,0.0,0.05,0.0,0.0,0.0,0.0,0.0,20
10061,860274682,FULBRIGHT,JAMES,S,AR,M,D,,voting,19600810,1905-04-09,1905,1960,55,0.0,1,1,0,2,0,0,4,0,0,0,0,0,2,0,0,0,0,0,0.1,0.1,0.0,0.2,0.0,0.0,0.4,0.0,0.0,0.0,0.0,0.0,0.2,0.0,0.0,0.0,0.0,0.0,10
10023,860297171,SELDEN,ARMISTEAD,H,AL,M,D,6.0,voting,19600831,1921-02-20,1921,1960,39,0.0,0,0,1,1,2,0,0,0,6,0,0,0,0,0,0,0,0,0,0.0,0.0,0.1,0.1,0.2,0.0,0.0,0.0,0.6,0.0,0.0,0.0,0.0,0.0,0.0,0.0,0.0,0.0,10
10119,860299341,BYRNES,JOHN,H,WI,M,R,8.0,voting,19600901,1913-06-12,1913,1960,47,0.0,9,0,0,0,1,0,0,0,0,0,0,0,0,0,0,0,0,0,0.9,0.0,0.0,0.0,0.1,0.0,0.0,0.0,0.0,0.0,0.0,0.0,0.0,0.0,0.0,0.0,0.0,0.0,10
9808,870070851,DIRKSEN,EVERETT,S,IL,M,R,,voting,19610621,1896-01-04,1896,1961,65,0.0,0,0,0,0,1,0,9,0,0,0,0,0,0,0,0,0,0,0,0.0,0.0,0.0,0.0,0.1,0.0,0.9,0.0,0.0,0.0,0.0,0.0,0.0,0.0,0.0,0.0,0.0,0.0,10
10676,870147467,JACKSON,HENRY,S,WA,M,D,,voting,19620111,1912-05-31,1912,1962,50,0.0,1,4,0,1,1,0,0,3,0,0,0,0,0,0,0,0,0,0,0.1,0.4,0.0,0.1,0.1,0.0,0.0,0.3,0.0,0.0,0.0,0.0,0.0,0.0,0.0,0.0,0.0,0.0,10
10345,870155922,JAVITS,JACOB,S,NY,M,R,,voting,19620205,1904-05-18,1904,1962,58,0.0,2,4,0,0,0,0,3,1,0,0,0,0,0,0,0,0,0,0,0.2,0.4,0.0,0.0,0.0,0.0,0.3,0.1,0.0,0.0,0.0,0.0,0.0,0.0,0.0,0.0,0.0,0.0,10
9808,870159871,DIRKSEN,EVERETT,S,IL,M,R,,voting,19620219,1896-01-04,1896,1962,66,0.0,0,6,0,2,1,0,1,0,0,0,0,0,0,0,0,0,0,0,0.0,0.6,0.0,0.2,0.1,0.0,0.1,0.0,0.0,0.0,0.0,0.0,0.0,0.0,0.0,0.0,0.0,0.0,10
10306,870190982,ALBERT,CARL,H,OK,M,D,3.0,voting,19620504,1908-05-10,1908,1962,54,1.4553813688780083e-08,7,1,0,0,0,1,0,1,0,0,0,0,0,0,0,0,0,0,0.7,0.1,0.0,0.0,0.0,0.1,0.0,0.1,0.0,0.0,0.0,0.0,0.0,0.0,0.0,0.0,0.0,0.0,10
10358,870192272,MILLS,WILBUR,H,AR,M,D,2.0,voting,19620509,1909-05-24,1909,1962,53,4.622330708911861e-07,7,0,1,0,0,0,0,0,0,2,0,0,0,0,0,0,0,0,0.7,0.0,0.1,0.0,0.0,0.0,0.0,0.0,0.0,0.2,0.0,0.0,0.0,0.0,0.0,0.0,0.0,0.0,10
10358,870192276,MILLS,WILBUR,H,AR,M,D,2.0,voting,19620509,1909-05-24,1909,1962,53,0.0,83,4,2,3,2,0,2,1,2,0,0,0,0,0,0,1,0,0,0.83,0.04,0.02,0.03,0.02,0.0,0.02,0.01,0.02,0.0,0.0,0.0,0.0,0.0,0.0,0.01,0.0,0.0,100
9743,870192277,MASON,NOAH,H,IL,M,R,15.0,voting,19620509,1882-07-19,1882,1962,80,0.0,28,0,0,1,0,0,0,0,0,1,0,0,0,0,0,0,0,0,0.9333333333333333,0.0,0.0,0.03333333333333333,0.0,0.0,0.0,0.0,0.0,0.03333333333333333,0.0,0.0,0.0,0.0,0.0,0.0,0.0,0.0,30
10240,870192278,HARVEY,JAMES,H,MI,M,R,8.0,voting,19620509,1922-07-04,1922,1962,40,0.0,57,1,0,0,0,0,0,2,0,0,0,0,0,0,0,0,0,0,0.95,0.016666666666666666,0.0,0.0,0.0,0.0,0.0,0.03333333333333333,0.0,0.0,0.0,0.0,0.0,0.0,0.0,0.0,0.0,0.0,60
10112,870220650,BETTS,JACKSON,H,OH,M,R,8.0,voting,19620628,1904-05-26,1904,1962,58,0.0,9,0,0,0,0,0,0,0,0,0,1,0,0,0,0,0,0,0,0.9,0.0,0.0,0.0,0.0,0.0,0.0,0.0,0.0,0.0,0.1,0.0,0.0,0.0,0.0,0.0,0.0,0.0,10
9537,870281641,BUSH,PRESCOTT,S,CT,M,R,,voting,19620918,1895-05-15,1895,1962,67,0.0,9,0,0,0,0,0,0,0,0,0,1,0,0,0,0,0,0,0,0.9,0.0,0.0,0.0,0.0,0.0,0.0,0.0,0.0,0.0,0.1,0.0,0.0,0.0,0.0,0.0,0.0,0.0,10
9984,880014043,ALLOTT,GORDON,S,CO,M,R,,voting,19630228,1907-01-02,1907,1963,56,0.0,0,1,1,1,1,0,0,0,4,1,0,0,0,0,0,0,1,0,0.0,0.1,0.1,0.1,0.1,0.0,0.0,0.0,0.4,0.1,0.0,0.0,0.0,0.0,0.0,0.0,0.1,0.0,10
10153,880041244,KYL,JOHN,H,IA,M,R,4.0,voting,19630508,1919-05-09,1919,1963,44,0.0,1,2,0,1,1,0,4,0,1,0,0,0,0,0,0,0,0,0,0.1,0.2,0.0,0.1,0.1,0.0,0.4,0.0,0.1,0.0,0.0,0.0,0.0,0.0,0.0,0.0,0.0,0.0,10
9941,880113203,MCDOWELL,HARRIS,H,DE,M,D,0.0,voting,19631106,1906-02-10,1906,1963,57,0.0,0,2,1,1,0,0,0,0,1,0,0,5,0,0,0,0,0,0,0.0,0.2,0.1,0.1,0.0,0.0,0.0,0.0,0.1,0.0,0.0,0.5,0.0,0.0,0.0,0.0,0.0,0.0,10
10061,880121729,FULBRIGHT,JAMES,S,AR,M,D,,voting,19631120,1905-04-09,1905,1963,58,0.0,0,0,0,0,1,0,9,0,0,0,0,0,0,0,0,0,0,0,0.0,0.0,0.0,0.0,0.1,0.0,0.9,0.0,0.0,0.0,0.0,0.0,0.0,0.0,0.0,0.0,0.0,0.0,10
10425,880132053,HUMPHREY,HUBERT,S,MN,M,D,,voting,19631211,1911-05-27,1911,1963,52,0.0,0,0,1,0,0,1,0,1,1,0,0,5,1,0,0,0,0,0,0.0,0.0,0.1,0.0,0.0,0.1,0.0,0.1,0.1,0.0,0.0,0.5,0.1,0.0,0.0,0.0,0.0,0.0,10
9663,880171660,KEATING,KENNETH,S,NY,M,R,,voting,19640302,1900-05-18,1900,1964,64,0.0,0,0,0,0,0,0,10,0,0,0,0,0,0,0,0,0,0,0,0.0,0.0,0.0,0.0,0.0,0.0,1.0,0.0,0.0,0.0,0.0,0.0,0.0,0.0,0.0,0.0,0.0,0.0,10
10061,880211812,FULBRIGHT,JAMES,S,AR,M,D,,voting,19640429,1905-04-09,1905,1964,59,0.0,1,0,0,0,1,0,7,0,1,0,0,0,0,0,0,0,0,0,0.1,0.0,0.0,0.0,0.1,0.0,0.7,0.0,0.1,0.0,0.0,0.0,0.0,0.0,0.0,0.0,0.0,0.0,10
10358,880227696,MILLS,WILBUR,H,AR,M,D,2.0,voting,19640527,1909-05-24,1909,1964,55,0.0,59,1,0,0,0,0,0,0,0,0,0,0,0,0,0,0,0,0,0.9833333333333333,0.016666666666666666,0.0,0.0,0.0,0.0,0.0,0.0,0.0,0.0,0.0,0.0,0.0,0.0,0.0,0.0,0.0,0.0,60
10119,880227697,BYRNES,JOHN,H,WI,M,R,8.0,voting,19640527,1913-06-12,1913,1964,51,0.0,19,0,0,0,1,0,0,0,0,0,0,0,0,0,0,0,0,0,0.95,0.0,0.0,0.0,0.05,0.0,0.0,0.0,0.0,0.0,0.0,0.0,0.0,0.0,0.0,0.0,0.0,0.0,20
10962,880253853,PELL,CLAIBORNE,S,RI,M,D,,voting,19640709,1918-11-22,1918,1964,46,0.0,1,0,0,1,4,0,4,0,0,0,0,0,0,0,0,0,0,0,0.1,0.0,0.0,0.1,0.4,0.0,0.4,0.0,0.0,0.0,0.0,0.0,0.0,0.0,0.0,0.0,0.0,0.0,10
10345,880256021,JAVITS,JACOB,S,NY,M,R,,voting,19640722,1904-05-18,1904,1964,60,0.0,0,7,0,0,1,0,0,1,1,0,0,0,0,0,0,0,0,0,0.0,0.7,0.0,0.0,0.1,0.0,0.0,0.1,0.1,0.0,0.0,0.0,0.0,0.0,0.0,0.0,0.0,0.0,10
10145,880288151,HART,PHILIP,S,MI,M,D,,voting,19640909,1912-12-10,1912,1964,52,0.0,0,7,0,0,0,0,3,0,0,0,0,0,0,0,0,0,0,0,0.0,0.7,0.0,0.0,0.0,0.0,0.3,0.0,0.0,0.0,0.0,0.0,0.0,0.0,0.0,0.0,0.0,0.0,10
10425,880289193,HUMPHREY,HUBERT,S,MN,M,D,,voting,19640910,1911-05-27,1911,1964,53,0.0,0,0,0,0,0,0,0,0,10,0,0,0,0,0,0,0,0,0,0.0,0.0,0.0,0.0,0.0,0.0,0.0,0.0,1.0,0.0,0.0,0.0,0.0,0.0,0.0,0.0,0.0,0.0,10
9955,890059272,ROOSEVELT,JAMES,H,CA,M,D,26.0,voting,19650527,1907-12-23,1907,1965,58,0.0,1,4,0,1,2,0,0,2,0,0,0,0,0,0,0,0,0,0,0.1,0.4,0.0,0.1,0.2,0.0,0.0,0.2,0.0,0.0,0.0,0.0,0.0,0.0,0.0,0.0,0.0,0.0,10
10268,890141690,NELSEN,ANCHER,H,MN,M,R,2.0,voting,19650924,1904-10-11,1904,1965,61,0.0,0,0,0,1,5,0,4,0,0,0,0,0,0,0,0,0,0,0,0.0,0.0,0.0,0.1,0.5,0.0,0.4,0.0,0.0,0.0,0.0,0.0,0.0,0.0,0.0,0.0,0.0,0.0,10
10358,890205537,MILLS,WILBUR,H,AR,M,D,2.0,voting,19660502,1909-05-24,1909,1966,57,0.0,67,1,0,1,4,2,1,0,0,4,0,0,0,0,0,0,0,0,0.8375,0.0125,0.0,0.0125,0.05,0.025,0.0125,0.0,0.0,0.05,0.0,0.0,0.0,0.0,0.0,0.0,0.0,0.0,80
10408,890212155,CLAWSON,DELWIN,H,CA,M,R,23.0,voting,19660517,1914-01-11,1914,1966,52,0.0,1,0,0,0,2,0,0,0,0,0,0,7,0,0,0,0,0,0,0.1,0.0,0.0,0.0,0.2,0.0,0.0,0.0,0.0,0.0,0.0,0.7,0.0,0.0,0.0,0.0,0.0,0.0,10
10171,890253565,PASTORE,JOHN,S,RI,M,D,,voting,19660805,1907-03-17,1907,1966,59,0.0,1,0,0,1,0,1,3,0,0,0,0,0,0,4,0,0,0,0,0.1,0.0,0.0,0.1,0.0,0.1,0.3,0.0,0.0,0.0,0.0,0.0,0.0,0.4,0.0,0.0,0.0,0.0,10
10138,890266027,GALLAGHER,CORNELIUS,H,NJ,M,D,13.0,voting,19660818,1921-03-02,1921,1966,45,0.0,0,0,0,2,0,0,8,0,0,0,0,0,0,0,0,0,0,0,0.0,0.0,0.0,0.2,0.0,0.0,0.8,0.0,0.0,0.0,0.0,0.0,0.0,0.0,0.0,0.0,0.0,0.0,10
10446,890276711,PIKE,OTIS,H,NY,M,D,1.0,voting,19660906,1921-08-31,1921,1966,45,0.0,0,1,0,0,1,0,6,0,1,0,0,1,0,0,0,0,0,0,0.0,0.1,0.0,0.0,0.1,0.0,0.6,0.0,0.1,0.0,0.0,0.1,0.0,0.0,0.0,0.0,0.0,0.0,10
10138,900013184,GALLAGHER,CORNELIUS,H,NJ,M,D,13.0,voting,19670215,1921-03-02,1921,1967,46,0.0,2,0,0,0,0,0,0,0,0,0,0,8,0,0,0,0,0,0,0.2,0.0,0.0,0.0,0.0,0.0,0.0,0.0,0.0,0.0,0.0,0.8,0.0,0.0,0.0,0.0,0.0,0.0,10
9808,900017063,DIRKSEN,EVERETT,S,IL,M,R,,voting,19670223,1896-01-04,1896,1967,71,0.0,0,0,0,0,3,0,7,0,0,0,0,0,0,0,0,0,0,0,0.0,0.0,0.0,0.0,0.3,0.0,0.7,0.0,0.0,0.0,0.0,0.0,0.0,0.0,0.0,0.0,0.0,0.0,10
9842,900125576,LAUSCHE,FRANK,S,OH,M,D,,voting,19670920,1895-11-14,1895,1967,72,0.0,0,2,0,1,6,0,1,0,0,0,0,0,0,0,0,0,0,0,0.0,0.2,0.0,0.1,0.6,0.0,0.1,0.0,0.0,0.0,0.0,0.0,0.0,0.0,0.0,0.0,0.0,0.0,10
9842,900127268,LAUSCHE,FRANK,S,OH,M,D,,voting,19670922,1895-11-14,1895,1967,72,0.0,0,2,0,0,7,0,1,0,0,0,0,0,0,0,0,0,0,0,0.0,0.2,0.0,0.0,0.7,0.0,0.1,0.0,0.0,0.0,0.0,0.0,0.0,0.0,0.0,0.0,0.0,0.0,10
10131,900139825,DWYER,FLORENCE,H,NJ,F,R,12.0,voting,19671010,1902-07-04,1902,1967,65,0.0,0,1,0,2,1,1,5,0,0,0,0,0,0,0,0,0,0,0,0.0,0.1,0.0,0.2,0.1,0.1,0.5,0.0,0.0,0.0,0.0,0.0,0.0,0.0,0.0,0.0,0.0,0.0,10
9808,900212862,DIRKSEN,EVERETT,S,IL,M,R,,voting,19680314,1896-01-04,1896,1968,72,0.0,0,1,1,0,1,0,7,0,0,0,0,0,0,0,0,0,0,0,0.0,0.1,0.1,0.0,0.1,0.0,0.7,0.0,0.0,0.0,0.0,0.0,0.0,0.0,0.0,0.0,0.0,0.0,10
10962,900267228,PELL,CLAIBORNE,S,RI,M,D,,voting,19680621,1918-11-22,1918,1968,50,0.0,0,6,0,3,0,1,0,0,0,0,0,0,0,0,0,0,0,0,0.0,0.6,0.0,0.3,0.0,0.1,0.0,0.0,0.0,0.0,0.0,0.0,0.0,0.0,0.0,0.0,0.0,0.0,10
10553,900298221,WOLFF,LESTER,H,NY,M,D,3.0,voting,19680726,1919-01-04,1919,1968,49,0.0,0,0,0,0,0,0,10,0,0,0,0,0,0,0,0,0,0,0,0.0,0.0,0.0,0.0,0.0,0.0,1.0,0.0,0.0,0.0,0.0,0.0,0.0,0.0,0.0,0.0,0.0,0.0,10
11253,900319778,HOLLINGS,ERNEST,S,SC,M,D,,voting,19680925,1922-01-01,1922,1968,46,0.0,0,1,0,0,4,0,1,0,2,1,0,1,0,0,0,0,0,0,0.0,0.1,0.0,0.0,0.4,0.0,0.1,0.0,0.2,0.1,0.0,0.1,0.0,0.0,0.0,0.0,0.0,0.0,10
10567,910020886,BINGHAM,JONATHAN,H,NY,M,D,23.0,voting,19690326,1914-04-24,1914,1969,55,0.0,0,0,7,1,1,0,1,0,0,0,0,0,0,0,0,0,0,0,0.0,0.0,0.7,0.1,0.1,0.0,0.1,0.0,0.0,0.0,0.0,0.0,0.0,0.0,0.0,0.0,0.0,0.0,10
10591,910070897,EAGLETON,THOMAS,S,MO,M,D,,voting,19690808,1929-09-04,1929,1969,40,0.0,0,7,0,0,1,0,1,0,1,0,0,0,0,0,0,0,0,0,0.0,0.7,0.0,0.0,0.1,0.0,0.1,0.0,0.1,0.0,0.0,0.0,0.0,0.0,0.0,0.0,0.0,0.0,10
10591,910071182,EAGLETON,THOMAS,S,MO,M,D,,voting,19690808,1929-09-04,1929,1969,40,0.0,0,1,0,5,0,0,4,0,0,0,0,0,0,0,0,0,0,0,0.0,0.1,0.0,0.5,0.0,0.0,0.4,0.0,0.0,0.0,0.0,0.0,0.0,0.0,0.0,0.0,0.0,0.0,10
9909,910115935,DODD,THOMAS,S,CT,M,D,,voting,19691117,1907-05-15,1907,1969,62,0.0,0,1,0,1,0,0,6,0,0,0,0,2,0,0,0,0,0,0,0.0,0.1,0.0,0.1,0.0,0.0,0.6,0.0,0.0,0.0,0.0,0.2,0.0,0.0,0.0,0.0,0.0,0.0,10
10205,910169778,CASE,CLIFFORD,S,NJ,M,R,,voting,19700226,1904-04-16,1904,1970,66,0.0,1,0,0,1,1,0,7,0,0,0,0,0,0,0,0,0,0,0,0.1,0.0,0.0,0.1,0.1,0.0,0.7,0.0,0.0,0.0,0.0,0.0,0.0,0.0,0.0,0.0,0.0,0.0,10
10306,910183153,ALBERT,CARL,H,OK,M,D,3.0,voting,19700319,1908-05-10,1908,1970,62,0.0,8,0,0,0,0,1,0,0,0,0,0,0,1,0,0,0,0,0,0.8,0.0,0.0,0.0,0.0,0.1,0.0,0.0,0.0,0.0,0.0,0.0,0.1,0.0,0.0,0.0,0.0,0.0,10
9980,910184634,WILLIAMS,JOHN,S,DE,M,R,,voting,19700324,1904-05-17,1904,1970,66,1.478704418548892e-07,10,0,0,0,0,0,0,0,0,0,0,0,0,0,0,0,0,0,1.0,0.0,0.0,0.0,0.0,0.0,0.0,0.0,0.0,0.0,0.0,0.0,0.0,0.0,0.0,0.0,0.0,0.0,10
10083,910185270,PHILBIN,PHILIP,H,MA,M,D,3.0,voting,19700324,1898-05-29,1898,1970,72,2.5104767777015206e-06,9,0,0,0,0,0,0,0,0,0,0,0,0,0,1,0,0,0,0.9,0.0,0.0,0.0,0.0,0.0,0.0,0.0,0.0,0.0,0.0,0.0,0.0,0.0,0.1,0.0,0.0,0.0,10
10083,910185272,PHILBIN,PHILIP,H,MA,M,D,3.0,voting,19700324,1898-05-29,1898,1970,72,0.0,16,1,0,0,1,0,0,0,0,0,0,0,0,0,2,0,0,0,0.8,0.05,0.0,0.0,0.05,0.0,0.0,0.0,0.0,0.0,0.0,0.0,0.0,0.0,0.1,0.0,0.0,0.0,20
10361,910198200,MOSHER,CHARLES,H,OH,M,R,13.0,voting,19700421,1906-05-07,1906,1970,64,0.0,1,9,0,0,0,0,0,0,0,0,0,0,0,0,0,0,0,0,0.1,0.9,0.0,0.0,0.0,0.0,0.0,0.0,0.0,0.0,0.0,0.0,0.0,0.0,0.0,0.0,0.0,0.0,10
10083,910211357,PHILBIN,PHILIP,H,MA,M,D,3.0,voting,19700520,1898-05-29,1898,1970,72,2.520027453201129e-08,10,0,0,0,0,0,0,0,0,0,0,0,0,0,0,0,0,0,1.0,0.0,0.0,0.0,0.0,0.0,0.0,0.0,0.0,0.0,0.0,0.0,0.0,0.0,0.0,0.0,0.0,0.0,10
10404,910234522,CANNON,HOWARD,S,NV,M,D,,voting,19700626,1912-01-26,1912,1970,58,0.0,9,0,0,0,0,1,0,0,0,0,0,0,0,0,0,0,0,0,0.9,0.0,0.0,0.0,0.0,0.1,0.0,0.0,0.0,0.0,0.0,0.0,0.0,0.0,0.0,0.0,0.0,0.0,10
10083,910235127,PHILBIN,PHILIP,H,MA,M,D,3.0,voting,19700629,1898-05-29,1898,1970,72,9.666743821946183e-07,10,0,0,0,0,0,0,0,0,0,0,0,0,0,0,0,0,0,1.0,0.0,0.0,0.0,0.0,0.0,0.0,0.0,0.0,0.0,0.0,0.0,0.0,0.0,0.0,0.0,0.0,0.0,10
10071,910245955,LOWENSTEIN,ALLARD,H,NY,M,D,5.0,voting,19700714,1929-01-16,1929,1970,41,0.0,0,0,0,1,0,0,9,0,0,0,0,0,0,0,0,0,0,0,0.0,0.0,0.0,0.1,0.0,0.0,0.9,0.0,0.0,0.0,0.0,0.0,0.0,0.0,0.0,0.0,0.0,0.0,10
9982,910276743,YOUNG,STEPHEN,S,OH,M,D,,voting,19700911,1889-05-04,1889,1970,81,0.0,1,0,0,0,1,0,8,0,0,0,0,0,0,0,0,0,0,0,0.1,0.0,0.0,0.0,0.1,0.0,0.8,0.0,0.0,0.0,0.0,0.0,0.0,0.0,0.0,0.0,0.0,0.0,10
10591,910308946,EAGLETON,THOMAS,S,MO,M,D,,voting,19701125,1929-09-04,1929,1970,41,0.0,0,0,0,1,0,0,9,0,0,0,0,0,0,0,0,0,0,0,0.0,0.0,0.0,0.1,0.0,0.0,0.9,0.0,0.0,0.0,0.0,0.0,0.0,0.0,0.0,0.0,0.0,0.0,10
10305,920032337,ABZUG,BELLA,H,NY,F,D,19.0,voting,19710429,1920-07-24,1920,1971,51,0.0,0,0,0,0,0,0,0,1,0,0,0,0,0,0,0,0,9,0,0.0,0.0,0.0,0.0,0.0,0.0,0.0,0.1,0.0,0.0,0.0,0.0,0.0,0.0,0.0,0.0,0.9,0.0,10
10307,920032656,ALLEN,JAMES,S,AL,M,D,,voting,19710429,1912-12-28,1912,1971,59,0.0,0,0,0,0,0,0,10,0,0,0,0,0,0,0,0,0,0,0,0.0,0.0,0.0,0.0,0.0,0.0,1.0,0.0,0.0,0.0,0.0,0.0,0.0,0.0,0.0,0.0,0.0,0.0,10
10345,920034921,JAVITS,JACOB,S,NY,M,R,,voting,19710505,1904-05-18,1904,1971,67,0.0,0,2,0,2,0,0,6,0,0,0,0,0,0,0,0,0,0,0,0.0,0.2,0.0,0.2,0.0,0.0,0.6,0.0,0.0,0.0,0.0,0.0,0.0,0.0,0.0,0.0,0.0,0.0,10
10471,920044175,WILLIAMS,HARRISON,S,NJ,M,D,,voting,19710521,1919-12-10,1919,1971,52,0.0,0,1,1,0,0,0,0,1,2,5,0,0,0,0,0,0,0,0,0.0,0.1,0.1,0.0,0.0,0.0,0.0,0.1,0.2,0.5,0.0,0.0,0.0,0.0,0.0,0.0,0.0,0.0,10
10188,920048328,TUNNEY,JOHN,S,CA,M,D,,voting,19710602,1934-06-26,1934,1971,37,0.0,1,3,0,1,0,0,0,0,1,4,0,0,0,0,0,0,0,0,0.1,0.3,0.0,0.1,0.0,0.0,0.0,0.0,0.1,0.4,0.0,0.0,0.0,0.0,0.0,0.0,0.0,0.0,10
10320,920113226,DANIELS,DOMINICK,H,NJ,M,D,14.0,voting,19711012,1908-10-18,1908,1971,63,0.0,0,3,0,4,1,0,1,0,1,0,0,0,0,0,0,0,0,0,0.0,0.3,0.0,0.4,0.1,0.0,0.1,0.0,0.1,0.0,0.0,0.0,0.0,0.0,0.0,0.0,0.0,0.0,10
11016,920127419,DOLE,ROBERT,S,KS,M,R,,voting,19711105,1923-07-22,1923,1971,48,0.0,0,1,1,3,1,0,0,0,1,3,0,0,0,0,0,0,0,0,0.0,0.1,0.1,0.3,0.1,0.0,0.0,0.0,0.1,0.3,0.0,0.0,0.0,0.0,0.0,0.0,0.0,0.0,10
10158,920156367,MANSFIELD,MICHAEL,S,MT,M,D,,voting,19711207,1903-03-16,1903,1971,68,0.0,1,0,0,1,1,0,7,0,0,0,0,0,0,0,0,0,0,0,0.1,0.0,0.0,0.1,0.1,0.0,0.7,0.0,0.0,0.0,0.0,0.0,0.0,0.0,0.0,0.0,0.0,0.0,10
10471,920178817,WILLIAMS,HARRISON,S,NJ,M,D,,voting,19720215,1919-12-10,1919,1972,53,0.0,0,1,3,0,4,0,2,0,0,0,0,0,0,0,0,0,0,0,0.0,0.1,0.3,0.0,0.4,0.0,0.2,0.0,0.0,0.0,0.0,0.0,0.0,0.0,0.0,0.0,0.0,0.0,10
10345,920183742,JAVITS,JACOB,S,NY,M,R,,voting,19720224,1904-05-18,1904,1972,68,0.0,0,0,0,0,0,0,0,0,0,0,0,0,10,0,0,0,0,0,0.0,0.0,0.0,0.0,0.0,0.0,0.0,0.0,0.0,0.0,0.0,0.0,1.0,0.0,0.0,0.0,0.0,0.0,10
10345,920185729,JAVITS,JACOB,S,NY,M,R,,voting,19720229,1904-05-18,1904,1972,68,0.0,1,0,0,1,0,0,7,0,0,1,0,0,0,0,0,0,0,0,0.1,0.0,0.0,0.1,0.0,0.0,0.7,0.0,0.0,0.1,0.0,0.0,0.0,0.0,0.0,0.0,0.0,0.0,10
10282,920200697,SCHERLE,WILLIAM,H,IA,M,R,7.0,voting,19720329,1923-03-14,1923,1972,49,0.0,0,1,0,1,3,0,5,0,0,0,0,0,0,0,0,0,0,0,0.0,0.1,0.0,0.1,0.3,0.0,0.5,0.0,0.0,0.0,0.0,0.0,0.0,0.0,0.0,0.0,0.0,0.0,10
10369,920200887,RIBICOFF,ABRAHAM,S,CT,M,D,,voting,19720329,1910-04-09,1910,1972,62,0.0,0,0,0,10,0,0,0,0,0,0,0,0,0,0,0,0,0,0,0.0,0.0,0.0,1.0,0.0,0.0,0.0,0.0,0.0,0.0,0.0,0.0,0.0,0.0,0.0,0.0,0.0,0.0,10
10591,920204906,EAGLETON,THOMAS,S,MO,M,D,,voting,19720412,1929-09-04,1929,1972,43,0.0,0,0,0,10,0,0,0,0,0,0,0,0,0,0,0,0,0,0,0.0,0.0,0.0,1.0,0.0,0.0,0.0,0.0,0.0,0.0,0.0,0.0,0.0,0.0,0.0,0.0,0.0,0.0,10
10591,920204910,EAGLETON,THOMAS,S,MO,M,D,,voting,19720412,1929-09-04,1929,1972,43,0.0,0,0,6,0,2,0,2,0,0,0,0,0,0,0,0,0,0,0,0.0,0.0,0.6,0.0,0.2,0.0,0.2,0.0,0.0,0.0,0.0,0.0,0.0,0.0,0.0,0.0,0.0,0.0,10
10369,930002509,RIBICOFF,ABRAHAM,S,CT,M,D,,voting,19730118,1910-04-09,1910,1973,63,0.0,0,0,0,10,0,0,0,0,0,0,0,0,0,0,0,0,0,0,0.0,0.0,0.0,1.0,0.0,0.0,0.0,0.0,0.0,0.0,0.0,0.0,0.0,0.0,0.0,0.0,0.0,0.0,10
10345,930025490,JAVITS,JACOB,S,NY,M,R,,voting,19730327,1904-05-18,1904,1973,69,0.0,0,0,0,1,1,0,1,0,0,1,1,1,0,0,0,0,4,0,0.0,0.0,0.0,0.1,0.1,0.0,0.1,0.0,0.0,0.1,0.1,0.1,0.0,0.0,0.0,0.0,0.4,0.0,10
10291,930048202,TIERNAN,ROBERT,H,RI,M,D,2.0,voting,19730521,1929-02-24,1929,1973,44,0.0,0,4,0,1,2,0,2,0,0,1,0,0,0,0,0,0,0,0,0.0,0.4,0.0,0.1,0.2,0.0,0.2,0.0,0.0,0.1,0.0,0.0,0.0,0.0,0.0,0.0,0.0,0.0,10
10591,930053571,EAGLETON,THOMAS,S,MO,M,D,,voting,19730531,1929-09-04,1929,1973,44,0.0,0,0,0,9,0,0,1,0,0,0,0,0,0,0,0,0,0,0,0.0,0.0,0.0,0.9,0.0,0.0,0.1,0.0,0.0,0.0,0.0,0.0,0.0,0.0,0.0,0.0,0.0,0.0,10
10669,930062747,FORSYTHE,EDWIN,H,NJ,M,R,6.0,voting,19730614,1916-01-17,1916,1973,57,0.0,0,0,0,0,8,0,2,0,0,0,0,0,0,0,0,0,0,0,0.0,0.0,0.0,0.0,0.8,0.0,0.2,0.0,0.0,0.0,0.0,0.0,0.0,0.0,0.0,0.0,0.0,0.0,10
10768,930076820,CRANSTON,ALAN,S,CA,M,D,,voting,19730629,1914-06-19,1914,1973,59,0.0,0,0,0,0,6,0,3,0,0,0,0,0,0,0,0,0,1,0,0.0,0.0,0.0,0.0,0.6,0.0,0.3,0.0,0.0,0.0,0.0,0.0,0.0,0.0,0.0,0.0,0.1,0.0,10
10192,930087647,ABOUREZK,JAMES,S,SD,M,D,,voting,19730718,1931-02-24,1931,1973,42,0.0,0,0,0,1,0,1,0,1,1,4,0,2,0,0,0,0,0,0,0.0,0.0,0.0,0.1,0.0,0.1,0.0,0.1,0.1,0.4,0.0,0.2,0.0,0.0,0.0,0.0,0.0,0.0,10
10093,930149479,SAXBE,WILLIAM,S,OH,M,R,,voting,19731128,1916-06-24,1916,1973,57,0.0,0,1,0,1,0,2,6,0,0,0,0,0,0,0,0,0,0,0,0.0,0.1,0.0,0.1,0.0,0.2,0.6,0.0,0.0,0.0,0.0,0.0,0.0,0.0,0.0,0.0,0.0,0.0,10
10838,930154927,MATSUNAGA,SPARK,H,HI,M,D,1.0,voting,19731203,1916-10-08,1916,1973,57,0.0,0,6,0,0,0,3,0,0,1,0,0,0,0,0,0,0,0,0,0.0,0.6,0.0,0.0,0.0,0.3,0.0,0.0,0.1,0.0,0.0,0.0,0.0,0.0,0.0,0.0,0.0,0.0,10
10591,930156387,EAGLETON,THOMAS,S,MO,M,D,,voting,19731204,1929-09-04,1929,1973,44,0.0,0,0,0,4,0,0,2,0,3,0,0,0,0,0,0,0,1,0,0.0,0.0,0.0,0.4,0.0,0.0,0.2,0.0,0.3,0.0,0.0,0.0,0.0,0.0,0.0,0.0,0.1,0.0,10
10245,930172772,HOSMER,CRAIG,H,CA,M,R,32.0,voting,19731219,1915-05-06,1915,1973,58,0.0,0,0,0,0,0,0,10,0,0,0,0,0,0,0,0,0,0,0,0.0,0.0,0.0,0.0,0.0,0.0,1.0,0.0,0.0,0.0,0.0,0.0,0.0,0.0,0.0,0.0,0.0,0.0,10
10345,930191621,JAVITS,JACOB,S,NY,M,R,,voting,19740228,1904-05-18,1904,1974,70,0.0,0,0,0,0,5,0,5,0,0,0,0,0,0,0,0,0,0,0,0.0,0.0,0.0,0.0,0.5,0.0,0.5,0.0,0.0,0.0,0.0,0.0,0.0,0.0,0.0,0.0,0.0,0.0,10
10235,930207914,HANNA,RICHARD,H,CA,M,D,34.0,voting,19740328,1914-06-09,1914,1974,60,0.0,1,0,0,1,2,4,0,0,0,2,0,0,0,0,0,0,0,0,0.1,0.0,0.0,0.1,0.2,0.4,0.0,0.0,0.0,0.2,0.0,0.0,0.0,0.0,0.0,0.0,0.0,0.0,10
10761,930270923,BIAGGI,MARIO,H,NY,M,D,10.0,voting,19740716,1917-10-26,1917,1974,57,0.0,0,2,0,0,0,1,6,1,0,0,0,0,0,0,0,0,0,0,0.0,0.2,0.0,0.0,0.0,0.1,0.6,0.1,0.0,0.0,0.0,0.0,0.0,0.0,0.0,0.0,0.0,0.0,10
10545,930272630,TOWER,JOHN,S,TX,M,R,,voting,19740717,1925-09-29,1925,1974,49,0.0,2,4,0,2,0,0,0,0,2,0,0,0,0,0,0,0,0,0,0.2,0.4,0.0,0.2,0.0,0.0,0.0,0.0,0.2,0.0,0.0,0.0,0.0,0.0,0.0,0.0,0.0,0.0,10
10195,930290528,BARTLETT,DEWEY,S,OK,M,R,,voting,19740820,1919-03-28,1919,1974,55,0.0,1,4,0,2,0,0,0,1,1,1,0,0,0,0,0,0,0,0,0.1,0.4,0.0,0.2,0.0,0.0,0.0,0.1,0.1,0.1,0.0,0.0,0.0,0.0,0.0,0.0,0.0,0.0,10
10166,930316374,MONTOYA,JOSEPH,S,NM,M,D,,voting,19741002,1915-09-24,1915,1974,59,0.0,0,4,1,2,2,0,1,0,0,0,0,0,0,0,0,0,0,0,0.0,0.4,0.1,0.2,0.2,0.0,0.1,0.0,0.0,0.0,0.0,0.0,0.0,0.0,0.0,0.0,0.0,0.0,10
10983,940015996,SOLARZ,STEPHEN,H,NY,M,D,13.0,voting,19750304,1940-09-12,1940,1975,35,0.0,1,0,0,2,0,2,4,0,1,0,0,0,0,0,0,0,0,0,0.1,0.0,0.0,0.2,0.0,0.2,0.4,0.0,0.1,0.0,0.0,0.0,0.0,0.0,0.0,0.0,0.0,0.0,10
11069,940036837,PICKLE,JAMES,H,TX,M,D,10.0,voting,19750409,1913-10-11,1913,1975,62,0.0,2,0,0,1,4,0,2,0,1,0,0,0,0,0,0,0,0,0,0.2,0.0,0.0,0.1,0.4,0.0,0.2,0.0,0.1,0.0,0.0,0.0,0.0,0.0,0.0,0.0,0.0,0.0,10
10432,940061629,LEGGETT,ROBERT,H,CA,M,D,4.0,voting,19750520,1926-07-26,1926,1975,49,0.0,1,3,0,0,1,3,1,0,0,0,0,0,1,0,0,0,0,0,0.1,0.3,0.0,0.0,0.1,0.3,0.1,0.0,0.0,0.0,0.0,0.0,0.1,0.0,0.0,0.0,0.0,0.0,10
10267,940065122,MONDALE,WALTER,S,MN,M,D,,voting,19750602,1928-01-05,1928,1975,47,0.0,0,6,0,1,1,0,1,0,0,1,0,0,0,0,0,0,0,0,0.0,0.6,0.0,0.1,0.1,0.0,0.1,0.0,0.0,0.1,0.0,0.0,0.0,0.0,0.0,0.0,0.0,0.0,10
10400,940067078,BURKE,YVONNE,H,CA,F,D,28.0,voting,19750604,1932-10-05,1932,1975,43,0.0,1,0,0,1,0,0,8,0,0,0,0,0,0,0,0,0,0,0,0.1,0.0,0.0,0.1,0.0,0.0,0.8,0.0,0.0,0.0,0.0,0.0,0.0,0.0,0.0,0.0,0.0,0.0,10
10517,940082036,MAGUIRE,GENE,H,NJ,M,D,7.0,voting,19750616,1939-03-11,1939,1975,36,0.0,0,0,0,0,0,0,0,0,0,0,0,0,0,10,0,0,0,0,0.0,0.0,0.0,0.0,0.0,0.0,0.0,0.0,0.0,0.0,0.0,0.0,0.0,1.0,0.0,0.0,0.0,0.0,10
10660,940092165,CONABLE,BARBER,H,NY,M,R,35.0,voting,19750624,1922-11-02,1922,1975,53,0.0,8,0,0,1,0,0,0,1,0,0,0,0,0,0,0,0,0,0,0.8,0.0,0.0,0.1,0.0,0.0,0.0,0.1,0.0,0.0,0.0,0.0,0.0,0.0,0.0,0.0,0.0,0.0,10
10169,940128748,MOSS,FRANK,S,UT,M,D,,voting,19750801,1911-09-23,1911,1975,64,0.0,1,0,0,5,4,2,7,0,1,0,0,0,0,0,0,0,0,0,0.05,0.0,0.0,0.25,0.2,0.1,0.35,0.0,0.05,0.0,0.0,0.0,0.0,0.0,0.0,0.0,0.0,0.0,20
10464,940169776,THONE,CHARLES,H,NE,M,R,1.0,voting,19751105,1924-01-04,1924,1975,51,0.0,0,0,0,1,0,0,9,0,0,0,0,0,0,0,0,0,0,0,0.0,0.0,0.0,0.1,0.0,0.0,0.9,0.0,0.0,0.0,0.0,0.0,0.0,0.0,0.0,0.0,0.0,0.0,10
10789,940173306,MCKINNEY,STEWART,H,CT,M,R,4.0,voting,19751110,1931-01-30,1931,1975,44,0.0,1,2,8,1,1,0,7,0,0,0,0,0,0,0,0,0,0,0,0.05,0.1,0.4,0.05,0.05,0.0,0.35,0.0,0.0,0.0,0.0,0.0,0.0,0.0,0.0,0.0,0.0,0.0,20
11024,940180802,FOLEY,THOMAS,H,WA,M,D,5.0,voting,19751119,1929-03-06,1929,1975,46,0.0,0,1,0,2,1,6,0,0,0,0,0,0,0,0,0,0,0,0,0.0,0.1,0.0,0.2,0.1,0.6,0.0,0.0,0.0,0.0,0.0,0.0,0.0,0.0,0.0,0.0,0.0,0.0,10
10181,940222930,SCOTT,HUGH,S,PA,M,R,,voting,19760219,1900-11-11,1900,1976,76,0.0,0,0,6,1,0,0,3,0,0,0,0,0,0,0,0,0,0,0,0.0,0.0,0.6,0.1,0.0,0.0,0.3,0.0,0.0,0.0,0.0,0.0,0.0,0.0,0.0,0.0,0.0,0.0,10
10145,940225261,HART,PHILIP,S,MI,M,D,,voting,19760226,1912-12-10,1912,1976,64,0.0,1,2,0,2,0,0,0,0,1,3,0,1,0,0,0,0,0,0,0.1,0.2,0.0,0.2,0.0,0.0,0.0,0.0,0.1,0.3,0.0,0.1,0.0,0.0,0.0,0.0,0.0,0.0,10
10767,940228123,CHAPPELL,WILLIAM,H,FL,M,D,4.0,voting,19760303,1922-02-03,1922,1976,54,0.0,1,5,1,0,0,1,0,1,1,0,0,0,0,0,0,0,0,0,0.1,0.5,0.1,0.0,0.0,0.1,0.0,0.1,0.1,0.0,0.0,0.0,0.0,0.0,0.0,0.0,0.0,0.0,10
10591,940229800,EAGLETON,THOMAS,S,MO,M,D,,voting,19760309,1929-09-04,1929,1976,47,0.0,0,2,0,4,1,0,1,0,2,0,0,0,0,0,0,0,0,0,0.0,0.2,0.0,0.4,0.1,0.0,0.1,0.0,0.2,0.0,0.0,0.0,0.0,0.0,0.0,0.0,0.0,0.0,10
11189,940242883,HELMS,JESSE,S,NC,M,R,,voting,19760330,1921-10-18,1921,1976,55,0.0,0,0,10,0,0,0,0,0,0,0,0,0,0,0,0,0,0,0,0.0,0.0,1.0,0.0,0.0,0.0,0.0,0.0,0.0,0.0,0.0,0.0,0.0,0.0,0.0,0.0,0.0,0.0,10
10334,940258535,HAYS,WAYNE,H,OH,M,D,18.0,voting,19760503,1911-05-13,1911,1976,65,0.0,0,0,0,7,0,1,2,0,0,0,0,0,0,0,0,0,0,0,0.0,0.0,0.0,0.7,0.0,0.1,0.2,0.0,0.0,0.0,0.0,0.0,0.0,0.0,0.0,0.0,0.0,0.0,10
10286,940262356,SPARKMAN,JOHN,S,AL,M,D,,voting,19760510,1899-12-20,1899,1976,77,0.0,0,3,0,1,0,0,6,0,0,0,0,0,0,0,0,0,0,0,0.0,0.3,0.0,0.1,0.0,0.0,0.6,0.0,0.0,0.0,0.0,0.0,0.0,0.0,0.0,0.0,0.0,0.0,10
10311,940271570,BELLMON,HENRY,S,OK,M,R,,voting,19760525,1921-09-03,1921,1976,55,0.0,0,0,0,0,7,0,3,0,0,0,0,0,0,0,0,0,0,0,0.0,0.0,0.0,0.0,0.7,0.0,0.3,0.0,0.0,0.0,0.0,0.0,0.0,0.0,0.0,0.0,0.0,0.0,10
10747,940365890,SEIBERLING,JOHN,H,OH,M,D,14.0,voting,19760922,1918-09-08,1918,1976,58,6.278798240106827e-16,0,4,0,4,0,0,2,0,0,0,0,0,0,0,0,0,0,0,0.0,0.4,0.0,0.4,0.0,0.0,0.2,0.0,0.0,0.0,0.0,0.0,0.0,0.0,0.0,0.0,0.0,0.0,10
10609,950011183,HAGEDORN,THOMAS,H,MN,M,R,2.0,voting,19770208,1943-11-27,1943,1977,34,0.0,1,1,0,0,1,0,7,0,0,0,0,0,0,0,0,0,0,0,0.1,0.1,0.0,0.0,0.1,0.0,0.7,0.0,0.0,0.0,0.0,0.0,0.0,0.0,0.0,0.0,0.0,0.0,10
10309,950061472,BAYH,BIRCH,S,IN,M,D,,voting,19770518,1928-01-22,1928,1977,49,0.0,0,0,0,6,1,1,1,0,0,0,0,1,0,0,0,0,0,0,0.0,0.0,0.0,0.6,0.1,0.1,0.1,0.0,0.0,0.0,0.0,0.1,0.0,0.0,0.0,0.0,0.0,0.0,10
10432,950072227,LEGGETT,ROBERT,H,CA,M,D,4.0,voting,19770601,1926-07-26,1926,1977,51,2.1557358835442987e-25,0,0,10,0,0,0,0,0,0,0,0,0,0,0,0,0,0,0,0.0,0.0,1.0,0.0,0.0,0.0,0.0,0.0,0.0,0.0,0.0,0.0,0.0,0.0,0.0,0.0,0.0,0.0,10
10495,950073795,DRINAN,ROBERT,H,MA,M,D,4.0,voting,19770603,1920-11-15,1920,1977,57,0.0,1,3,0,0,2,0,0,0,2,2,0,0,0,0,0,0,0,0,0.1,0.3,0.0,0.0,0.2,0.0,0.0,0.0,0.2,0.2,0.0,0.0,0.0,0.0,0.0,0.0,0.0,0.0,10
10362,950192621,NELSON,GAYLORD,S,WI,M,D,,voting,19771104,1916-06-04,1916,1977,61,0.0,0,1,0,0,1,0,4,0,0,0,0,1,0,0,0,0,3,0,0.0,0.1,0.0,0.0,0.1,0.0,0.4,0.0,0.0,0.0,0.0,0.1,0.0,0.0,0.0,0.0,0.3,0.0,10
10559,950202330,ASHBROOK,JOHN,H,OH,M,R,17.0,voting,19780124,1928-09-21,1928,1978,50,0.0,0,0,0,10,0,0,0,0,0,0,0,0,0,0,0,0,0,0,0.0,0.0,0.0,1.0,0.0,0.0,0.0,0.0,0.0,0.0,0.0,0.0,0.0,0.0,0.0,0.0,0.0,0.0,10
12018,950205475,LEAHY,PATRICK,S,VT,M,D,,voting,19780126,1940-03-31,1940,1978,38,0.0,1,1,1,0,0,0,0,1,6,0,0,0,0,0,0,0,0,0,0.1,0.1,0.1,0.0,0.0,0.0,0.0,0.1,0.6,0.0,0.0,0.0,0.0,0.0,0.0,0.0,0.0,0.0,10
10369,950257522,RIBICOFF,ABRAHAM,S,CT,M,D,,voting,19780427,1910-04-09,1910,1978,68,0.0,0,0,0,10,0,0,0,0,0,0,0,0,0,0,0,0,0,0,0.0,0.0,0.0,1.0,0.0,0.0,0.0,0.0,0.0,0.0,0.0,0.0,0.0,0.0,0.0,0.0,0.0,0.0,10
10637,950277449,REUSS,HENRY,H,WI,M,D,5.0,voting,19780601,1912-02-22,1912,1978,66,0.0,1,0,0,0,7,0,2,0,0,0,0,0,0,0,0,0,0,0,0.1,0.0,0.0,0.0,0.7,0.0,0.2,0.0,0.0,0.0,0.0,0.0,0.0,0.0,0.0,0.0,0.0,0.0,10
10372,950316253,SCHWEIKER,RICHARD,S,PA,M,R,,voting,19780727,1926-06-01,1926,1978,52,0.0,0,0,0,0,0,0,0,0,10,0,0,0,0,0,0,0,0,0,0.0,0.0,0.0,0.0,0.0,0.0,0.0,0.0,1.0,0.0,0.0,0.0,0.0,0.0,0.0,0.0,0.0,0.0,10
10768,950385072,CRANSTON,ALAN,S,CA,M,D,,voting,19781006,1914-06-19,1914,1978,64,0.0,0,7,0,0,0,0,2,0,0,0,0,1,0,0,0,0,0,0,0.0,0.7,0.0,0.0,0.0,0.0,0.2,0.0,0.0,0.0,0.0,0.1,0.0,0.0,0.0,0.0,0.0,0.0,10
10369,960014804,RIBICOFF,ABRAHAM,S,CT,M,D,,voting,19790315,1910-04-09,1910,1979,69,0.0,0,0,0,10,0,0,0,0,0,0,0,0,0,0,0,0,0,0,0.0,0.0,0.0,1.0,0.0,0.0,0.0,0.0,0.0,0.0,0.0,0.0,0.0,0.0,0.0,0.0,0.0,0.0,10
11535,960029679,BIDEN,JOSEPH,S,DE,M,D,,voting,19790425,1942-11-20,1942,1979,37,0.0,0,7,0,0,0,0,3,0,0,0,0,0,0,0,0,0,0,0,0.0,0.7,0.0,0.0,0.0,0.0,0.3,0.0,0.0,0.0,0.0,0.0,0.0,0.0,0.0,0.0,0.0,0.0,10
11357,960057051,CRANE,PHILIP,H,IL,M,R,12.0,voting,19790607,1930-11-03,1930,1979,49,0.0,0,0,0,0,0,0,0,0,7,1,0,1,0,0,0,0,1,0,0.0,0.0,0.0,0.0,0.0,0.0,0.0,0.0,0.7,0.1,0.0,0.1,0.0,0.0,0.0,0.0,0.1,0.0,10
10762,960068164,BOLAND,EDWARD,H,MA,M,D,2.0,voting,19790622,1911-10-01,1911,1979,68,0.0,0,0,0,8,0,0,1,1,0,0,0,0,0,0,0,0,0,0,0.0,0.0,0.0,0.8,0.0,0.0,0.1,0.1,0.0,0.0,0.0,0.0,0.0,0.0,0.0,0.0,0.0,0.0,10
10359,960072140,MORGAN,ROBERT,S,NC,M,D,,voting,19790627,1925-10-05,1925,1979,54,0.0,0,0,0,0,5,0,5,0,0,0,0,0,0,0,0,0,0,0,0.0,0.0,0.0,0.0,0.5,0.0,0.5,0.0,0.0,0.0,0.0,0.0,0.0,0.0,0.0,0.0,0.0,0.0,10
10610,960081878,HART,GARY,S,CO,M,D,,voting,19790716,1936-11-28,1936,1979,43,6.440629728598729e-13,0,3,0,3,0,1,3,0,0,0,0,0,0,0,0,0,0,0,0.0,0.3,0.0,0.3,0.0,0.1,0.3,0.0,0.0,0.0,0.0,0.0,0.0,0.0,0.0,0.0,0.0,0.0,10
10494,960128454,DIGGS,CHARLES,H,MI,M,D,13.0,voting,19791010,1922-12-02,1922,1979,57,0.0,0,6,0,1,0,0,2,0,0,0,0,1,0,0,0,0,0,0,0.0,0.6,0.0,0.1,0.0,0.0,0.2,0.0,0.0,0.0,0.0,0.1,0.0,0.0,0.0,0.0,0.0,0.0,10
10914,960134310,HATFIELD,MARK,S,OR,M,R,,voting,19791017,1922-07-12,1922,1979,57,0.0,0,1,0,5,1,1,1,0,0,0,0,1,0,0,0,0,0,0,0.0,0.1,0.0,0.5,0.1,0.1,0.1,0.0,0.0,0.0,0.0,0.1,0.0,0.0,0.0,0.0,0.0,0.0,10
11220,960202478,THURMOND,J.,S,SC,M,R,,voting,19800227,1902-12-05,1902,1980,78,0.0,1,1,0,5,0,0,1,1,1,0,0,0,0,0,0,0,0,0,0.1,0.1,0.0,0.5,0.0,0.0,0.1,0.1,0.1,0.0,0.0,0.0,0.0,0.0,0.0,0.0,0.0,0.0,10
10976,960204529,SCHULZE,RICHARD,H,PA,M,R,5.0,voting,19800228,1929-08-07,1929,1980,51,0.0,0,0,0,0,8,0,0,1,1,0,0,0,0,0,0,0,0,0,0.0,0.0,0.0,0.0,0.8,0.0,0.0,0.1,0.1,0.0,0.0,0.0,0.0,0.0,0.0,0.0,0.0,0.0,10
10735,960217289,LOEFFLER,THOMAS,H,TX,M,R,21.0,voting,19800401,1946-08-01,1946,1980,34,0.0,0,1,0,6,0,2,0,1,0,0,0,0,0,0,0,0,0,0,0.0,0.1,0.0,0.6,0.0,0.2,0.0,0.1,0.0,0.0,0.0,0.0,0.0,0.0,0.0,0.0,0.0,0.0,10
11640,960270333,INOUYE,DANIEL,S,HI,M,D,,voting,19800630,1924-09-07,1924,1980,56,0.0,0,3,0,4,1,1,0,1,0,0,0,0,0,0,0,0,0,0,0.0,0.3,0.0,0.4,0.1,0.1,0.0,0.1,0.0,0.0,0.0,0.0,0.0,0.0,0.0,0.0,0.0,0.0,10
11153,960307448,ROTH,WILLIAM,S,DE,M,R,,voting,19800915,1921-07-22,1921,1980,59,0.0,7,0,0,0,0,2,0,0,0,0,1,0,0,0,0,0,0,0,0.7,0.0,0.0,0.0,0.0,0.2,0.0,0.0,0.0,0.0,0.1,0.0,0.0,0.0,0.0,0.0,0.0,0.0,10
10739,960347753,MCCLURE,JAMES,S,ID,M,R,,voting,19801211,1924-12-27,1924,1980,56,0.0,0,0,0,0,2,0,8,0,0,0,0,0,0,0,0,0,0,0,0.0,0.0,0.0,0.0,0.2,0.0,0.8,0.0,0.0,0.0,0.0,0.0,0.0,0.0,0.0,0.0,0.0,0.0,10
11817,970043658,HATCH,ORRIN,S,UT,M,R,,voting,19810622,1934-03-22,1934,1981,47,0.0,0,0,2,1,3,0,4,0,0,0,0,0,0,0,0,0,0,0,0.0,0.0,0.2,0.1,0.3,0.0,0.4,0.0,0.0,0.0,0.0,0.0,0.0,0.0,0.0,0.0,0.0,0.0,10
11123,970072928,GORTON,T.,S,WA,M,R,,voting,19810803,1928-01-08,1928,1981,53,0.0,0,0,0,0,0,0,10,0,0,0,0,0,0,0,0,0,0,0,0.0,0.0,0.0,0.0,0.0,0.0,1.0,0.0,0.0,0.0,0.0,0.0,0.0,0.0,0.0,0.0,0.0,0.0,10
10649,970132747,WAMPLER,WILLIAM,H,VA,M,R,9.0,voting,19811216,1926-04-21,1926,1981,55,0.0,1,3,0,5,0,0,0,1,0,0,0,0,0,0,0,0,0,0,0.1,0.3,0.0,0.5,0.0,0.0,0.0,0.1,0.0,0.0,0.0,0.0,0.0,0.0,0.0,0.0,0.0,0.0,10
11008,970141842,BROOKS,JACK,H,TX,M,D,9.0,voting,19820225,1922-12-18,1922,1982,60,0.0,0,1,0,3,1,0,4,0,1,0,0,0,0,0,0,0,0,0,0.0,0.1,0.0,0.3,0.1,0.0,0.4,0.0,0.1,0.0,0.0,0.0,0.0,0.0,0.0,0.0,0.0,0.0,10
11312,970191432,LAFALCE,JOHN,H,NY,M,D,36.0,voting,19820622,1939-10-06,1939,1982,43,0.0,0,0,0,0,2,0,8,0,0,0,0,0,0,0,0,0,0,0,0.0,0.0,0.0,0.0,0.2,0.0,0.8,0.0,0.0,0.0,0.0,0.0,0.0,0.0,0.0,0.0,0.0,0.0,10
10865,970209586,WRIGHT,JAMES,H,TX,M,D,12.0,voting,19820728,1922-12-22,1922,1982,60,0.0,1,7,0,1,0,0,0,1,0,0,0,0,0,0,0,0,0,0,0.1,0.7,0.0,0.1,0.0,0.0,0.0,0.1,0.0,0.0,0.0,0.0,0.0,0.0,0.0,0.0,0.0,0.0,10
10852,970228843,SCHNEIDER,CLAUDINE,H,RI,F,R,2.0,voting,19820818,1947-03-25,1947,1982,35,0.0,12,2,0,1,1,3,1,0,0,0,0,0,0,0,0,0,0,0,0.6,0.1,0.0,0.05,0.05,0.15,0.05,0.0,0.0,0.0,0.0,0.0,0.0,0.0,0.0,0.0,0.0,0.0,20
11817,980001460,HATCH,ORRIN,S,UT,M,R,,voting,19830126,1934-03-22,1934,1983,49,0.0,0,0,0,0,1,0,9,0,0,0,0,0,0,0,0,0,0,0,0.0,0.0,0.0,0.0,0.1,0.0,0.9,0.0,0.0,0.0,0.0,0.0,0.0,0.0,0.0,0.0,0.0,0.0,10
11817,980001491,HATCH,ORRIN,S,UT,M,R,,voting,19830126,1934-03-22,1934,1983,49,0.0,0,1,0,5,2,0,0,1,1,0,0,0,0,0,0,0,0,0,0.0,0.1,0.0,0.5,0.2,0.0,0.0,0.1,0.1,0.0,0.0,0.0,0.0,0.0,0.0,0.0,0.0,0.0,10
11228,980008032,BATEMAN,HERBERT,H,VA,M,R,1.0,voting,19830302,1928-08-07,1928,1983,55,0.0,0,10,0,0,0,0,0,0,0,0,0,0,0,0,0,0,0,0,0.0,1.0,0.0,0.0,0.0,0.0,0.0,0.0,0.0,0.0,0.0,0.0,0.0,0.0,0.0,0.0,0.0,0.0,10
11431,980024107,LEACH,JAMES,H,IA,M,R,1.0,voting,19830411,1942-10-15,1942,1983,41,0.0,0,0,0,0,8,0,2,0,0,0,0,0,0,0,0,0,0,0,0.0,0.0,0.0,0.0,0.8,0.0,0.2,0.0,0.0,0.0,0.0,0.0,0.0,0.0,0.0,0.0,0.0,0.0,10
10897,980073852,DYMALLY,MERVYN,H,CA,M,D,31.0,voting,19830719,1926-05-12,1926,1983,57,0.0,0,0,0,0,6,0,4,0,0,0,0,0,0,0,0,0,0,0,0.0,0.0,0.0,0.0,0.6,0.0,0.4,0.0,0.0,0.0,0.0,0.0,0.0,0.0,0.0,0.0,0.0,0.0,10
10798,980118505,STRATTON,SAMUEL,H,NY,M,D,23.0,voting,19831025,1916-09-27,1916,1983,67,0.0,0,0,0,0,1,0,1,8,0,0,0,0,0,0,0,0,0,0,0.0,0.0,0.0,0.0,0.1,0.0,0.1,0.8,0.0,0.0,0.0,0.0,0.0,0.0,0.0,0.0,0.0,0.0,10
10798,980126349,STRATTON,SAMUEL,H,NY,M,D,23.0,voting,19831102,1916-09-27,1916,1983,67,0.0,1,3,0,0,0,0,1,0,2,0,0,1,1,1,0,0,0,0,0.1,0.3,0.0,0.0,0.0,0.0,0.1,0.0,0.2,0.0,0.0,0.1,0.1,0.1,0.0,0.0,0.0,0.0,10
10731,990000161,HUMPHREY,GORDON,S,NH,M,R,,voting,19850103,1940-10-09,1940,1985,45,0.0,0,0,0,0,1,0,0,9,0,0,0,0,0,0,0,0,0,0,0.0,0.0,0.0,0.0,0.1,0.0,0.0,0.9,0.0,0.0,0.0,0.0,0.0,0.0,0.0,0.0,0.0,0.0,10
10731,990000162,HUMPHREY,GORDON,S,NH,M,R,,voting,19850103,1940-10-09,1940,1985,45,0.0,1,0,0,0,0,0,0,9,0,0,0,0,0,0,0,0,0,0,0.1,0.0,0.0,0.0,0.0,0.0,0.0,0.9,0.0,0.0,0.0,0.0,0.0,0.0,0.0,0.0,0.0,0.0,10
11817,990000286,HATCH,ORRIN,S,UT,M,R,,voting,19850103,1934-03-22,1934,1985,51,0.0,0,1,0,5,2,0,0,1,1,0,0,0,0,0,0,0,0,0,0.0,0.1,0.0,0.5,0.2,0.0,0.0,0.1,0.1,0.0,0.0,0.0,0.0,0.0,0.0,0.0,0.0,0.0,10
10980,990027741,SIMPSON,ALAN,S,WY,M,R,,voting,19850501,1931-09-02,1931,1985,54,0.0,0,6,0,0,0,0,4,0,0,0,0,0,0,0,0,0,0,0,0.0,0.6,0.0,0.0,0.0,0.0,0.4,0.0,0.0,0.0,0.0,0.0,0.0,0.0,0.0,0.0,0.0,0.0,10
11727,990082436,LAUTENBERG,FRANK,S,NJ,M,D,,voting,19850913,1924-01-23,1924,1985,61,0.0,3,0,0,0,0,7,0,0,0,0,0,0,0,0,0,0,0,0,0.3,0.0,0.0,0.0,0.0,0.7,0.0,0.0,0.0,0.0,0.0,0.0,0.0,0.0,0.0,0.0,0.0,0.0,10
11494,990176037,KENNEDY,EDWARD,S,MA,M,D,,voting,19860416,1932-02-22,1932,1986,54,0.0,0,1,0,1,5,1,2,0,0,0,0,0,0,0,0,0,0,0,0.0,0.1,0.0,0.1,0.5,0.1,0.2,0.0,0.0,0.0,0.0,0.0,0.0,0.0,0.0,0.0,0.0,0.0,10
10956,990227192,NUNN,SAMUEL,S,GA,M,D,,voting,19860804,1938-09-08,1938,1986,48,0.0,0,0,0,0,1,0,9,0,0,0,0,0,0,0,0,0,0,0,0.0,0.0,0.0,0.0,0.1,0.0,0.9,0.0,0.0,0.0,0.0,0.0,0.0,0.0,0.0,0.0,0.0,0.0,10
10832,990250048,KASTENMEIER,ROBERT,H,WI,M,D,2.0,voting,19860916,1924-01-24,1924,1986,62,0.0,2,3,0,0,0,5,0,0,0,0,0,0,0,0,0,0,0,0,0.2,0.3,0.0,0.0,0.0,0.5,0.0,0.0,0.0,0.0,0.0,0.0,0.0,0.0,0.0,0.0,0.0,0.0,10
11008,990250052,BROOKS,JACK,H,TX,M,D,9.0,voting,19860916,1922-12-18,1922,1986,64,0.0,2,1,0,0,0,7,0,0,0,0,0,0,0,0,0,0,0,0,0.2,0.1,0.0,0.0,0.0,0.7,0.0,0.0,0.0,0.0,0.0,0.0,0.0,0.0,0.0,0.0,0.0,0.0,10
11537,990272053,BOUCHER,FREDERICK,H,VA,M,D,9.0,voting,19861007,1946-08-01,1946,1986,40,0.0,0,3,1,1,3,0,0,0,2,0,0,0,0,0,0,0,0,0,0.0,0.3,0.1,0.1,0.3,0.0,0.0,0.0,0.2,0.0,0.0,0.0,0.0,0.0,0.0,0.0,0.0,0.0,10
10832,990280034,KASTENMEIER,ROBERT,H,WI,M,D,2.0,voting,19861016,1924-01-24,1924,1986,62,0.0,1,3,0,0,0,4,1,1,0,0,0,0,0,0,0,0,0,0,0.1,0.3,0.0,0.0,0.0,0.4,0.1,0.1,0.0,0.0,0.0,0.0,0.0,0.0,0.0,0.0,0.0,0.0,10
11817,1000002696,HATCH,ORRIN,S,UT,M,R,,voting,19870120,1934-03-22,1934,1987,53,0.0,0,1,0,5,2,0,0,1,1,0,0,0,0,0,0,0,0,0,0.0,0.1,0.0,0.5,0.2,0.0,0.0,0.1,0.1,0.0,0.0,0.0,0.0,0.0,0.0,0.0,0.0,0.0,10
11727,1000008907,LAUTENBERG,FRANK,S,NJ,M,D,,voting,19870219,1924-01-23,1924,1987,63,0.0,2,1,0,0,0,7,0,0,0,0,0,0,0,0,0,0,0,0,0.2,0.1,0.0,0.0,0.0,0.7,0.0,0.0,0.0,0.0,0.0,0.0,0.0,0.0,0.0,0.0,0.0,0.0,10
11142,1000030303,MOORHEAD,CARLOS,H,CA,M,R,22.0,voting,19870428,1922-05-06,1922,1987,65,0.0,3,3,0,0,0,4,0,0,0,0,0,0,0,0,0,0,0,0,0.3,0.3,0.0,0.0,0.0,0.4,0.0,0.0,0.0,0.0,0.0,0.0,0.0,0.0,0.0,0.0,0.0,0.0,10
11142,1000030304,MOORHEAD,CARLOS,H,CA,M,R,22.0,voting,19870428,1922-05-06,1922,1987,65,0.0,7,1,0,0,0,12,0,0,0,0,0,0,0,0,0,0,0,0,0.35,0.05,0.0,0.0,0.0,0.6,0.0,0.0,0.0,0.0,0.0,0.0,0.0,0.0,0.0,0.0,0.0,0.0,20
11451,1000041993,SPECTER,ARLEN,S,PA,M,R,,voting,19870520,1930-02-12,1930,1987,57,0.0,0,0,0,0,0,0,10,0,0,0,0,0,0,0,0,0,0,0,0.0,0.0,0.0,0.0,0.0,0.0,1.0,0.0,0.0,0.0,0.0,0.0,0.0,0.0,0.0,0.0,0.0,0.0,10
11111,1000052434,DORNAN,ROBERT,H,CA,M,R,38.0,voting,19870611,1933-04-03,1933,1987,54,0.0,1,7,0,0,1,0,1,0,0,0,0,0,0,0,0,0,0,0,0.1,0.7,0.0,0.0,0.1,0.0,0.1,0.0,0.0,0.0,0.0,0.0,0.0,0.0,0.0,0.0,0.0,0.0,10
11735,1000070951,BAUCUS,MAX,S,MT,M,D,,voting,19870710,1941-12-11,1941,1987,46,0.0,0,0,0,8,0,0,2,0,0,0,0,0,0,0,0,0,0,0,0.0,0.0,0.0,0.8,0.0,0.0,0.2,0.0,0.0,0.0,0.0,0.0,0.0,0.0,0.0,0.0,0.0,0.0,10
11817,1000077142,HATCH,ORRIN,S,UT,M,R,,voting,19870721,1934-03-22,1934,1987,53,0.0,1,1,1,4,2,0,0,1,0,0,0,0,0,0,0,0,0,0,0.1,0.1,0.1,0.4,0.2,0.0,0.0,0.1,0.0,0.0,0.0,0.0,0.0,0.0,0.0,0.0,0.0,0.0,10
10858,1000131418,SMITH,VIRGINIA,H,NE,F,R,3.0,voting,19871120,1911-06-30,1911,1987,76,0.0,0,0,0,1,0,0,0,0,0,9,0,0,0,0,0,0,0,0,0.0,0.0,0.0,0.1,0.0,0.0,0.0,0.0,0.0,0.9,0.0,0.0,0.0,0.0,0.0,0.0,0.0,0.0,10
10916,1000139384,HEFLIN,HOWELL,S,AL,M,D,,voting,19871211,1921-06-19,1921,1987,66,0.0,7,1,0,0,0,1,0,1,0,0,0,0,0,0,0,0,0,0,0.7,0.1,0.0,0.0,0.0,0.1,0.0,0.1,0.0,0.0,0.0,0.0,0.0,0.0,0.0,0.0,0.0,0.0,10
10916,1000146785,HEFLIN,HOWELL,S,AL,M,D,,voting,19871221,1921-06-19,1921,1987,66,0.0,8,1,0,0,0,1,0,0,0,0,0,0,0,0,0,0,0,0,0.8,0.1,0.0,0.0,0.0,0.1,0.0,0.0,0.0,0.0,0.0,0.0,0.0,0.0,0.0,0.0,0.0,0.0,10
11102,1000154016,CHAFEE,JOHN,S,RI,M,R,,voting,19880223,1922-10-22,1922,1988,66,0.0,1,1,0,2,1,0,3,0,2,0,0,0,0,0,0,0,0,0,0.1,0.1,0.0,0.2,0.1,0.0,0.3,0.0,0.2,0.0,0.0,0.0,0.0,0.0,0.0,0.0,0.0,0.0,10
11153,1000163328,ROTH,WILLIAM,S,DE,M,R,,voting,19880317,1921-07-22,1921,1988,67,0.0,8,0,0,0,1,0,1,0,0,0,0,0,0,0,0,0,0,0,0.8,0.0,0.0,0.0,0.1,0.0,0.1,0.0,0.0,0.0,0.0,0.0,0.0,0.0,0.0,0.0,0.0,0.0,10
11836,1000164304,MCCONNELL,MITCH,S,KY,M,R,,voting,19880322,1942-02-20,1942,1988,46,0.0,1,1,0,1,1,0,3,2,0,11,0,0,0,0,0,0,0,0,0.05,0.05,0.0,0.05,0.05,0.0,0.15,0.1,0.0,0.55,0.0,0.0,0.0,0.0,0.0,0.0,0.0,0.0,20
11056,1000175625,MAZZOLI,ROMANO,H,KY,M,D,3.0,voting,19880420,1932-11-02,1932,1988,56,0.0,2,0,0,1,1,0,6,0,0,0,0,0,0,0,0,0,0,0,0.2,0.0,0.0,0.1,0.1,0.0,0.6,0.0,0.0,0.0,0.0,0.0,0.0,0.0,0.0,0.0,0.0,0.0,10
11005,1000183319,BENTLEY,HELEN,H,MD,F,R,2.0,voting,19880505,1923-11-28,1923,1988,65,0.0,4,4,0,0,1,0,0,0,1,0,0,0,0,0,0,0,0,0,0.4,0.4,0.0,0.0,0.1,0.0,0.0,0.0,0.1,0.0,0.0,0.0,0.0,0.0,0.0,0.0,0.0,0.0,10
12135,1000206673,SHELBY,RICHARD,S,AL,M,D,,voting,19880620,1934-05-06,1934,1988,54,0.0,0,2,0,1,1,0,2,1,2,1,0,0,0,0,0,0,0,0,0.0,0.2,0.0,0.1,0.1,0.0,0.2,0.1,0.2,0.1,0.0,0.0,0.0,0.0,0.0,0.0,0.0,0.0,10
10916,1000217298,HEFLIN,HOWELL,S,AL,M,D,,voting,19880712,1921-06-19,1921,1988,67,0.0,9,1,0,0,0,0,0,0,0,0,0,0,0,0,0,0,0,0,0.9,0.1,0.0,0.0,0.0,0.0,0.0,0.0,0.0,0.0,0.0,0.0,0.0,0.0,0.0,0.0,0.0,0.0,10
11142,1000218572,MOORHEAD,CARLOS,H,CA,M,R,22.0,voting,19880713,1922-05-06,1922,1988,66,0.0,3,0,0,0,0,7,0,0,0,0,0,0,0,0,0,0,0,0,0.3,0.0,0.0,0.0,0.0,0.7,0.0,0.0,0.0,0.0,0.0,0.0,0.0,0.0,0.0,0.0,0.0,0.0,10
11123,1010028078,GORTON,T.,S,WA,M,R,,voting,19890531,1928-01-08,1928,1989,61,0.0,0,0,0,0,10,0,0,0,0,0,0,0,0,0,0,0,0,0,0.0,0.0,0.0,0.0,1.0,0.0,0.0,0.0,0.0,0.0,0.0,0.0,0.0,0.0,0.0,0.0,0.0,0.0,10
10885,1010076831,COHEN,WILLIAM,S,ME,M,R,,voting,19890926,1940-08-28,1940,1989,49,1.5186407259562678e-17,0,3,0,1,0,0,6,0,0,0,0,0,0,0,0,0,0,0,0.0,0.3,0.0,0.1,0.0,0.0,0.6,0.0,0.0,0.0,0.0,0.0,0.0,0.0,0.0,0.0,0.0,0.0,10
11005,1010122845,BENTLEY,HELEN,H,MD,F,R,2.0,voting,19900227,1923-11-28,1923,1990,67,0.0,28,7,2,1,0,17,0,1,0,1,0,1,0,2,0,0,0,0,0.4666666666666667,0.11666666666666667,0.03333333333333333,0.016666666666666666,0.0,0.2833333333333333,0.0,0.016666666666666666,0.0,0.016666666666666666,0.0,0.016666666666666666,0.0,0.03333333333333333,0.0,0.0,0.0,0.0,60
10986,1010130092,TALLON,ROBERT,H,SC,M,D,6.0,voting,19900321,1946-08-08,1946,1990,44,0.0,19,22,0,0,0,14,2,3,0,0,0,0,0,0,0,0,0,0,0.31666666666666665,0.36666666666666664,0.0,0.0,0.0,0.23333333333333334,0.03333333333333333,0.05,0.0,0.0,0.0,0.0,0.0,0.0,0.0,0.0,0.0,0.0,60
11005,1010137915,BENTLEY,HELEN,H,MD,F,R,2.0,voting,19900403,1923-11-28,1923,1990,67,0.0,3,3,0,0,0,4,0,0,0,0,0,0,0,0,0,0,0,0,0.3,0.3,0.0,0.0,0.0,0.4,0.0,0.0,0.0,0.0,0.0,0.0,0.0,0.0,0.0,0.0,0.0,0.0,10
10818,1010142182,DANFORTH,JOHN,S,MO,M,R,,voting,19900423,1936-09-05,1936,1990,54,0.0,1,1,2,0,0,5,0,0,0,1,0,0,0,0,0,0,0,0,0.1,0.1,0.2,0.0,0.0,0.5,0.0,0.0,0.0,0.1,0.0,0.0,0.0,0.0,0.0,0.0,0.0,0.0,10
10959,1010142595,OWENS,DOUGLAS,H,UT,M,D,2.0,voting,19900424,1937-05-02,1937,1990,53,0.0,1,1,0,0,1,7,0,0,0,0,0,0,0,0,0,0,0,0,0.1,0.1,0.0,0.0,0.1,0.7,0.0,0.0,0.0,0.0,0.0,0.0,0.0,0.0,0.0,0.0,0.0,0.0,10
10975,1010167250,SCHEUER,JAMES,H,NY,M,D,8.0,voting,19900619,1920-02-06,1920,1990,70,0.0,0,0,0,1,0,2,6,0,0,0,0,1,0,0,0,0,0,0,0.0,0.0,0.0,0.1,0.0,0.2,0.6,0.0,0.0,0.0,0.0,0.1,0.0,0.0,0.0,0.0,0.0,0.0,10
10924,1010169101,IRELAND,ANDREW,H,FL,M,R,10.0,voting,19900620,1930-08-23,1930,1990,60,0.0,1,0,0,0,0,0,9,0,0,0,0,0,0,0,0,0,0,0,0.1,0.0,0.0,0.0,0.0,0.0,0.9,0.0,0.0,0.0,0.0,0.0,0.0,0.0,0.0,0.0,0.0,0.0,10
11005,1010186617,BENTLEY,HELEN,H,MD,F,R,2.0,voting,19900725,1923-11-28,1923,1990,67,0.0,5,5,0,0,0,7,0,1,0,1,0,0,0,1,0,0,0,0,0.25,0.25,0.0,0.0,0.0,0.35,0.0,0.05,0.0,0.05,0.0,0.0,0.0,0.05,0.0,0.0,0.0,0.0,20
11005,1010205446,BENTLEY,HELEN,H,MD,F,R,2.0,voting,19900913,1923-11-28,1923,1990,67,0.0,45,15,0,3,1,32,0,1,0,3,0,0,0,0,0,0,0,0,0.45,0.15,0.0,0.03,0.01,0.32,0.0,0.01,0.0,0.03,0.0,0.0,0.0,0.0,0.0,0.0,0.0,0.0,100
10731,1010211804,HUMPHREY,GORDON,S,NH,M,R,,voting,19900926,1940-10-09,1940,1990,50,0.0,0,6,0,0,2,0,0,0,0,1,0,1,0,0,0,0,0,0,0.0,0.6,0.0,0.0,0.2,0.0,0.0,0.0,0.0,0.1,0.0,0.1,0.0,0.0,0.0,0.0,0.0,0.0,10
11033,1010224072,HENRY,PAUL,H,MI,M,R,5.0,voting,19901011,1942-07-09,1942,1990,48,0.0,0,0,1,1,1,0,2,0,2,3,0,0,0,0,0,0,0,0,0.0,0.0,0.1,0.1,0.1,0.0,0.2,0.0,0.2,0.3,0.0,0.0,0.0,0.0,0.0,0.0,0.0,0.0,10
10992,1010226972,WEISS,THEODORE,H,NY,M,D,17.0,voting,19901015,1927-09-17,1927,1990,63,0.0,0,1,0,0,2,0,10,0,7,0,0,0,0,0,0,0,0,0,0.0,0.05,0.0,0.0,0.1,0.0,0.5,0.0,0.35,0.0,0.0,0.0,0.0,0.0,0.0,0.0,0.0,0.0,20
10885,1020002719,COHEN,WILLIAM,S,ME,M,R,,voting,19910112,1940-08-28,1940,1991,51,0.0,2,0,0,0,0,0,0,7,1,0,0,0,0,0,0,0,0,0,0.2,0.0,0.0,0.0,0.0,0.0,0.0,0.7,0.1,0.0,0.0,0.0,0.0,0.0,0.0,0.0,0.0,0.0,10
11451,1020008965,SPECTER,ARLEN,S,PA,M,R,,voting,19910219,1930-02-12,1930,1991,61,0.0,0,0,0,0,8,0,1,0,1,0,0,0,0,0,0,0,0,0,0.0,0.0,0.0,0.0,0.8,0.0,0.1,0.0,0.1,0.0,0.0,0.0,0.0,0.0,0.0,0.0,0.0,0.0,10
11005,1020028713,BENTLEY,HELEN,H,MD,F,R,2.0,voting,19910502,1923-11-28,1923,1991,68,0.0,9,0,0,0,0,0,1,0,0,0,0,0,0,0,0,0,0,0,0.9,0.0,0.0,0.0,0.0,0.0,0.1,0.0,0.0,0.0,0.0,0.0,0.0,0.0,0.0,0.0,0.0,0.0,10
11005,1020051172,BENTLEY,HELEN,H,MD,F,R,2.0,voting,19910620,1923-11-28,1923,1991,68,0.0,4,0,0,0,0,5,0,1,0,0,0,0,0,0,0,0,0,0,0.4,0.0,0.0,0.0,0.0,0.5,0.0,0.1,0.0,0.0,0.0,0.0,0.0,0.0,0.0,0.0,0.0,0.0,10
11360,1020056233,DOMENICI,PETE,S,NM,M,R,,voting,19910627,1932-05-07,1932,1991,59,0.0,0,0,0,0,0,0,10,0,0,0,0,0,0,0,0,0,0,0,0.0,0.0,0.0,0.0,0.0,0.0,1.0,0.0,0.0,0.0,0.0,0.0,0.0,0.0,0.0,0.0,0.0,0.0,10
10777,1020112546,GARN,EDWIN,S,UT,M,R,,voting,19911118,1932-10-12,1932,1991,59,0.0,0,0,0,1,3,0,6,0,0,0,0,0,0,0,0,0,0,0,0.0,0.0,0.0,0.1,0.3,0.0,0.6,0.0,0.0,0.0,0.0,0.0,0.0,0.0,0.0,0.0,0.0,0.0,10
10777,1020113801,GARN,EDWIN,S,UT,M,R,,voting,19911119,1932-10-12,1932,1991,59,0.0,0,0,1,2,2,0,5,0,0,0,0,0,0,0,0,0,0,0,0.0,0.0,0.1,0.2,0.2,0.0,0.5,0.0,0.0,0.0,0.0,0.0,0.0,0.0,0.0,0.0,0.0,0.0,10
11490,1020136986,JEFFERSON,WILLIAM,H,LA,M,D,2.0,voting,19920227,1947-03-14,1947,1992,45,0.0,0,0,0,0,3,0,6,0,1,0,0,0,0,0,0,0,0,0,0.0,0.0,0.0,0.0,0.3,0.0,0.6,0.0,0.1,0.0,0.0,0.0,0.0,0.0,0.0,0.0,0.0,0.0,10
11066,1020140558,PACKWOOD,ROBERT,S,OR,M,R,,voting,19920311,1932-09-11,1932,1992,60,0.0,0,0,0,1,1,0,8,0,0,0,0,0,0,0,0,0,0,0,0.0,0.0,0.0,0.1,0.1,0.0,0.8,0.0,0.0,0.0,0.0,0.0,0.0,0.0,0.0,0.0,0.0,0.0,10
11836,1020237024,MCCONNELL,MITCH,S,KY,M,R,,voting,19921007,1942-02-20,1942,1992,50,0.0,0,0,0,0,1,0,9,0,0,0,0,0,0,0,0,0,0,0,0.0,0.0,0.0,0.0,0.1,0.0,0.9,0.0,0.0,0.0,0.0,0.0,0.0,0.0,0.0,0.0,0.0,0.0,10
10862,1020237946,WALLOP,MALCOLM,S,WY,M,R,,voting,19921008,1933-02-27,1933,1992,59,0.0,1,1,7,0,0,0,0,0,0,0,0,0,0,1,0,0,0,0,0.1,0.1,0.7,0.0,0.0,0.0,0.0,0.0,0.0,0.0,0.0,0.0,0.0,0.1,0.0,0.0,0.0,0.0,10
11111,1030036132,DORNAN,ROBERT,H,CA,M,R,46.0,voting,19930520,1933-04-03,1933,1993,60,0.0,0,3,0,0,0,0,4,0,0,1,0,2,0,0,0,0,0,0,0.0,0.3,0.0,0.0,0.0,0.0,0.4,0.0,0.0,0.1,0.0,0.2,0.0,0.0,0.0,0.0,0.0,0.0,10
11123,1030039786,GORTON,T.,S,WA,M,R,,voting,19930527,1928-01-08,1928,1993,65,0.0,0,0,0,0,10,0,0,0,0,0,0,0,0,0,0,0,0,0,0.0,0.0,0.0,0.0,1.0,0.0,0.0,0.0,0.0,0.0,0.0,0.0,0.0,0.0,0.0,0.0,0.0,0.0,10
11959,1030082380,GRASSLEY,CHARLES,S,IA,M,R,,voting,19930915,1933-09-17,1933,1993,60,0.0,0,0,0,0,0,0,0,0,0,0,0,0,0,0,0,0,10,0,0.0,0.0,0.0,0.0,0.0,0.0,0.0,0.0,0.0,0.0,0.0,0.0,0.0,0.0,0.0,0.0,1.0,0.0,10
11462,1030195720,BYRD,ROBERT,S,WV,M,D,,voting,19940725,1917-11-20,1917,1994,77,0.0,3,5,1,0,0,0,0,1,0,0,0,0,0,0,0,0,0,0,0.3,0.5,0.1,0.0,0.0,0.0,0.0,0.1,0.0,0.0,0.0,0.0,0.0,0.0,0.0,0.0,0.0,0.0,10
11817,1030199767,HATCH,ORRIN,S,UT,M,R,,voting,19940801,1934-03-22,1934,1994,60,0.0,1,5,0,0,0,0,1,1,1,1,0,0,0,0,0,0,0,0,0.1,0.5,0.0,0.0,0.0,0.0,0.1,0.1,0.1,0.1,0.0,0.0,0.0,0.0,0.0,0.0,0.0,0.0,10
11123,1030215591,GORTON,T.,S,WA,M,R,,voting,19940824,1928-01-08,1928,1994,66,0.0,0,0,0,0,1,0,0,0,9,0,0,0,0,0,0,0,0,0,0.0,0.0,0.0,0.0,0.1,0.0,0.0,0.0,0.9,0.0,0.0,0.0,0.0,0.0,0.0,0.0,0.0,0.0,10
11153,1030217301,ROTH,WILLIAM,S,DE,M,R,,voting,19940913,1921-07-22,1921,1994,73,0.0,1,1,0,0,1,0,0,0,7,0,0,0,0,0,0,0,0,0,0.1,0.1,0.0,0.0,0.1,0.0,0.0,0.0,0.7,0.0,0.0,0.0,0.0,0.0,0.0,0.0,0.0,0.0,10
11417,1030218919,GREGG,JUDD,S,NH,M,R,,voting,19940921,1947-02-14,1947,1994,47,0.0,1,2,0,5,0,1,0,0,0,0,0,1,0,0,0,0,0,0,0.1,0.2,0.0,0.5,0.0,0.1,0.0,0.0,0.0,0.0,0.0,0.1,0.0,0.0,0.0,0.0,0.0,0.0,10
11257,1030220955,LAZIO,RICK,H,NY,M,R,2.0,voting,19940923,1958-03-13,1958,1994,36,0.0,1,0,0,1,7,0,1,0,0,0,0,0,0,0,0,0,0,0,0.1,0.0,0.0,0.1,0.7,0.0,0.1,0.0,0.0,0.0,0.0,0.0,0.0,0.0,0.0,0.0,0.0,0.0,10
10862,1030231358,WALLOP,MALCOLM,S,WY,M,R,,voting,19941007,1933-02-27,1933,1994,61,0.0,1,0,0,0,9,0,0,0,0,0,0,0,0,0,0,0,0,0,0.1,0.0,0.0,0.0,0.9,0.0,0.0,0.0,0.0,0.0,0.0,0.0,0.0,0.0,0.0,0.0,0.0,0.0,10
10862,1030235237,WALLOP,MALCOLM,S,WY,M,R,,voting,19941201,1933-02-27,1933,1994,61,0.0,0,0,0,1,0,0,0,0,8,1,0,0,0,0,0,0,0,0,0.0,0.0,0.0,0.1,0.0,0.0,0.0,0.0,0.8,0.1,0.0,0.0,0.0,0.0,0.0,0.0,0.0,0.0,10
11727,1040003151,LAUTENBERG,FRANK,S,NJ,M,D,,voting,19950111,1924-01-23,1924,1995,71,0.0,1,0,2,0,7,0,0,0,0,0,0,0,0,0,0,0,0,0,0.1,0.0,0.2,0.0,0.7,0.0,0.0,0.0,0.0,0.0,0.0,0.0,0.0,0.0,0.0,0.0,0.0,0.0,10
12068,1040018633,NORTON,ELEANOR,H,DC,F,D,0.0,nonvoting,19950208,1937-06-13,1937,1995,58,0.0,0,1,0,7,0,0,2,0,0,0,0,0,0,0,0,0,0,0,0.0,0.1,0.0,0.7,0.0,0.0,0.2,0.0,0.0,0.0,0.0,0.0,0.0,0.0,0.0,0.0,0.0,0.0,10
11378,1040022405,MCCARTHY,KAREN,H,MO,F,D,5.0,voting,19950214,1947-03-18,1947,1995,48,0.0,0,0,0,0,1,0,1,0,0,0,0,0,0,0,0,0,8,0,0.0,0.0,0.0,0.0,0.1,0.0,0.1,0.0,0.0,0.0,0.0,0.0,0.0,0.0,0.0,0.0,0.8,0.0,10
10979,1040023438,SIMON,PAUL,S,IL,M,D,,voting,19950215,1928-11-29,1928,1995,67,2.145337312453672e-08,0,0,0,0,0,0,10,0,0,0,0,0,0,0,0,0,0,0,0.0,0.0,0.0,0.0,0.0,0.0,1.0,0.0,0.0,0.0,0.0,0.0,0.0,0.0,0.0,0.0,0.0,0.0,10
11817,1040025754,HATCH,ORRIN,S,UT,M,R,,voting,19950216,1934-03-22,1934,1995,61,0.0,5,1,0,1,0,0,2,1,0,0,0,0,0,0,0,0,0,0,0.5,0.1,0.0,0.1,0.0,0.0,0.2,0.1,0.0,0.0,0.0,0.0,0.0,0.0,0.0,0.0,0.0,0.0,10
11577,1040036987,LINDER,JOHN,H,GA,M,R,4.0,voting,19950309,1942-09-09,1942,1995,53,0.0,0,0,0,0,0,0,0,0,10,0,0,0,0,0,0,0,0,0,0.0,0.0,0.0,0.0,0.0,0.0,0.0,0.0,1.0,0.0,0.0,0.0,0.0,0.0,0.0,0.0,0.0,0.0,10
12039,1040042382,MCCAIN,JOHN,S,AZ,M,R,,voting,19950322,1936-08-29,1936,1995,59,0.0,0,0,0,0,1,0,9,0,0,0,0,0,0,0,0,0,0,0,0.0,0.0,0.0,0.0,0.1,0.0,0.9,0.0,0.0,0.0,0.0,0.0,0.0,0.0,0.0,0.0,0.0,0.0,10
11646,1040059179,KYL,JON,S,AZ,M,R,,voting,19950511,1942-04-25,1942,1995,53,0.0,0,0,0,7,0,0,3,0,0,0,0,0,0,0,0,0,0,0,0.0,0.0,0.0,0.7,0.0,0.0,0.3,0.0,0.0,0.0,0.0,0.0,0.0,0.0,0.0,0.0,0.0,0.0,10
11123,1040061323,GORTON,T.,S,WA,M,R,,voting,19950516,1928-01-08,1928,1995,67,0.0,0,1,0,7,2,0,0,0,0,0,0,0,0,0,0,0,0,0,0.0,0.1,0.0,0.7,0.2,0.0,0.0,0.0,0.0,0.0,0.0,0.0,0.0,0.0,0.0,0.0,0.0,0.0,10
11251,1040064614,GRAHAM,BOB,S,FL,M,D,,voting,19950522,1936-11-09,1936,1995,59,0.0,1,6,0,0,0,0,2,0,0,1,0,0,0,0,0,0,0,0,0.1,0.6,0.0,0.0,0.0,0.0,0.2,0.0,0.0,0.1,0.0,0.0,0.0,0.0,0.0,0.0,0.0,0.0,10
12039,1040071706,MCCAIN,JOHN,S,AZ,M,R,,voting,19950608,1936-08-29,1936,1995,59,0.0,0,1,0,0,0,7,2,0,0,0,0,0,0,0,0,0,0,0,0.0,0.1,0.0,0.0,0.0,0.7,0.2,0.0,0.0,0.0,0.0,0.0,0.0,0.0,0.0,0.0,0.0,0.0,10
12039,1040071767,MCCAIN,JOHN,S,AZ,M,R,,voting,19950608,1936-08-29,1936,1995,59,0.0,0,0,0,1,2,0,1,0,6,0,0,0,0,0,0,0,0,0,0.0,0.0,0.0,0.1,0.2,0.0,0.1,0.0,0.6,0.0,0.0,0.0,0.0,0.0,0.0,0.0,0.0,0.0,10
11066,1040071774,PACKWOOD,ROBERT,S,OR,M,R,,voting,19950608,1932-09-11,1932,1995,63,0.0,0,2,0,1,1,0,0,0,0,0,0,0,6,0,0,0,0,0,0.0,0.2,0.0,0.1,0.1,0.0,0.0,0.0,0.0,0.0,0.0,0.0,0.6,0.0,0.0,0.0,0.0,0.0,10
11918,1040124654,DELAURO,ROSA,H,CT,F,D,3.0,voting,19950918,1943-03-02,1943,1995,52,5.267856169084846e-12,0,0,0,0,0,0,2,0,0,6,0,1,1,0,0,0,0,0,0.0,0.0,0.0,0.0,0.0,0.0,0.2,0.0,0.0,0.6,0.0,0.1,0.1,0.0,0.0,0.0,0.0,0.0,10
11424,1040186951,HYDE,HENRY,H,IL,M,R,6.0,voting,19960313,1924-04-18,1924,1996,72,0.0,1,9,0,0,0,0,0,0,0,0,0,0,0,0,0,0,0,0,0.1,0.9,0.0,0.0,0.0,0.0,0.0,0.0,0.0,0.0,0.0,0.0,0.0,0.0,0.0,0.0,0.0,0.0,10
11258,1040198578,LIVINGSTON,ROBERT,H,LA,M,R,1.0,voting,19960417,1943-04-30,1943,1996,53,0.0,0,7,0,1,0,0,1,1,0,0,0,0,0,0,0,0,0,0,0.0,0.7,0.0,0.1,0.0,0.0,0.1,0.1,0.0,0.0,0.0,0.0,0.0,0.0,0.0,0.0,0.0,0.0,10
11417,1040261950,GREGG,JUDD,S,NH,M,R,,voting,19960913,1947-02-14,1947,1996,49,0.0,0,6,0,1,0,0,3,0,0,0,0,0,0,0,0,0,0,0,0.0,0.6,0.0,0.1,0.0,0.0,0.3,0.0,0.0,0.0,0.0,0.0,0.0,0.0,0.0,0.0,0.0,0.0,10
11062,1050039469,MOSELEY BRAUN,CAROL,S,IL,F,D,,voting,19970611,1947-08-16,1947,1997,50,0.0,0,0,0,4,4,0,2,0,0,0,0,0,0,0,0,0,0,0,0.0,0.0,0.0,0.4,0.4,0.0,0.2,0.0,0.0,0.0,0.0,0.0,0.0,0.0,0.0,0.0,0.0,0.0,10
11604,1050042867,SKELTON,IKE,H,MO,M,D,4.0,voting,19970619,1931-12-20,1931,1997,66,0.0,1,6,0,0,1,0,0,2,0,0,0,0,0,0,0,0,0,0,0.1,0.6,0.0,0.0,0.1,0.0,0.0,0.2,0.0,0.0,0.0,0.0,0.0,0.0,0.0,0.0,0.0,0.0,10
11897,1050049815,COATS,DANIEL,S,IN,M,R,,voting,19970627,1943-05-16,1943,1997,54,0.0,0,0,2,2,2,0,4,0,0,0,0,0,0,0,0,0,0,0,0.0,0.0,0.2,0.2,0.2,0.0,0.4,0.0,0.0,0.0,0.0,0.0,0.0,0.0,0.0,0.0,0.0,0.0,10
11727,1050077084,LAUTENBERG,FRANK,S,NJ,M,D,,voting,19970917,1924-01-23,1924,1997,73,0.0,5,1,0,0,10,10,3,1,0,0,0,0,0,0,0,0,0,0,0.16666666666666666,0.03333333333333333,0.0,0.0,0.3333333333333333,0.3333333333333333,0.1,0.03333333333333333,0.0,0.0,0.0,0.0,0.0,0.0,0.0,0.0,0.0,0.0,30
11679,1050094033,DREIER,DAVID,H,CA,M,R,28.0,voting,19971031,1952-07-05,1952,1997,45,0.0,0,5,0,4,0,0,0,0,1,0,0,0,0,0,0,0,0,0,0.0,0.5,0.0,0.4,0.0,0.0,0.0,0.0,0.1,0.0,0.0,0.0,0.0,0.0,0.0,0.0,0.0,0.0,10
11727,1050097641,LAUTENBERG,FRANK,S,NJ,M,D,,voting,19971107,1924-01-23,1924,1997,73,0.0,0,0,6,0,2,0,2,0,0,0,0,0,0,0,0,0,0,0,0.0,0.0,0.6,0.0,0.2,0.0,0.2,0.0,0.0,0.0,0.0,0.0,0.0,0.0,0.0,0.0,0.0,0.0,10
11207,1050105731,RIGGS,FRANK,H,CA,M,R,1.0,voting,19980205,1950-09-05,1950,1998,48,0.0,0,0,1,7,1,0,1,0,0,0,0,0,0,0,0,0,0,0,0.0,0.0,0.1,0.7,0.1,0.0,0.1,0.0,0.0,0.0,0.0,0.0,0.0,0.0,0.0,0.0,0.0,0.0,10
11836,1050112615,MCCONNELL,MITCH,S,KY,M,R,,voting,19980305,1942-02-20,1942,1998,56,0.0,0,1,0,7,0,0,2,0,0,0,0,0,0,0,0,0,0,0,0.0,0.1,0.0,0.7,0.0,0.0,0.2,0.0,0.0,0.0,0.0,0.0,0.0,0.0,0.0,0.0,0.0,0.0,10
11647,1050112867,LIEBERMAN,JOSEPH,S,CT,M,D,,voting,19980306,1942-02-24,1942,1998,56,0.0,0,0,0,1,0,0,9,0,0,0,0,0,0,0,0,0,0,0,0.0,0.0,0.0,0.1,0.0,0.0,0.9,0.0,0.0,0.0,0.0,0.0,0.0,0.0,0.0,0.0,0.0,0.0,10
11727,1050123153,LAUTENBERG,FRANK,S,NJ,M,D,,voting,19980401,1924-01-23,1924,1998,74,0.0,0,1,0,0,0,0,0,0,0,0,0,0,0,9,0,0,0,0,0.0,0.1,0.0,0.0,0.0,0.0,0.0,0.0,0.0,0.0,0.0,0.0,0.0,0.9,0.0,0.0,0.0,0.0,10
12179,1050141981,WYDEN,RON,S,OR,M,D,,voting,19980520,1949-05-03,1949,1998,49,0.0,0,1,0,1,0,0,0,0,0,8,0,0,0,0,0,0,0,0,0.0,0.1,0.0,0.1,0.0,0.0,0.0,0.0,0.0,0.8,0.0,0.0,0.0,0.0,0.0,0.0,0.0,0.0,10
11299,1050143022,FRIST,WILLIAM,S,TN,M,R,,voting,19980521,1952-02-22,1952,1998,46,0.0,4,2,0,0,0,1,1,1,0,0,1,0,0,0,0,0,0,0,0.4,0.2,0.0,0.0,0.0,0.1,0.1,0.1,0.0,0.0,0.1,0.0,0.0,0.0,0.0,0.0,0.0,0.0,10
11223,1050184275,WELLSTONE,PAUL,S,MN,M,D,,voting,19980909,1944-07-21,1944,1998,54,0.0,0,2,1,2,1,1,3,0,0,0,0,0,0,0,0,0,0,0,0.0,0.2,0.1,0.2,0.1,0.1,0.3,0.0,0.0,0.0,0.0,0.0,0.0,0.0,0.0,0.0,0.0,0.0,10
11903,1060015119,CONYERS,JOHN,H,MI,M,D,14.0,voting,19990323,1929-05-16,1929,1999,70,0.0,0,1,0,1,6,0,2,0,0,0,0,0,0,0,0,0,0,0,0.0,0.1,0.0,0.1,0.6,0.0,0.2,0.0,0.0,0.0,0.0,0.0,0.0,0.0,0.0,0.0,0.0,0.0,10
11727,1060020141,LAUTENBERG,FRANK,S,NJ,M,D,,voting,19990414,1924-01-23,1924,1999,75,0.0,0,0,1,1,5,0,2,0,1,0,0,0,0,0,0,0,0,0,0.0,0.0,0.1,0.1,0.5,0.0,0.2,0.0,0.1,0.0,0.0,0.0,0.0,0.0,0.0,0.0,0.0,0.0,10
11744,1060025442,LEVIN,CARL,S,MI,M,D,,voting,19990429,1934-06-28,1934,1999,65,0.0,39,6,0,1,0,0,1,1,0,1,0,0,0,0,0,0,1,0,0.78,0.12,0.0,0.02,0.0,0.0,0.02,0.02,0.0,0.02,0.0,0.0,0.0,0.0,0.0,0.0,0.02,0.0,50
11647,1060029700,LIEBERMAN,JOSEPH,S,CT,M,D,,voting,19990512,1942-02-24,1942,1999,57,0.0,0,0,0,0,0,0,10,0,0,0,0,0,0,0,0,0,0,0,0.0,0.0,0.0,0.0,0.0,0.0,1.0,0.0,0.0,0.0,0.0,0.0,0.0,0.0,0.0,0.0,0.0,0.0,10
11313,1060068748,LARGENT,STEVE,H,OK,M,R,1.0,voting,19990729,1954-09-28,1954,1999,45,0.0,0,4,1,0,0,1,2,2,0,0,0,0,0,0,0,0,0,0,0.0,0.4,0.1,0.0,0.0,0.1,0.2,0.2,0.0,0.0,0.0,0.0,0.0,0.0,0.0,0.0,0.0,0.0,10
11313,1060068779,LARGENT,STEVE,H,OK,M,R,1.0,voting,19990729,1954-09-28,1954,1999,45,0.0,0,1,0,0,0,1,8,0,0,0,0,0,0,0,0,0,0,0,0.0,0.1,0.0,0.0,0.0,0.1,0.8,0.0,0.0,0.0,0.0,0.0,0.0,0.0,0.0,0.0,0.0,0.0,10
11360,1060081042,DOMENICI,PETE,S,NM,M,R,,voting,19990921,1932-05-07,1932,1999,67,0.0,0,0,0,0,2,0,8,0,0,0,0,0,0,0,0,0,0,0,0.0,0.0,0.0,0.0,0.2,0.0,0.8,0.0,0.0,0.0,0.0,0.0,0.0,0.0,0.0,0.0,0.0,0.0,10
11917,1060086869,DEGETTE,DIANA,H,CO,F,D,1.0,voting,19990930,1957-07-29,1957,1999,42,0.0,0,2,0,2,0,1,5,0,0,0,0,0,0,0,0,0,0,0,0.0,0.2,0.0,0.2,0.0,0.1,0.5,0.0,0.0,0.0,0.0,0.0,0.0,0.0,0.0,0.0,0.0,0.0,10
11143,1060107487,MOYNIHAN,DANIEL,S,NY,M,D,,voting,19991116,1927-03-16,1927,1999,72,0.0,1,2,1,2,2,0,0,0,2,0,0,0,0,0,0,0,0,0,0.1,0.2,0.1,0.2,0.2,0.0,0.0,0.0,0.2,0.0,0.0,0.0,0.0,0.0,0.0,0.0,0.0,0.0,10
11418,1060112099,GUTKNECHT,GILBERT,H,MN,M,R,1.0,voting,20000131,1951-03-20,1951,2000,49,0.0,1,0,3,1,2,0,3,0,0,0,0,0,0,0,0,0,0,0,0.1,0.0,0.3,0.1,0.2,0.0,0.3,0.0,0.0,0.0,0.0,0.0,0.0,0.0,0.0,0.0,0.0,0.0,10
11735,1060119956,BAUCUS,MAX,S,MT,M,D,,voting,20000309,1941-12-11,1941,2000,59,0.0,0,4,0,0,0,0,6,0,0,0,0,0,0,0,0,0,0,0,0.0,0.4,0.0,0.0,0.0,0.0,0.6,0.0,0.0,0.0,0.0,0.0,0.0,0.0,0.0,0.0,0.0,0.0,10
11520,1060126130,TANCREDO,THOMAS,H,CO,M,R,6.0,voting,20000330,1945-12-20,1945,2000,55,0.0,1,2,0,0,0,1,6,0,0,0,0,0,0,0,0,0,0,0,0.1,0.2,0.0,0.0,0.0,0.1,0.6,0.0,0.0,0.0,0.0,0.0,0.0,0.0,0.0,0.0,0.0,0.0,10
11816,1060134469,FEINSTEIN,DIANNE,S,CA,F,D,,voting,20000427,1933-06-22,1933,2000,67,0.0,0,0,2,3,2,1,2,0,0,0,0,0,0,0,0,0,0,0,0.0,0.0,0.2,0.3,0.2,0.1,0.2,0.0,0.0,0.0,0.0,0.0,0.0,0.0,0.0,0.0,0.0,0.0,10
11494,1060134678,KENNEDY,EDWARD,S,MA,M,D,,voting,20000501,1932-02-22,1932,2000,68,0.0,0,6,0,2,0,2,0,0,0,0,0,0,0,0,0,0,0,0,0.0,0.6,0.0,0.2,0.0,0.2,0.0,0.0,0.0,0.0,0.0,0.0,0.0,0.0,0.0,0.0,0.0,0.0,10
11123,1060135532,GORTON,T.,S,WA,M,R,,voting,20000503,1928-01-08,1928,2000,72,0.0,0,8,0,0,1,0,1,0,0,0,0,0,0,0,0,0,0,0,0.0,0.8,0.0,0.0,0.1,0.0,0.1,0.0,0.0,0.0,0.0,0.0,0.0,0.0,0.0,0.0,0.0,0.0,10
11838,1060135573,REED,JOHN,S,RI,M,D,,voting,20000503,1949-11-12,1949,2000,51,0.0,0,0,0,1,0,2,7,0,0,0,0,0,0,0,0,0,0,0,0.0,0.0,0.0,0.1,0.0,0.2,0.7,0.0,0.0,0.0,0.0,0.0,0.0,0.0,0.0,0.0,0.0,0.0,10
12039,1060160914,MCCAIN,JOHN,S,AZ,M,R,,voting,20000627,1936-08-29,1936,2000,64,0.0,0,1,1,4,1,0,2,0,1,0,0,0,0,0,0,0,0,0,0.0,0.1,0.1,0.4,0.1,0.0,0.2,0.0,0.1,0.0,0.0,0.0,0.0,0.0,0.0,0.0,0.0,0.0,10
11253,1060180154,HOLLINGS,ERNEST,S,SC,M,D,,voting,20000907,1922-01-01,1922,2000,78,0.0,0,0,0,0,4,0,6,0,0,0,0,0,0,0,0,0,0,0,0.0,0.0,0.0,0.0,0.4,0.0,0.6,0.0,0.0,0.0,0.0,0.0,0.0,0.0,0.0,0.0,0.0,0.0,10
11409,1070012070,DODD,CHRISTOPHER,S,CT,M,D,,voting,20010320,1944-05-27,1944,2001,57,0.0,1,2,0,6,0,0,1,0,0,0,0,0,0,0,0,0,0,0,0.1,0.2,0.0,0.6,0.0,0.0,0.1,0.0,0.0,0.0,0.0,0.0,0.0,0.0,0.0,0.0,0.0,0.0,10
12039,1070012964,MCCAIN,JOHN,S,AZ,M,R,,voting,20010321,1936-08-29,1936,2001,65,0.0,0,0,0,0,0,0,10,0,0,0,0,0,0,0,0,0,0,0,0.0,0.0,0.0,0.0,0.0,0.0,1.0,0.0,0.0,0.0,0.0,0.0,0.0,0.0,0.0,0.0,0.0,0.0,10
11409,1070016325,DODD,CHRISTOPHER,S,CT,M,D,,voting,20010329,1944-05-27,1944,2001,57,0.0,0,1,1,0,0,7,0,0,0,0,0,1,0,0,0,0,0,0,0.0,0.1,0.1,0.0,0.0,0.7,0.0,0.0,0.0,0.0,0.0,0.1,0.0,0.0,0.0,0.0,0.0,0.0,10
11424,1070026069,HYDE,HENRY,H,IL,M,R,6.0,voting,20010510,1924-04-18,1924,2001,77,0.0,0,2,0,0,0,0,8,0,0,0,0,0,0,0,0,0,0,0,0.0,0.2,0.0,0.0,0.0,0.0,0.8,0.0,0.0,0.0,0.0,0.0,0.0,0.0,0.0,0.0,0.0,0.0,10
11417,1070064230,GREGG,JUDD,S,NH,M,R,,voting,20010912,1947-02-14,1947,2001,54,0.0,0,0,0,0,0,0,10,0,0,0,0,0,0,0,0,0,0,0,0.0,0.0,0.0,0.0,0.0,0.0,1.0,0.0,0.0,0.0,0.0,0.0,0.0,0.0,0.0,0.0,0.0,0.0,10
11690,1070123086,KUCINICH,DENNIS,H,OH,M,D,10.0,voting,20020502,1946-10-08,1946,2002,56,0.0,0,0,0,0,0,0,9,1,0,0,0,0,0,0,0,0,0,0,0.0,0.0,0.0,0.0,0.0,0.0,0.9,0.1,0.0,0.0,0.0,0.0,0.0,0.0,0.0,0.0,0.0,0.0,10
11462,1070158850,BYRD,ROBERT,S,WV,M,D,,voting,20020904,1917-11-20,1917,2002,85,0.0,0,0,0,1,0,0,0,0,0,9,0,0,0,0,0,0,0,0,0.0,0.0,0.0,0.1,0.0,0.0,0.0,0.0,0.0,0.9,0.0,0.0,0.0,0.0,0.0,0.0,0.0,0.0,10
11646,1070172834,KYL,JON,S,AZ,M,R,,voting,20021015,1942-04-25,1942,2002,60,0.0,0,9,0,0,1,10,0,0,0,0,0,0,0,0,0,0,0,0,0.0,0.45,0.0,0.0,0.05,0.5,0.0,0.0,0.0,0.0,0.0,0.0,0.0,0.0,0.0,0.0,0.0,0.0,20
11864,1080005532,BLUMENAUER,EARL,H,OR,M,D,3.0,voting,20030127,1948-08-16,1948,2003,55,0.0,1,0,3,0,0,0,0,0,1,4,0,1,0,0,0,0,0,0,0.1,0.0,0.3,0.0,0.0,0.0,0.0,0.0,0.1,0.4,0.0,0.1,0.0,0.0,0.0,0.0,0.0,0.0,10
11462,1080009043,BYRD,ROBERT,S,WV,M,D,,voting,20030212,1917-11-20,1917,2003,86,0.0,0,0,0,0,1,0,9,0,0,0,0,0,0,0,0,0,0,0,0.0,0.0,0.0,0.0,0.1,0.0,0.9,0.0,0.0,0.0,0.0,0.0,0.0,0.0,0.0,0.0,0.0,0.0,10
11535,1080014805,BIDEN,JOSEPH,S,DE,M,D,,voting,20030306,1942-11-20,1942,2003,61,0.0,0,0,0,0,0,0,0,0,0,0,0,0,0,0,0,10,0,0,0.0,0.0,0.0,0.0,0.0,0.0,0.0,0.0,0.0,0.0,0.0,0.0,0.0,0.0,0.0,1.0,0.0,0.0,10
11409,1080015111,DODD,CHRISTOPHER,S,CT,M,D,,voting,20030307,1944-05-27,1944,2003,59,0.0,1,1,0,2,0,2,3,0,1,0,0,0,0,0,0,0,0,0,0.1,0.1,0.0,0.2,0.0,0.2,0.3,0.0,0.1,0.0,0.0,0.0,0.0,0.0,0.0,0.0,0.0,0.0,10
11410,1080017728,DORGAN,BYRON,S,ND,M,D,,voting,20030313,1942-05-14,1942,2003,61,0.0,0,1,0,5,0,0,0,0,1,2,0,0,0,0,0,0,1,0,0.0,0.1,0.0,0.5,0.0,0.0,0.0,0.0,0.1,0.2,0.0,0.0,0.0,0.0,0.0,0.0,0.1,0.0,10
11852,1080027179,BALDWIN,TAMMY,H,WI,F,D,2.0,voting,20030403,1962-02-11,1962,2003,41,0.0,0,0,1,0,1,0,8,0,0,0,0,0,0,0,0,0,0,0,0.0,0.0,0.1,0.0,0.1,0.0,0.8,0.0,0.0,0.0,0.0,0.0,0.0,0.0,0.0,0.0,0.0,0.0,10
11294,1080035187,CORZINE,JON,S,NJ,M,D,,voting,20030507,1947-01-01,1947,2003,56,0.0,0,0,8,0,1,0,1,0,0,0,0,0,0,0,0,0,0,0,0.0,0.0,0.8,0.0,0.1,0.0,0.1,0.0,0.0,0.0,0.0,0.0,0.0,0.0,0.0,0.0,0.0,0.0,10
11646,1080035460,KYL,JON,S,AZ,M,R,,voting,20030508,1942-04-25,1942,2003,61,0.0,0,0,0,3,0,11,6,0,0,0,0,0,0,0,0,0,0,0,0.0,0.0,0.0,0.15,0.0,0.55,0.3,0.0,0.0,0.0,0.0,0.0,0.0,0.0,0.0,0.0,0.0,0.0,20
11838,1080041208,REED,JOHN,S,RI,M,D,,voting,20030520,1949-11-12,1949,2003,54,0.0,0,0,0,5,0,1,3,0,0,1,0,0,0,0,0,0,0,0,0.0,0.0,0.0,0.5,0.0,0.1,0.3,0.0,0.0,0.1,0.0,0.0,0.0,0.0,0.0,0.0,0.0,0.0,10
12061,1080086614,MURPHY,TIM,H,PA,M,R,18.0,voting,20031001,1952-09-11,1952,2003,51,0.0,0,5,0,0,1,0,1,3,0,0,0,0,0,0,0,0,0,0,0.0,0.5,0.0,0.0,0.1,0.0,0.1,0.3,0.0,0.0,0.0,0.0,0.0,0.0,0.0,0.0,0.0,0.0,10
11401,1080105279,BROWNBACK,SAMUEL,S,KS,M,R,,voting,20031112,1956-09-12,1956,2003,47,0.0,1,1,0,0,0,0,0,8,0,0,0,0,0,0,0,0,0,0,0.1,0.1,0.0,0.0,0.0,0.0,0.0,0.8,0.0,0.0,0.0,0.0,0.0,0.0,0.0,0.0,0.0,0.0,10
11520,1080122880,TANCREDO,THOMAS,H,CO,M,R,6.0,voting,20040302,1945-12-20,1945,2004,59,0.0,1,3,0,2,0,1,3,0,0,0,0,0,0,0,0,0,0,0,0.1,0.3,0.0,0.2,0.0,0.1,0.3,0.0,0.0,0.0,0.0,0.0,0.0,0.0,0.0,0.0,0.0,0.0,10
11650,1080152094,SNOWE,OLYMPIA,S,ME,F,R,,voting,20040609,1947-02-21,1947,2004,57,0.0,1,0,0,0,8,0,0,1,0,0,0,0,0,0,0,0,0,0,0.1,0.0,0.0,0.0,0.8,0.0,0.0,0.1,0.0,0.0,0.0,0.0,0.0,0.0,0.0,0.0,0.0,0.0,10
11520,1080153950,TANCREDO,THOMAS,H,CO,M,R,6.0,voting,20040615,1945-12-20,1945,2004,59,0.0,0,0,0,0,0,0,10,0,0,0,0,0,0,0,0,0,0,0,0.0,0.0,0.0,0.0,0.0,0.0,1.0,0.0,0.0,0.0,0.0,0.0,0.0,0.0,0.0,0.0,0.0,0.0,10
11346,1080167710,ALLARD,WAYNE,S,CO,M,R,,voting,20040713,1943-12-02,1943,2004,61,0.0,0,0,2,0,7,0,1,0,0,0,0,0,0,0,0,0,0,0,0.0,0.0,0.2,0.0,0.7,0.0,0.1,0.0,0.0,0.0,0.0,0.0,0.0,0.0,0.0,0.0,0.0,0.0,10
11679,1080170801,DREIER,DAVID,H,CA,M,R,26.0,voting,20040720,1952-07-05,1952,2004,52,0.0,0,1,0,2,0,0,7,0,0,0,0,0,0,0,0,0,0,0,0.0,0.1,0.0,0.2,0.0,0.0,0.7,0.0,0.0,0.0,0.0,0.0,0.0,0.0,0.0,0.0,0.0,0.0,10
11650,1080186782,SNOWE,OLYMPIA,S,ME,F,R,,voting,20041006,1947-02-21,1947,2004,57,0.0,1,0,1,0,8,0,0,0,0,0,0,0,0,0,0,0,0,0,0.1,0.0,0.1,0.0,0.8,0.0,0.0,0.0,0.0,0.0,0.0,0.0,0.0,0.0,0.0,0.0,0.0,0.0,10
11551,1090042439,DELAHUNT,WILLIAM,H,MA,M,D,10.0,voting,20050616,1941-07-18,1941,2005,64,0.0,0,6,0,0,1,0,2,0,0,0,0,1,0,0,0,0,0,0,0.0,0.6,0.0,0.0,0.1,0.0,0.2,0.0,0.0,0.0,0.0,0.1,0.0,0.0,0.0,0.0,0.0,0.0,10
11744,1090060844,LEVIN,CARL,S,MI,M,D,,voting,20050725,1934-06-28,1934,2005,71,0.0,0,0,0,0,1,1,0,0,8,0,0,0,0,0,0,0,0,0,0.0,0.0,0.0,0.0,0.1,0.1,0.0,0.0,0.8,0.0,0.0,0.0,0.0,0.0,0.0,0.0,0.0,0.0,10
11735,1090072897,BAUCUS,MAX,S,MT,M,D,,voting,20050928,1941-12-11,1941,2005,64,0.0,4,3,0,0,1,0,2,0,0,0,0,0,0,0,0,0,0,0,0.4,0.3,0.0,0.0,0.1,0.0,0.2,0.0,0.0,0.0,0.0,0.0,0.0,0.0,0.0,0.0,0.0,0.0,10
11735,1090072898,BAUCUS,MAX,S,MT,M,D,,voting,20050928,1941-12-11,1941,2005,64,0.0,3,2,0,0,0,0,6,0,1,8,0,0,0,0,0,0,0,0,0.15,0.1,0.0,0.0,0.0,0.0,0.3,0.0,0.05,0.4,0.0,0.0,0.0,0.0,0.0,0.0,0.0,0.0,20
11462,1090090339,BYRD,ROBERT,S,WV,M,D,,voting,20051110,1917-11-20,1917,2005,88,0.0,1,1,0,3,1,0,3,1,0,0,0,0,0,0,0,0,0,0,0.1,0.1,0.0,0.3,0.1,0.0,0.3,0.1,0.0,0.0,0.0,0.0,0.0,0.0,0.0,0.0,0.0,0.0,10
11494,1090102659,KENNEDY,EDWARD,S,MA,M,D,,voting,20051220,1932-02-22,1932,2005,73,0.0,0,6,0,3,0,0,0,0,0,1,0,0,0,0,0,0,0,0,0.0,0.6,0.0,0.3,0.0,0.0,0.0,0.0,0.0,0.1,0.0,0.0,0.0,0.0,0.0,0.0,0.0,0.0,10
11735,1090104620,BAUCUS,MAX,S,MT,M,D,,voting,20060201,1941-12-11,1941,2006,65,0.0,0,0,1,1,5,0,3,0,0,0,0,0,0,0,0,0,0,0,0.0,0.0,0.1,0.1,0.5,0.0,0.3,0.0,0.0,0.0,0.0,0.0,0.0,0.0,0.0,0.0,0.0,0.0,10
11939,1090110216,FLAKE,JEFF,H,AZ,M,R,6.0,voting,20060302,1962-12-31,1962,2006,44,0.0,0,0,0,8,1,0,1,0,0,0,0,0,0,0,0,0,0,0,0.0,0.0,0.0,0.8,0.1,0.0,0.1,0.0,0.0,0.0,0.0,0.0,0.0,0.0,0.0,0.0,0.0,0.0,10
11714,1090111325,STEARNS,CLIFFORD,H,FL,M,R,6.0,voting,20060307,1941-04-16,1941,2006,65,0.0,0,8,0,0,0,0,2,0,0,0,0,0,0,0,0,0,0,0,0.0,0.8,0.0,0.0,0.0,0.0,0.2,0.0,0.0,0.0,0.0,0.0,0.0,0.0,0.0,0.0,0.0,0.0,10
11451,1090117163,SPECTER,ARLEN,S,PA,M,D,,voting,20060316,1930-02-12,1930,2006,76,0.0,0,0,0,0,2,0,8,0,0,0,0,0,0,0,0,0,0,0,0.0,0.0,0.0,0.0,0.2,0.0,0.8,0.0,0.0,0.0,0.0,0.0,0.0,0.0,0.0,0.0,0.0,0.0,10
11474,1090122132,ENGLISH,PHILIP,H,PA,M,R,3.0,voting,20060406,1956-06-20,1956,2006,50,0.0,0,0,0,0,0,0,9,0,0,1,0,0,0,0,0,0,0,0,0.0,0.0,0.0,0.0,0.0,0.0,0.9,0.0,0.0,0.1,0.0,0.0,0.0,0.0,0.0,0.0,0.0,0.0,10
11525,1090124351,WILSON,HEATHER,H,NM,F,R,1.0,voting,20060426,1960-12-30,1960,2006,46,0.0,0,1,0,1,1,0,5,0,0,0,0,2,0,0,0,0,0,0,0.0,0.1,0.0,0.1,0.1,0.0,0.5,0.0,0.0,0.0,0.0,0.2,0.0,0.0,0.0,0.0,0.0,0.0,10
11609,1090138164,SPRATT,JOHN,H,SC,M,D,5.0,voting,20060524,1942-11-01,1942,2006,64,0.0,1,0,2,1,2,0,0,0,0,0,0,4,0,0,0,0,0,0,0.1,0.0,0.2,0.1,0.2,0.0,0.0,0.0,0.0,0.0,0.0,0.4,0.0,0.0,0.0,0.0,0.0,0.0,10
11939,1090138479,FLAKE,JEFF,H,AZ,M,R,6.0,voting,20060524,1962-12-31,1962,2006,44,0.0,0,3,1,0,0,1,5,0,0,0,0,0,0,0,0,0,0,0,0.0,0.3,0.1,0.0,0.0,0.1,0.5,0.0,0.0,0.0,0.0,0.0,0.0,0.0,0.0,0.0,0.0,0.0,10
12006,1090143869,KING,STEVE,H,IA,M,R,5.0,voting,20060612,1949-05-28,1949,2006,57,0.0,2,1,0,0,1,0,1,3,0,0,0,0,2,0,0,0,0,0,0.2,0.1,0.0,0.0,0.1,0.0,0.1,0.3,0.0,0.0,0.0,0.0,0.2,0.0,0.0,0.0,0.0,0.0,10
11863,1090143870,BLACKBURN,MARSHA,H,TN,F,R,7.0,voting,20060612,1952-06-06,1952,2006,54,0.0,2,4,0,0,0,2,0,0,0,1,0,0,1,0,0,0,0,0,0.2,0.4,0.0,0.0,0.0,0.2,0.0,0.0,0.0,0.1,0.0,0.0,0.1,0.0,0.0,0.0,0.0,0.0,10
12006,1090158661,KING,STEVE,H,IA,M,R,5.0,voting,20060717,1949-05-28,1949,2006,57,0.0,1,8,0,0,0,0,0,1,0,0,0,0,0,0,0,0,0,0,0.1,0.8,0.0,0.0,0.0,0.0,0.0,0.1,0.0,0.0,0.0,0.0,0.0,0.0,0.0,0.0,0.0,0.0,10
11841,1090161225,SESSIONS,JEFFERSON,S,AL,M,R,,voting,20060720,1946-12-24,1946,2006,60,0.0,0,4,0,3,1,0,2,0,0,0,0,0,0,0,0,0,0,0,0.0,0.4,0.0,0.3,0.1,0.0,0.2,0.0,0.0,0.0,0.0,0.0,0.0,0.0,0.0,0.0,0.0,0.0,10
12001,1090175733,KAPTUR,MARCY,H,OH,F,D,9.0,voting,20060926,1946-06-17,1946,2006,60,0.0,0,0,2,0,3,0,5,0,0,0,0,0,0,0,0,0,0,0,0.0,0.0,0.2,0.0,0.3,0.0,0.5,0.0,0.0,0.0,0.0,0.0,0.0,0.0,0.0,0.0,0.0,0.0,10
11501,1090175846,LOTT,TRENT,S,MS,M,R,,voting,20060927,1941-10-09,1941,2006,65,0.0,0,0,1,0,0,0,9,0,0,0,0,0,0,0,0,0,0,0,0.0,0.0,0.1,0.0,0.0,0.0,0.9,0.0,0.0,0.0,0.0,0.0,0.0,0.0,0.0,0.0,0.0,0.0,10
11741,1090177551,HARKIN,THOMAS,S,IA,M,D,,voting,20060928,1939-11-19,1939,2006,67,0.0,0,0,6,0,1,0,3,0,0,0,0,0,0,0,0,0,0,0,0.0,0.0,0.6,0.0,0.1,0.0,0.3,0.0,0.0,0.0,0.0,0.0,0.0,0.0,0.0,0.0,0.0,0.0,10
11572,1100016925,KILPATRICK,CAROLYN,H,MI,F,D,13.0,voting,20070214,1945-06-25,1945,2007,62,0.0,0,0,0,0,0,1,7,2,0,0,0,0,0,0,0,0,0,0,0.0,0.0,0.0,0.0,0.0,0.1,0.7,0.2,0.0,0.0,0.0,0.0,0.0,0.0,0.0,0.0,0.0,0.0,10
12125,1100020324,SCHUMER,CHARLES,S,NY,M,D,,voting,20070301,1950-11-23,1950,2007,57,0.0,3,2,0,0,0,0,1,1,1,0,2,0,0,0,0,0,0,0,0.3,0.2,0.0,0.0,0.0,0.0,0.1,0.1,0.1,0.0,0.2,0.0,0.0,0.0,0.0,0.0,0.0,0.0,10
11975,1100049843,HENSARLING,JEB,H,TX,M,R,5.0,voting,20070517,1957-05-29,1957,2007,50,0.0,1,0,0,0,0,0,1,0,0,1,0,0,7,0,0,0,0,0,0.1,0.0,0.0,0.0,0.0,0.0,0.1,0.0,0.0,0.1,0.0,0.0,0.7,0.0,0.0,0.0,0.0,0.0,10
11755,1100066993,CAMPBELL,JOHN,H,CA,M,R,48.0,voting,20070626,1955-07-19,1955,2007,52,0.0,0,0,0,0,9,0,1,0,0,0,0,0,0,0,0,0,0,0,0.0,0.0,0.0,0.0,0.9,0.0,0.1,0.0,0.0,0.0,0.0,0.0,0.0,0.0,0.0,0.0,0.0,0.0,10
11445,1100115501,SALAZAR,KEN,S,CO,M,D,,voting,20071106,1955-03-02,1955,2007,52,0.0,0,0,0,0,1,0,0,0,6,3,0,0,0,0,0,0,0,0,0.0,0.0,0.0,0.0,0.1,0.0,0.0,0.0,0.6,0.3,0.0,0.0,0.0,0.0,0.0,0.0,0.0,0.0,10
11975,1100120485,HENSARLING,JEB,H,TX,M,R,5.0,voting,20071115,1957-05-29,1957,2007,50,0.0,0,4,0,1,0,1,4,0,0,0,0,0,0,0,0,0,0,0,0.0,0.4,0.0,0.1,0.0,0.1,0.4,0.0,0.0,0.0,0.0,0.0,0.0,0.0,0.0,0.0,0.0,0.0,10
11646,1100147242,KYL,JON,S,AZ,M,R,,voting,20080313,1942-04-25,1942,2008,66,0.0,0,0,1,0,0,0,0,0,0,0,0,0,0,0,0,0,9,0,0.0,0.0,0.1,0.0,0.0,0.0,0.0,0.0,0.0,0.0,0.0,0.0,0.0,0.0,0.0,0.0,0.9,0.0,10
12006,1100157764,KING,STEVE,H,IA,M,R,5.0,voting,20080424,1949-05-28,1949,2008,59,0.0,0,0,0,0,3,0,7,0,0,0,0,0,0,0,0,0,0,0,0.0,0.0,0.0,0.0,0.3,0.0,0.7,0.0,0.0,0.0,0.0,0.0,0.0,0.0,0.0,0.0,0.0,0.0,10
11694,1100165031,LUNGREN,DANIEL,H,CA,M,R,3.0,voting,20080515,1946-09-22,1946,2008,62,0.0,0,0,0,0,0,0,9,0,1,0,0,0,0,0,0,0,0,0,0.0,0.0,0.0,0.0,0.0,0.0,0.9,0.0,0.1,0.0,0.0,0.0,0.0,0.0,0.0,0.0,0.0,0.0,10
11451,1100170145,SPECTER,ARLEN,S,PA,M,D,,voting,20080603,1930-02-12,1930,2008,78,0.0,1,2,0,0,4,0,2,1,0,0,0,0,0,0,0,0,0,0,0.1,0.2,0.0,0.0,0.4,0.0,0.2,0.1,0.0,0.0,0.0,0.0,0.0,0.0,0.0,0.0,0.0,0.0,10
11542,1100193746,BUYER,STEPHEN,H,IN,M,R,4.0,voting,20080731,1958-11-26,1958,2008,50,0.0,9,0,0,0,0,0,0,0,0,0,0,0,0,1,0,0,0,0,0.9,0.0,0.0,0.0,0.0,0.0,0.0,0.0,0.0,0.0,0.0,0.0,0.0,0.1,0.0,0.0,0.0,0.0,10
11753,1110003848,BROUN,PAUL,H,GA,M,R,10.0,voting,20090121,1946-05-14,1946,2009,63,0.0,0,1,0,6,0,0,0,2,1,0,0,0,0,0,0,0,0,0,0.0,0.1,0.0,0.6,0.0,0.0,0.0,0.2,0.1,0.0,0.0,0.0,0.0,0.0,0.0,0.0,0.0,0.0,10
11679,1110019964,DREIER,DAVID,H,CA,M,R,26.0,voting,20090311,1952-07-05,1952,2009,57,0.0,0,3,0,0,2,0,1,3,1,0,0,0,0,0,0,0,0,0,0.0,0.3,0.0,0.0,0.2,0.0,0.1,0.3,0.1,0.0,0.0,0.0,0.0,0.0,0.0,0.0,0.0,0.0,10
11753,1110020182,BROUN,PAUL,H,GA,M,R,10.0,voting,20090311,1946-05-14,1946,2009,63,0.0,3,2,0,0,0,0,5,0,0,0,0,0,0,0,0,0,0,0,0.3,0.2,0.0,0.0,0.0,0.0,0.5,0.0,0.0,0.0,0.0,0.0,0.0,0.0,0.0,0.0,0.0,0.0,10
11975,1110038861,HENSARLING,JEB,H,TX,M,R,5.0,voting,20090507,1957-05-29,1957,2009,52,0.0,1,2,1,1,1,0,4,0,0,0,0,0,0,0,0,0,0,0,0.1,0.2,0.1,0.1,0.1,0.0,0.4,0.0,0.0,0.0,0.0,0.0,0.0,0.0,0.0,0.0,0.0,0.0,10
11975,1110038865,HENSARLING,JEB,H,TX,M,R,5.0,voting,20090507,1957-05-29,1957,2009,52,0.0,0,4,0,0,0,0,6,0,0,0,0,0,0,0,0,0,0,0,0.0,0.4,0.0,0.0,0.0,0.0,0.6,0.0,0.0,0.0,0.0,0.0,0.0,0.0,0.0,0.0,0.0,0.0,10
11841,1110050009,SESSIONS,JEFFERSON,S,AL,M,R,,voting,20090625,1946-12-24,1946,2009,63,0.0,0,1,0,0,2,0,1,6,0,0,0,0,0,0,0,0,0,0,0.0,0.1,0.0,0.0,0.2,0.0,0.1,0.6,0.0,0.0,0.0,0.0,0.0,0.0,0.0,0.0,0.0,0.0,10
11841,1110063768,SESSIONS,JEFFERSON,S,AL,M,R,,voting,20090720,1946-12-24,1946,2009,63,0.0,0,8,0,4,0,1,6,0,0,0,0,1,0,0,0,0,0,0,0.0,0.4,0.0,0.2,0.0,0.05,0.3,0.0,0.0,0.0,0.0,0.05,0.0,0.0,0.0,0.0,0.0,0.0,20
12108,1110074460,ROS-LEHTINEN,ILEANA,H,FL,F,R,18.0,voting,20090908,1952-07-15,1952,2009,57,0.0,0,0,4,1,1,1,0,1,0,2,0,0,0,0,0,0,0,0,0.0,0.0,0.4,0.1,0.1,0.1,0.0,0.1,0.0,0.2,0.0,0.0,0.0,0.0,0.0,0.0,0.0,0.0,10
12006,1110091017,KING,STEVE,H,IA,M,R,5.0,voting,20091026,1949-05-28,1949,2009,60,0.0,0,3,0,1,1,1,0,0,0,4,0,0,0,0,0,0,0,0,0.0,0.3,0.0,0.1,0.1,0.1,0.0,0.0,0.0,0.4,0.0,0.0,0.0,0.0,0.0,0.0,0.0,0.0,10
12169,1110092189,WASSERMAN SCHULTZ,DEBBIE,H,FL,F,D,20.0,voting,20091028,1966-09-27,1966,2009,43,0.0,2,0,0,0,1,0,7,0,0,0,0,0,0,0,0,0,0,0,0.2,0.0,0.0,0.0,0.1,0.0,0.7,0.0,0.0,0.0,0.0,0.0,0.0,0.0,0.0,0.0,0.0,0.0,10
12079,1110094832,PERLMUTTER,ED,H,CO,M,D,7.0,voting,20091104,1953-05-01,1953,2009,56,0.0,1,3,1,1,3,0,0,1,0,0,0,0,0,0,0,0,0,0,0.1,0.3,0.1,0.1,0.3,0.0,0.0,0.1,0.0,0.0,0.0,0.0,0.0,0.0,0.0,0.0,0.0,0.0,10
12006,1110099780,KING,STEVE,H,IA,M,R,5.0,voting,20091117,1949-05-28,1949,2009,60,0.0,1,3,0,1,1,1,2,0,1,0,0,0,0,0,0,0,0,0,0.1,0.3,0.0,0.1,0.1,0.1,0.2,0.0,0.1,0.0,0.0,0.0,0.0,0.0,0.0,0.0,0.0,0.0,10
12006,1110100553,KING,STEVE,H,IA,M,R,5.0,voting,20091118,1949-05-28,1949,2009,60,0.0,0,5,3,3,6,0,11,2,0,0,0,0,0,0,0,0,0,0,0.0,0.16666666666666666,0.1,0.1,0.2,0.0,0.36666666666666664,0.06666666666666667,0.0,0.0,0.0,0.0,0.0,0.0,0.0,0.0,0.0,0.0,30
12006,1110106001,KING,STEVE,H,IA,M,R,5.0,voting,20091207,1949-05-28,1949,2009,60,0.0,1,0,0,0,1,8,0,0,0,0,0,0,0,0,0,0,0,0,0.1,0.0,0.0,0.0,0.1,0.8,0.0,0.0,0.0,0.0,0.0,0.0,0.0,0.0,0.0,0.0,0.0,0.0,10
12006,1110121401,KING,STEVE,H,IA,M,R,5.0,voting,20100224,1949-05-28,1949,2010,61,0.0,0,0,0,0,2,0,1,4,1,1,0,0,0,0,0,0,1,0,0.0,0.0,0.0,0.0,0.2,0.0,0.1,0.4,0.1,0.1,0.0,0.0,0.0,0.0,0.0,0.0,0.1,0.0,10
11820,1110137680,MENENDEZ,ROBERT,S,NJ,M,D,,voting,20100525,1954-01-01,1954,2010,56,0.0,1,7,0,1,0,0,1,0,0,0,0,0,0,0,0,0,0,0,0.1,0.7,0.0,0.1,0.0,0.0,0.1,0.0,0.0,0.0,0.0,0.0,0.0,0.0,0.0,0.0,0.0,0.0,10
12019,1110144705,LEE,BARBARA,H,CA,F,D,9.0,voting,20100622,1946-07-16,1946,2010,64,0.0,0,9,0,0,0,0,1,0,0,0,0,0,0,0,0,0,0,0,0.0,0.9,0.0,0.0,0.0,0.0,0.1,0.0,0.0,0.0,0.0,0.0,0.0,0.0,0.0,0.0,0.0,0.0,10
12006,1110168387,KING,STEVE,H,IA,M,R,5.0,voting,20101129,1949-05-28,1949,2010,61,0.0,0,0,0,1,2,0,7,0,0,0,0,0,0,0,0,0,0,0,0.0,0.0,0.0,0.1,0.2,0.0,0.7,0.0,0.0,0.0,0.0,0.0,0.0,0.0,0.0,0.0,0.0,0.0,10
