Unnamed: 0,speakerid,speech_id,lastname,firstname,chamber,state,gender,party,district,nonvoting,date,DOB,yob,year,age,procedural_prob,cluster_7,cluster_2,cluster_0,cluster_1,cluster_8,cluster_5,cluster_9,cluster_22,cluster_14,cluster_12,cluster_3,cluster_23,cluster_13,cluster_15,cluster_6,cluster_11,cluster_10,cluster_17,cluster_18,cluster_16,cluster_20,cluster_19,cluster_21,cluster_4,cluster_7_p,cluster_2_p,cluster_0_p,cluster_1_p,cluster_8_p,cluster_5_p,cluster_9_p,cluster_22_p,cluster_14_p,cluster_12_p,cluster_3_p,cluster_23_p,cluster_13_p,cluster_15_p,cluster_6_p,cluster_11_p,cluster_10_p,cluster_17_p,cluster_18_p,cluster_16_p,cluster_20_p,cluster_19_p,cluster_21_p,cluster_4_p,n
3279,43043010,430005592,MAYNARD,HORACE,H,TN,M,R,-1.0,voting,18731217,1814-08-30,1814,1873,59,0.0,0,1,9,42,0,1,0,1,0,0,5,0,0,0,1,0,0,0,0,0,0,0,0,0,0.0,0.016666666666666666,0.15,0.7,0.0,0.016666666666666666,0.0,0.016666666666666666,0.0,0.0,0.08333333333333333,0.0,0.0,0.0,0.016666666666666666,0.0,0.0,0.0,0.0,0.0,0.0,0.0,0.0,0.0,60
25572,43043150,430042447,MYERS,LEONARD,H,PA,M,R,3.0,voting,18740415,1827-11-13,1827,1874,47,0.0,3,2,2,0,1,0,2,0,0,0,0,0,0,0,0,0,0,0,0,0,0,0,0,0,0.3,0.2,0.2,0.0,0.1,0.0,0.2,0.0,0.0,0.0,0.0,0.0,0.0,0.0,0.0,0.0,0.0,0.0,0.0,0.0,0.0,0.0,0.0,0.0,10
82119,43043860,430042474,WILLARD,CHARLES,H,VT,M,R,1.0,voting,18740415,1827-06-18,1827,1874,47,2.149469789566507e-05,0,6,1,0,0,0,0,1,0,0,0,0,0,0,2,0,0,0,0,0,0,0,0,0,0.0,0.6,0.1,0.0,0.0,0.0,0.0,0.1,0.0,0.0,0.0,0.0,0.0,0.0,0.2,0.0,0.0,0.0,0.0,0.0,0.0,0.0,0.0,0.0,10
25590,43043060,430042489,MCKEE,GEORGE,H,MS,M,R,5.0,voting,18740415,1837-10-02,1837,1874,37,8.825469815056189e-12,0,9,0,0,0,0,0,1,0,0,0,0,0,0,0,0,0,0,0,0,0,0,0,0,0.0,0.9,0.0,0.0,0.0,0.0,0.0,0.1,0.0,0.0,0.0,0.0,0.0,0.0,0.0,0.0,0.0,0.0,0.0,0.0,0.0,0.0,0.0,0.0,10
25592,43043060,430042492,MCKEE,GEORGE,H,MS,M,R,5.0,voting,18740415,1837-10-02,1837,1874,37,0.0,0,8,2,0,0,0,0,0,0,0,0,0,0,0,0,0,0,0,0,0,0,0,0,0,0.0,0.8,0.2,0.0,0.0,0.0,0.0,0.0,0.0,0.0,0.0,0.0,0.0,0.0,0.0,0.0,0.0,0.0,0.0,0.0,0.0,0.0,0.0,0.0,10
43356,43048000,430070805,GARFIELD,JAMES,H,OH,M,R,19.0,voting,18740615,1831-11-19,1831,1874,43,0.0,0,0,1,0,0,1,0,0,0,0,1,0,0,0,7,0,0,0,0,0,0,0,0,0,0.0,0.0,0.1,0.0,0.0,0.1,0.0,0.0,0.0,0.0,0.1,0.0,0.0,0.0,0.7,0.0,0.0,0.0,0.0,0.0,0.0,0.0,0.0,0.0,10
46618,43044520,430076426,HOSKINS,GEORGE,H,NY,M,R,30.0,voting,18740620,1824-12-24,1824,1874,50,8.57376735032335e-06,0,0,0,0,0,0,0,0,0,0,1,0,0,0,0,3,6,0,0,0,0,0,0,0,0.0,0.0,0.0,0.0,0.0,0.0,0.0,0.0,0.0,0.0,0.1,0.0,0.0,0.0,0.0,0.3,0.6,0.0,0.0,0.0,0.0,0.0,0.0,0.0,10
47397,43048000,430077646,GARFIELD,JAMES,H,OH,M,R,19.0,voting,18740622,1831-11-19,1831,1874,43,0.0,0,9,0,0,0,0,0,0,0,1,0,0,0,0,0,0,0,0,0,0,0,0,0,0,0.0,0.9,0.0,0.0,0.0,0.0,0.0,0.0,0.0,0.1,0.0,0.0,0.0,0.0,0.0,0.0,0.0,0.0,0.0,0.0,0.0,0.0,0.0,0.0,10
53124,43047300,430086540,FORT,GREENBURY,H,IL,M,R,8.0,voting,18750114,1825-10-17,1825,1875,50,7.276664867637195e-09,0,8,1,0,0,0,1,0,0,0,0,0,0,0,0,0,0,0,0,0,0,0,0,0,0.0,0.8,0.1,0.0,0.0,0.0,0.1,0.0,0.0,0.0,0.0,0.0,0.0,0.0,0.0,0.0,0.0,0.0,0.0,0.0,0.0,0.0,0.0,0.0,10
70471,43050520,430115126,POLAND,LUKE,H,VT,M,R,2.0,voting,18750302,1815-11-01,1815,1875,60,0.0,2,0,0,17,0,0,0,1,0,0,0,0,0,0,0,0,0,0,0,0,0,0,0,0,0.1,0.0,0.0,0.85,0.0,0.0,0.0,0.05,0.0,0.0,0.0,0.0,0.0,0.0,0.0,0.0,0.0,0.0,0.0,0.0,0.0,0.0,0.0,0.0,20
70596,43048000,430115334,GARFIELD,JAMES,H,OH,M,R,19.0,voting,18750302,1831-11-19,1831,1875,44,0.0,0,0,0,0,0,0,0,0,0,0,0,0,0,0,10,0,0,0,0,0,0,0,0,0,0.0,0.0,0.0,0.0,0.0,0.0,0.0,0.0,0.0,0.0,0.0,0.0,0.0,0.0,1.0,0.0,0.0,0.0,0.0,0.0,0.0,0.0,0.0,0.0,10
17325,44054850,440024978,RANDALL,SAMUEL,H,PA,M,D,3.0,voting,18760330,1828-10-10,1828,1876,48,2.355922577128228e-09,0,8,0,1,0,0,0,0,0,1,0,0,0,0,0,0,0,0,0,0,0,0,0,0,0.0,0.8,0.0,0.1,0.0,0.0,0.0,0.0,0.0,0.1,0.0,0.0,0.0,0.0,0.0,0.0,0.0,0.0,0.0,0.0,0.0,0.0,0.0,0.0,10
17336,44054850,440024990,RANDALL,SAMUEL,H,PA,M,D,3.0,voting,18760330,1828-10-10,1828,1876,48,2.8221945802843492e-14,0,8,0,1,0,0,0,0,0,0,0,0,0,0,1,0,0,0,0,0,0,0,0,0,0.0,0.8,0.0,0.1,0.0,0.0,0.0,0.0,0.0,0.0,0.0,0.0,0.0,0.0,0.1,0.0,0.0,0.0,0.0,0.0,0.0,0.0,0.0,0.0,10
85102,44047930,440025010,WELLS,ERASTUS,H,MO,M,D,2.0,voting,18760330,1823-12-02,1823,1876,53,0.0,1,24,2,0,0,1,0,0,1,1,8,0,0,0,0,0,0,1,1,0,0,0,0,0,0.025,0.6,0.05,0.0,0.0,0.025,0.0,0.0,0.025,0.025,0.2,0.0,0.0,0.0,0.0,0.0,0.0,0.025,0.025,0.0,0.0,0.0,0.0,0.0,40
91223,44047300,440026948,FORT,GREENBURY,H,IL,M,R,8.0,voting,18760404,1825-10-17,1825,1876,51,0.1768829721996387,0,6,3,1,0,0,0,0,0,0,0,0,0,0,0,0,0,0,0,0,0,0,0,0,0.0,0.6,0.3,0.1,0.0,0.0,0.0,0.0,0.0,0.0,0.0,0.0,0.0,0.0,0.0,0.0,0.0,0.0,0.0,0.0,0.0,0.0,0.0,0.0,10
24465,44046510,440034746,SAMPSON,EZEKIEL,H,IA,M,R,6.0,voting,18760426,1831-12-06,1831,1876,45,0.0,0,0,3,0,1,0,0,2,1,2,0,0,1,0,0,0,0,0,0,0,0,0,0,0,0.0,0.0,0.3,0.0,0.1,0.0,0.0,0.2,0.1,0.2,0.0,0.0,0.1,0.0,0.0,0.0,0.0,0.0,0.0,0.0,0.0,0.0,0.0,0.0,10
24507,44046510,440034802,SAMPSON,EZEKIEL,H,IA,M,R,6.0,voting,18760426,1831-12-06,1831,1876,45,7.611594687427657e-07,4,1,0,0,0,0,0,0,0,5,0,0,0,0,0,0,0,0,0,0,0,0,0,0,0.4,0.1,0.0,0.0,0.0,0.0,0.0,0.0,0.0,0.5,0.0,0.0,0.0,0.0,0.0,0.0,0.0,0.0,0.0,0.0,0.0,0.0,0.0,0.0,10
29913,44054850,440042624,RANDALL,SAMUEL,H,PA,M,D,3.0,voting,18760602,1828-10-10,1828,1876,48,0.0,1,0,1,0,0,0,0,7,0,0,0,0,0,1,0,0,0,0,0,0,0,0,0,0,0.1,0.0,0.1,0.0,0.0,0.0,0.0,0.7,0.0,0.0,0.0,0.0,0.0,0.1,0.0,0.0,0.0,0.0,0.0,0.0,0.0,0.0,0.0,0.0,10
86715,44041621,440044999,MORRILL,LOT,S,ME,M,R,,voting,18760607,1813-05-03,1813,1876,63,3.476822027450066e-08,0,4,0,6,0,0,0,0,0,0,0,0,0,0,0,0,0,0,0,0,0,0,0,0,0.0,0.4,0.0,0.6,0.0,0.0,0.0,0.0,0.0,0.0,0.0,0.0,0.0,0.0,0.0,0.0,0.0,0.0,0.0,0.0,0.0,0.0,0.0,0.0,10
35263,44045080,440050508,SHEAKLEY,JAMES,H,PA,M,D,26.0,voting,18760621,1829-04-24,1829,1876,47,0.0,0,0,0,10,0,0,0,0,0,0,0,0,0,0,0,0,0,0,0,0,0,0,0,0,0.0,0.0,0.0,1.0,0.0,0.0,0.0,0.0,0.0,0.0,0.0,0.0,0.0,0.0,0.0,0.0,0.0,0.0,0.0,0.0,0.0,0.0,0.0,0.0,10
87154,44045390,440052803,WILLIAMS,JAMES,H,IN,M,D,2.0,voting,18760623,1808-01-16,1808,1876,68,0.0,0,4,0,0,0,0,0,0,0,0,0,0,0,0,0,6,0,0,0,0,0,0,0,0,0.0,0.4,0.0,0.0,0.0,0.0,0.0,0.0,0.0,0.0,0.0,0.0,0.0,0.0,0.0,0.6,0.0,0.0,0.0,0.0,0.0,0.0,0.0,0.0,10
45744,44048011,440064668,WINDOM,WILLIAM,S,MN,M,R,,voting,18760719,1827-05-10,1827,1876,49,0.0,0,0,0,0,0,0,0,1,0,0,0,0,0,0,9,0,0,0,0,0,0,0,0,0,0.0,0.0,0.0,0.0,0.0,0.0,0.0,0.1,0.0,0.0,0.0,0.0,0.0,0.0,0.9,0.0,0.0,0.0,0.0,0.0,0.0,0.0,0.0,0.0,10
62298,44047300,440087862,FORT,GREENBURY,H,IL,M,R,8.0,voting,18770105,1825-10-17,1825,1877,52,0.0046674493646065,0,10,0,0,0,0,0,0,0,0,0,0,0,0,0,0,0,0,0,0,0,0,0,0,0.0,1.0,0.0,0.0,0.0,0.0,0.0,0.0,0.0,0.0,0.0,0.0,0.0,0.0,0.0,0.0,0.0,0.0,0.0,0.0,0.0,0.0,0.0,0.0,10
67912,44046450,440096474,RIDDLE,HAYWOOD,H,TN,M,D,4.0,voting,18770202,1834-06-20,1834,1877,43,0.0,1,0,0,0,0,0,0,1,0,0,0,0,0,0,1,0,0,0,0,17,0,0,0,0,0.05,0.0,0.0,0.0,0.0,0.0,0.0,0.05,0.0,0.0,0.0,0.0,0.0,0.0,0.05,0.0,0.0,0.0,0.0,0.85,0.0,0.0,0.0,0.0,20
67998,44046450,440096580,RIDDLE,HAYWOOD,H,TN,M,D,4.0,voting,18770202,1834-06-20,1834,1877,43,0.0,1,4,1,0,0,1,0,1,0,0,0,0,0,0,1,1,0,0,0,0,0,0,0,0,0.1,0.4,0.1,0.0,0.0,0.1,0.0,0.1,0.0,0.0,0.0,0.0,0.0,0.0,0.1,0.1,0.0,0.0,0.0,0.0,0.0,0.0,0.0,0.0,10
68001,44047300,440096584,FORT,GREENBURY,H,IL,M,R,8.0,voting,18770202,1825-10-17,1825,1877,52,0.0,0,5,3,0,0,0,0,1,0,0,0,0,0,0,1,0,0,0,0,0,0,0,0,0,0.0,0.5,0.3,0.0,0.0,0.0,0.0,0.1,0.0,0.0,0.0,0.0,0.0,0.0,0.1,0.0,0.0,0.0,0.0,0.0,0.0,0.0,0.0,0.0,10
68005,44047300,440096588,FORT,GREENBURY,H,IL,M,R,8.0,voting,18770202,1825-10-17,1825,1877,52,0.0,7,21,6,1,0,2,1,1,0,1,0,0,0,0,0,0,10,0,0,0,0,0,0,0,0.14,0.42,0.12,0.02,0.0,0.04,0.02,0.02,0.0,0.02,0.0,0.0,0.0,0.0,0.0,0.0,0.2,0.0,0.0,0.0,0.0,0.0,0.0,0.0,50
89237,44047930,440096617,WELLS,ERASTUS,H,MO,M,D,2.0,voting,18770202,1823-12-02,1823,1877,54,0.0,1,9,0,0,0,0,0,0,0,0,0,0,0,0,0,0,0,0,0,0,0,0,0,0,0.1,0.9,0.0,0.0,0.0,0.0,0.0,0.0,0.0,0.0,0.0,0.0,0.0,0.0,0.0,0.0,0.0,0.0,0.0,0.0,0.0,0.0,0.0,0.0,10
68033,44047300,440096618,FORT,GREENBURY,H,IL,M,R,8.0,voting,18770202,1825-10-17,1825,1877,52,0.0,3,10,2,2,0,1,0,21,0,0,0,0,0,0,1,0,0,0,0,0,0,0,0,0,0.075,0.25,0.05,0.05,0.0,0.025,0.0,0.525,0.0,0.0,0.0,0.0,0.0,0.0,0.025,0.0,0.0,0.0,0.0,0.0,0.0,0.0,0.0,0.0,40
76053,44044430,440108844,GOODIN,JOHN,H,KS,M,D,2.0,voting,18770227,1836-12-14,1836,1877,41,0.0,0,6,1,0,0,0,0,0,0,0,0,0,0,0,3,0,0,0,0,0,0,0,0,0,0.0,0.6,0.1,0.0,0.0,0.0,0.0,0.0,0.0,0.0,0.0,0.0,0.0,0.0,0.3,0.0,0.0,0.0,0.0,0.0,0.0,0.0,0.0,0.0,10
13679,45046470,450020304,ROBERTS,CHARLES,H,MD,M,D,2.0,voting,18780201,1842-04-19,1842,1878,36,0.0,1,9,0,0,0,0,0,10,0,0,0,0,0,0,0,0,0,0,0,0,0,0,0,0,0.05,0.45,0.0,0.0,0.0,0.0,0.0,0.5,0.0,0.0,0.0,0.0,0.0,0.0,0.0,0.0,0.0,0.0,0.0,0.0,0.0,0.0,0.0,0.0,20
29514,45047370,450042885,HENRY,DANIEL,H,MD,M,D,1.0,voting,18780403,1823-02-19,1823,1878,55,0.0,0,0,0,0,0,0,0,0,0,0,10,0,0,0,0,0,0,0,0,0,0,0,0,0,0.0,0.0,0.0,0.0,0.0,0.0,0.0,0.0,0.0,0.0,1.0,0.0,0.0,0.0,0.0,0.0,0.0,0.0,0.0,0.0,0.0,0.0,0.0,0.0,10
21750,46053671,460030433,BECK,JAMES,S,KY,M,D,,voting,18790613,1822-02-13,1822,1879,57,6.238490058392744e-13,0,2,0,8,0,0,0,0,0,0,0,0,0,0,0,0,0,0,0,0,0,0,0,0,0.0,0.2,0.0,0.8,0.0,0.0,0.0,0.0,0.0,0.0,0.0,0.0,0.0,0.0,0.0,0.0,0.0,0.0,0.0,0.0,0.0,0.0,0.0,0.0,10
21755,46064031,460030438,ALLISON,WILLIAM,S,IA,M,R,,voting,18790613,1829-03-02,1829,1879,50,0.0,3,0,1,0,0,0,6,0,0,0,0,0,0,0,0,0,0,0,0,0,0,0,0,0,0.3,0.0,0.1,0.0,0.0,0.0,0.6,0.0,0.0,0.0,0.0,0.0,0.0,0.0,0.0,0.0,0.0,0.0,0.0,0.0,0.0,0.0,0.0,0.0,10
21763,46064031,460030446,ALLISON,WILLIAM,S,IA,M,R,,voting,18790613,1829-03-02,1829,1879,50,0.0001530839562649,0,0,0,10,0,0,0,0,0,0,0,0,0,0,0,0,0,0,0,0,0,0,0,0,0.0,0.0,0.0,1.0,0.0,0.0,0.0,0.0,0.0,0.0,0.0,0.0,0.0,0.0,0.0,0.0,0.0,0.0,0.0,0.0,0.0,0.0,0.0,0.0,10
21764,46053671,460030447,BECK,JAMES,S,KY,M,D,,voting,18790613,1822-02-13,1822,1879,57,1.4304727411469623e-06,7,0,1,7,0,1,1,2,0,0,0,0,0,1,0,0,0,0,0,0,0,0,0,0,0.35,0.0,0.05,0.35,0.0,0.05,0.05,0.1,0.0,0.0,0.0,0.0,0.0,0.05,0.0,0.0,0.0,0.0,0.0,0.0,0.0,0.0,0.0,0.0,20
24954,46048070,460035463,ATKINS,JOHN,H,TN,M,D,8.0,voting,18790618,1825-06-04,1825,1879,54,0.0,0,1,0,1,1,0,0,0,0,1,5,0,0,1,0,0,0,0,0,0,0,0,0,0,0.0,0.1,0.0,0.1,0.1,0.0,0.0,0.0,0.0,0.1,0.5,0.0,0.0,0.1,0.0,0.0,0.0,0.0,0.0,0.0,0.0,0.0,0.0,0.0,10
120123,46053760,460174093,BROWNE,THOMAS,H,IN,M,R,5.0,voting,18810303,1829-04-19,1829,1881,52,0.0,0,0,0,0,0,10,0,0,0,0,0,0,0,0,0,0,0,0,0,0,0,0,0,0,0.0,0.0,0.0,0.0,0.0,1.0,0.0,0.0,0.0,0.0,0.0,0.0,0.0,0.0,0.0,0.0,0.0,0.0,0.0,0.0,0.0,0.0,0.0,0.0,10
160140,47049360,470044764,URNER,MILTON,H,MD,M,R,6.0,voting,18820330,1839-07-29,1839,1882,43,0.0,2,10,3,6,0,0,8,0,0,0,0,0,0,0,1,0,0,0,0,0,0,0,0,0,0.06666666666666667,0.3333333333333333,0.1,0.2,0.0,0.0,0.26666666666666666,0.0,0.0,0.0,0.0,0.0,0.0,0.0,0.03333333333333333,0.0,0.0,0.0,0.0,0.0,0.0,0.0,0.0,0.0,30
36509,47048520,470058015,HAWK,ROBERT,H,IL,M,R,5.0,voting,18820427,1839-04-23,1839,1882,43,0.0,0,1,0,0,0,0,0,0,0,0,0,0,0,0,0,9,0,0,0,0,0,0,0,0,0.0,0.1,0.0,0.0,0.0,0.0,0.0,0.0,0.0,0.0,0.0,0.0,0.0,0.0,0.0,0.9,0.0,0.0,0.0,0.0,0.0,0.0,0.0,0.0,10
52202,47048610,470081636,HUMPHREY,HERMAN,H,WI,M,R,7.0,voting,18820609,1830-03-14,1830,1882,52,0.0179187775106959,17,0,0,1,2,0,0,0,0,0,0,0,0,0,0,0,0,0,0,0,0,0,0,0,0.85,0.0,0.0,0.05,0.1,0.0,0.0,0.0,0.0,0.0,0.0,0.0,0.0,0.0,0.0,0.0,0.0,0.0,0.0,0.0,0.0,0.0,0.0,0.0,20
62170,47065541,470096661,HALE,EUGENE,S,ME,M,R,,voting,18820703,1836-06-09,1836,1882,46,1.0608025900479284e-11,0,0,0,0,0,0,0,0,0,0,0,0,0,0,0,0,10,0,0,0,0,0,0,0,0.0,0.0,0.0,0.0,0.0,0.0,0.0,0.0,0.0,0.0,0.0,0.0,0.0,0.0,0.0,0.0,1.0,0.0,0.0,0.0,0.0,0.0,0.0,0.0,10
83488,47049360,470127768,URNER,MILTON,H,MD,M,R,6.0,voting,18820805,1839-07-29,1839,1882,43,0.0,0,5,5,0,0,0,0,0,0,0,0,0,0,0,0,0,0,0,0,0,0,0,0,0,0.0,0.5,0.5,0.0,0.0,0.0,0.0,0.0,0.0,0.0,0.0,0.0,0.0,0.0,0.0,0.0,0.0,0.0,0.0,0.0,0.0,0.0,0.0,0.0,10
22949,48061200,480035708,MCMILLIN,BENTON,H,TN,M,D,4.0,voting,18840403,1845-09-11,1845,1884,39,0.0,0,9,1,0,0,0,0,0,0,0,0,0,0,0,0,0,0,0,0,0,0,0,0,0,0.0,0.9,0.1,0.0,0.0,0.0,0.0,0.0,0.0,0.0,0.0,0.0,0.0,0.0,0.0,0.0,0.0,0.0,0.0,0.0,0.0,0.0,0.0,0.0,10
45315,49053390,490070829,TAULBEE,WILLIAM,H,KY,M,D,10.0,voting,18860611,1851-10-22,1851,1886,35,0.0,1,0,3,6,0,0,0,0,0,0,0,0,0,0,0,0,0,0,0,0,0,0,0,0,0.1,0.0,0.3,0.6,0.0,0.0,0.0,0.0,0.0,0.0,0.0,0.0,0.0,0.0,0.0,0.0,0.0,0.0,0.0,0.0,0.0,0.0,0.0,0.0,10
45317,49053390,490070831,TAULBEE,WILLIAM,H,KY,M,D,10.0,voting,18860611,1851-10-22,1851,1886,35,3.34273149014292e-07,0,4,1,0,1,0,0,0,1,3,0,0,0,0,0,0,0,0,0,0,0,0,0,0,0.0,0.4,0.1,0.0,0.1,0.0,0.0,0.0,0.1,0.3,0.0,0.0,0.0,0.0,0.0,0.0,0.0,0.0,0.0,0.0,0.0,0.0,0.0,0.0,10
109719,49055000,490070843,SPOONER,HENRY,H,RI,M,R,1.0,voting,18860611,1839-08-06,1839,1886,47,0.0,5,31,21,5,1,2,3,9,0,1,0,0,0,1,0,0,0,1,0,0,0,0,0,0,0.0625,0.3875,0.2625,0.0625,0.0125,0.025,0.0375,0.1125,0.0,0.0125,0.0,0.0,0.0,0.0125,0.0,0.0,0.0,0.0125,0.0,0.0,0.0,0.0,0.0,0.0,80
103237,49064451,490159590,GORMAN,ARTHUR,S,MD,M,D,,voting,18870303,1839-03-11,1839,1887,48,0.0,0,10,0,0,0,0,0,0,0,0,0,0,0,0,0,0,0,0,0,0,0,0,0,0,0.0,1.0,0.0,0.0,0.0,0.0,0.0,0.0,0.0,0.0,0.0,0.0,0.0,0.0,0.0,0.0,0.0,0.0,0.0,0.0,0.0,0.0,0.0,0.0,10
36845,50053710,500057234,BOOTHMAN,MELVIN,H,OH,M,R,6.0,voting,18880524,1846-10-16,1846,1888,42,0.0,0,24,4,2,0,0,0,0,0,0,0,0,0,0,0,0,0,0,0,0,0,10,0,0,0.0,0.6,0.1,0.05,0.0,0.0,0.0,0.0,0.0,0.0,0.0,0.0,0.0,0.0,0.0,0.0,0.0,0.0,0.0,0.0,0.0,0.25,0.0,0.0,40
37292,50060290,500057857,WASHINGTON,JOSEPH,H,TN,M,D,6.0,voting,18880525,1851-11-10,1851,1888,37,0.0,8,3,2,3,1,2,0,0,0,0,0,0,0,1,0,0,0,0,0,0,0,0,0,0,0.4,0.15,0.1,0.15,0.05,0.1,0.0,0.0,0.0,0.0,0.0,0.0,0.0,0.05,0.0,0.0,0.0,0.0,0.0,0.0,0.0,0.0,0.0,0.0,20
37293,50054850,500057858,RANDALL,SAMUEL,H,PA,M,D,3.0,voting,18880525,1828-10-10,1828,1888,60,0.0,0,8,1,0,0,0,1,0,0,0,0,0,0,0,0,0,0,0,0,0,0,0,0,0,0.0,0.8,0.1,0.0,0.0,0.0,0.1,0.0,0.0,0.0,0.0,0.0,0.0,0.0,0.0,0.0,0.0,0.0,0.0,0.0,0.0,0.0,0.0,0.0,10
63123,50064031,500096739,ALLISON,WILLIAM,S,IA,M,R,,voting,18880730,1829-03-02,1829,1888,59,3.430929492876233e-13,0,1,0,0,0,0,0,0,0,0,0,0,0,0,0,9,0,0,0,0,0,0,0,0,0.0,0.1,0.0,0.0,0.0,0.0,0.0,0.0,0.0,0.0,0.0,0.0,0.0,0.0,0.0,0.9,0.0,0.0,0.0,0.0,0.0,0.0,0.0,0.0,10
57028,51060740,510088081,DOCKERY,ALEXANDER,H,MO,M,D,3.0,voting,18900624,1845-02-11,1845,1890,45,0.0,0,10,0,0,0,0,0,0,0,0,0,0,0,0,0,0,0,0,0,0,0,0,0,0,0.0,1.0,0.0,0.0,0.0,0.0,0.0,0.0,0.0,0.0,0.0,0.0,0.0,0.0,0.0,0.0,0.0,0.0,0.0,0.0,0.0,0.0,0.0,0.0,10
184216,51053800,510091286,BUTTERWORTH,BENJAMIN,H,OH,M,R,1.0,voting,18900628,1837-10-22,1837,1890,53,0.0,0,5,0,1,0,0,2,1,1,0,0,0,0,0,0,0,0,0,0,0,0,0,0,0,0.0,0.5,0.0,0.1,0.0,0.0,0.2,0.1,0.1,0.0,0.0,0.0,0.0,0.0,0.0,0.0,0.0,0.0,0.0,0.0,0.0,0.0,0.0,0.0,10
60249,51052641,510092808,DAWES,HENRY,S,MA,M,R,,voting,18900701,1816-10-30,1816,1890,74,0.0,0,10,0,0,0,0,0,0,0,0,0,0,0,0,0,0,0,0,0,0,0,0,0,0,0.0,1.0,0.0,0.0,0.0,0.0,0.0,0.0,0.0,0.0,0.0,0.0,0.0,0.0,0.0,0.0,0.0,0.0,0.0,0.0,0.0,0.0,0.0,0.0,10
82109,51065541,510126411,HALE,EUGENE,S,ME,M,R,,voting,18900818,1836-06-09,1836,1890,54,3.5311803145674394e-18,12,1,3,2,0,1,1,0,0,0,0,0,0,0,0,0,0,0,0,0,0,0,0,0,0.6,0.05,0.15,0.1,0.0,0.05,0.05,0.0,0.0,0.0,0.0,0.0,0.0,0.0,0.0,0.0,0.0,0.0,0.0,0.0,0.0,0.0,0.0,0.0,20
5621,52054491,520008250,MANDERSON,CHARLES,S,NE,M,R,,voting,18920203,1837-02-09,1837,1892,55,4.058157247709251e-09,0,10,0,0,0,0,0,0,0,0,0,0,0,0,0,0,0,0,0,0,0,0,0,0,0.0,1.0,0.0,0.0,0.0,0.0,0.0,0.0,0.0,0.0,0.0,0.0,0.0,0.0,0.0,0.0,0.0,0.0,0.0,0.0,0.0,0.0,0.0,0.0,10
9908,52054491,520014698,MANDERSON,CHARLES,S,NE,M,R,,voting,18920215,1837-02-09,1837,1892,55,0.0,0,10,0,0,0,0,0,0,0,0,0,0,0,0,0,0,0,0,0,0,0,0,0,0,0.0,1.0,0.0,0.0,0.0,0.0,0.0,0.0,0.0,0.0,0.0,0.0,0.0,0.0,0.0,0.0,0.0,0.0,0.0,0.0,0.0,0.0,0.0,0.0,10
19526,52060930,520029191,HOLMAN,WILLIAM,H,IN,M,D,4.0,voting,18920316,1822-09-06,1822,1892,70,3.610588417492369e-19,0,8,0,1,0,0,1,0,0,0,0,0,0,0,0,0,0,0,0,0,0,0,0,0,0.0,0.8,0.0,0.1,0.0,0.0,0.1,0.0,0.0,0.0,0.0,0.0,0.0,0.0,0.0,0.0,0.0,0.0,0.0,0.0,0.0,0.0,0.0,0.0,10
19546,52055810,520029211,DICKERSON,W.,H,KY,M,D,6.0,voting,18920316,1851-11-29,1851,1892,41,0.0,0,7,2,1,0,0,0,0,0,0,0,0,0,0,0,0,0,0,0,0,0,0,0,0,0.0,0.7,0.2,0.1,0.0,0.0,0.0,0.0,0.0,0.0,0.0,0.0,0.0,0.0,0.0,0.0,0.0,0.0,0.0,0.0,0.0,0.0,0.0,0.0,10
19550,52055810,520029215,DICKERSON,W.,H,KY,M,D,6.0,voting,18920316,1851-11-29,1851,1892,41,0.0,0,3,2,4,0,0,1,0,0,0,0,0,0,0,0,0,0,0,0,0,0,0,0,0,0.0,0.3,0.2,0.4,0.0,0.0,0.1,0.0,0.0,0.0,0.0,0.0,0.0,0.0,0.0,0.0,0.0,0.0,0.0,0.0,0.0,0.0,0.0,0.0,10
19552,52055810,520029217,DICKERSON,W.,H,KY,M,D,6.0,voting,18920316,1851-11-29,1851,1892,41,0.0,0,19,0,1,0,0,0,0,0,0,0,0,0,0,0,0,0,0,0,0,0,0,0,0,0.0,0.95,0.0,0.05,0.0,0.0,0.0,0.0,0.0,0.0,0.0,0.0,0.0,0.0,0.0,0.0,0.0,0.0,0.0,0.0,0.0,0.0,0.0,0.0,20
19579,52055810,520029244,DICKERSON,W.,H,KY,M,D,6.0,voting,18920316,1851-11-29,1851,1892,41,0.0,0,9,1,0,0,0,1,0,0,9,0,0,0,0,0,0,0,0,0,0,0,0,0,0,0.0,0.45,0.05,0.0,0.0,0.0,0.05,0.0,0.0,0.45,0.0,0.0,0.0,0.0,0.0,0.0,0.0,0.0,0.0,0.0,0.0,0.0,0.0,0.0,20
19586,52055610,520029251,BUSHNELL,ALLEN,H,WI,M,D,3.0,voting,18920316,1833-07-18,1833,1892,59,7.237171054003917e-08,0,9,1,0,0,0,0,0,0,0,0,0,0,0,0,0,0,0,0,0,0,0,0,0,0.0,0.9,0.1,0.0,0.0,0.0,0.0,0.0,0.0,0.0,0.0,0.0,0.0,0.0,0.0,0.0,0.0,0.0,0.0,0.0,0.0,0.0,0.0,0.0,10
19588,52055610,520029253,BUSHNELL,ALLEN,H,WI,M,D,3.0,voting,18920316,1833-07-18,1833,1892,59,6.820407537603467e-06,0,10,0,0,0,0,0,0,0,0,0,0,0,0,0,0,0,0,0,0,0,0,0,0,0.0,1.0,0.0,0.0,0.0,0.0,0.0,0.0,0.0,0.0,0.0,0.0,0.0,0.0,0.0,0.0,0.0,0.0,0.0,0.0,0.0,0.0,0.0,0.0,10
19607,52057770,520029273,HEARD,JOHN,H,MO,M,D,6.0,voting,18920316,1840-10-29,1840,1892,52,7.169995475662447e-06,0,10,0,0,0,0,0,0,0,0,0,0,0,0,0,0,0,0,0,0,0,0,0,0,0.0,1.0,0.0,0.0,0.0,0.0,0.0,0.0,0.0,0.0,0.0,0.0,0.0,0.0,0.0,0.0,0.0,0.0,0.0,0.0,0.0,0.0,0.0,0.0,10
22602,53060040,530035906,RUSK,HARRY,H,MD,M,D,3.0,voting,18931207,1852-10-17,1852,1893,41,1.561492736316497e-16,0,19,7,1,0,0,1,0,0,1,0,0,0,1,0,0,0,0,0,0,0,0,0,0,0.0,0.6333333333333333,0.23333333333333334,0.03333333333333333,0.0,0.0,0.03333333333333333,0.0,0.0,0.03333333333333333,0.0,0.0,0.0,0.03333333333333333,0.0,0.0,0.0,0.0,0.0,0.0,0.0,0.0,0.0,0.0,30
162773,53064800,530040176,RICHARDSON,JAMES,H,TN,M,D,5.0,voting,18931219,1843-03-10,1843,1893,50,0.0035474247319813,0,9,1,0,0,0,0,0,0,0,0,0,0,0,0,0,0,0,0,0,0,0,0,0,0.0,0.9,0.1,0.0,0.0,0.0,0.0,0.0,0.0,0.0,0.0,0.0,0.0,0.0,0.0,0.0,0.0,0.0,0.0,0.0,0.0,0.0,0.0,0.0,10
79069,53059051,530130602,CHANDLER,WILLIAM,S,NH,M,R,,voting,18940614,1835-12-28,1835,1894,59,0.0,0,0,5,1,0,0,0,2,0,0,0,0,0,0,1,0,0,0,0,0,1,0,0,0,0.0,0.0,0.5,0.1,0.0,0.0,0.0,0.2,0.0,0.0,0.0,0.0,0.0,0.0,0.1,0.0,0.0,0.0,0.0,0.0,0.1,0.0,0.0,0.0,10
149681,53061961,530149990,COCKRELL,FRANCIS,S,MO,M,D,,voting,18940713,1834-10-01,1834,1894,60,2.290306533507445e-07,1,1,1,0,0,0,1,6,0,0,0,0,0,0,0,0,0,0,0,0,0,0,0,0,0.1,0.1,0.1,0.0,0.0,0.0,0.1,0.6,0.0,0.0,0.0,0.0,0.0,0.0,0.0,0.0,0.0,0.0,0.0,0.0,0.0,0.0,0.0,0.0,10
112197,53055661,530188592,CALL,WILKINSON,S,FL,M,D,,voting,18950121,1834-01-09,1834,1895,61,0.0,0,8,1,0,0,0,0,1,0,0,0,0,0,0,0,0,0,0,0,0,0,0,0,0,0.0,0.8,0.1,0.0,0.0,0.0,0.0,0.1,0.0,0.0,0.0,0.0,0.0,0.0,0.0,0.0,0.0,0.0,0.0,0.0,0.0,0.0,0.0,0.0,10
120891,53060740,530202656,DOCKERY,ALEXANDER,H,MO,M,D,3.0,voting,18950208,1845-02-11,1845,1895,50,0.0,0,0,0,0,0,0,0,0,0,0,0,0,0,0,0,0,0,0,0,0,0,0,10,0,0.0,0.0,0.0,0.0,0.0,0.0,0.0,0.0,0.0,0.0,0.0,0.0,0.0,0.0,0.0,0.0,0.0,0.0,0.0,0.0,0.0,0.0,1.0,0.0,10
113737,54058810,540073295,ALDRICH,JAMES,H,IL,M,R,1.0,voting,18960508,1853-04-06,1853,1896,43,0.0,0,0,0,0,0,0,0,8,0,1,0,0,0,0,1,0,0,0,0,0,0,0,0,0,0.0,0.0,0.0,0.0,0.0,0.0,0.0,0.8,0.0,0.1,0.0,0.0,0.0,0.0,0.1,0.0,0.0,0.0,0.0,0.0,0.0,0.0,0.0,0.0,10
64190,54068870,540103826,BINGHAM,HENRY,H,PA,M,R,1.0,voting,18961217,1841-12-04,1841,1896,55,0.0,0,10,0,0,0,0,0,0,0,0,0,0,0,0,0,0,0,0,0,0,0,0,0,0,0.0,1.0,0.0,0.0,0.0,0.0,0.0,0.0,0.0,0.0,0.0,0.0,0.0,0.0,0.0,0.0,0.0,0.0,0.0,0.0,0.0,0.0,0.0,0.0,10
64226,54061270,540103884,ODELL,BENJAMIN,H,NY,M,R,17.0,voting,18961218,1854-01-14,1854,1896,42,0.0,2,0,2,0,1,0,0,0,5,0,0,0,0,0,0,0,0,0,0,0,0,0,0,0,0.2,0.0,0.2,0.0,0.1,0.0,0.0,0.0,0.5,0.0,0.0,0.0,0.0,0.0,0.0,0.0,0.0,0.0,0.0,0.0,0.0,0.0,0.0,0.0,10
64228,54061270,540103887,ODELL,BENJAMIN,H,NY,M,R,17.0,voting,18961218,1854-01-14,1854,1896,42,0.0003117118369174,0,6,2,0,0,0,1,0,1,0,0,0,0,0,0,0,0,0,0,0,0,0,0,0,0.0,0.6,0.2,0.0,0.0,0.0,0.1,0.0,0.1,0.0,0.0,0.0,0.0,0.0,0.0,0.0,0.0,0.0,0.0,0.0,0.0,0.0,0.0,0.0,10
64233,54061270,540103892,ODELL,BENJAMIN,H,NY,M,R,17.0,voting,18961218,1854-01-14,1854,1896,42,0.0,2,0,0,6,0,0,0,0,2,0,0,0,0,0,0,0,0,0,0,0,0,0,0,0,0.2,0.0,0.0,0.6,0.0,0.0,0.0,0.0,0.2,0.0,0.0,0.0,0.0,0.0,0.0,0.0,0.0,0.0,0.0,0.0,0.0,0.0,0.0,0.0,10
115394,54059800,540103921,MILLER,ORRIN,H,KS,M,R,2.0,voting,18961218,1856-01-11,1856,1896,40,3.1620096330303765e-11,0,18,2,0,0,0,0,0,0,0,0,0,0,0,0,0,0,0,0,0,0,0,0,0,0.0,0.9,0.1,0.0,0.0,0.0,0.0,0.0,0.0,0.0,0.0,0.0,0.0,0.0,0.0,0.0,0.0,0.0,0.0,0.0,0.0,0.0,0.0,0.0,20
68188,54060210,540110087,TRACEY,JOHN,H,MO,M,R,7.0,voting,18970112,1836-09-18,1836,1897,61,0.0,1,0,0,0,0,0,0,18,0,1,0,0,0,0,0,0,0,0,0,0,0,0,0,0,0.05,0.0,0.0,0.0,0.0,0.0,0.0,0.9,0.0,0.05,0.0,0.0,0.0,0.0,0.0,0.0,0.0,0.0,0.0,0.0,0.0,0.0,0.0,0.0,20
69342,54065690,540111670,LACEY,JOHN,H,IA,M,R,6.0,voting,18970115,1841-05-30,1841,1897,56,0.0,0,0,0,0,0,0,0,9,0,1,0,0,0,0,0,0,0,0,0,0,0,0,0,0,0.0,0.0,0.0,0.0,0.0,0.0,0.0,0.9,0.0,0.1,0.0,0.0,0.0,0.0,0.0,0.0,0.0,0.0,0.0,0.0,0.0,0.0,0.0,0.0,10
134818,55058681,550027671,WHITE,STEPHEN,S,CA,M,D,,voting,18970619,1853-01-19,1853,1897,44,0.0,1,2,3,14,0,0,0,0,0,0,0,0,0,0,0,0,0,0,0,0,0,0,0,0,0.05,0.1,0.15,0.7,0.0,0.0,0.0,0.0,0.0,0.0,0.0,0.0,0.0,0.0,0.0,0.0,0.0,0.0,0.0,0.0,0.0,0.0,0.0,0.0,20
31176,55061270,550051542,ODELL,BENJAMIN,H,NY,M,R,17.0,voting,18980117,1854-01-14,1854,1898,44,0.0,0,19,1,0,0,0,0,0,0,0,0,0,0,0,0,0,0,0,0,0,0,0,0,0,0.0,0.95,0.05,0.0,0.0,0.0,0.0,0.0,0.0,0.0,0.0,0.0,0.0,0.0,0.0,0.0,0.0,0.0,0.0,0.0,0.0,0.0,0.0,0.0,20
31178,55061270,550051544,ODELL,BENJAMIN,H,NY,M,R,17.0,voting,18980117,1854-01-14,1854,1898,44,2.8148227043556248e-12,0,10,0,0,0,0,0,0,0,0,0,0,0,0,0,0,0,0,0,0,0,0,0,0,0.0,1.0,0.0,0.0,0.0,0.0,0.0,0.0,0.0,0.0,0.0,0.0,0.0,0.0,0.0,0.0,0.0,0.0,0.0,0.0,0.0,0.0,0.0,0.0,10
79079,55070120,550121961,BARTLETT,CHARLES,H,GA,M,D,6.0,voting,18980524,1853-01-31,1853,1898,45,4.237028867175345e-15,0,0,7,0,0,0,0,3,0,0,0,0,0,0,0,0,0,0,0,0,0,0,0,0,0.0,0.0,0.7,0.0,0.0,0.0,0.0,0.3,0.0,0.0,0.0,0.0,0.0,0.0,0.0,0.0,0.0,0.0,0.0,0.0,0.0,0.0,0.0,0.0,10
107581,55063410,550162766,LOUD,EUGENE,H,CA,M,R,5.0,voting,18990124,1847-03-12,1847,1899,52,0.0643658518796696,0,0,1,1,1,0,0,0,7,0,0,0,0,0,0,0,0,0,0,0,0,0,0,0,0.0,0.0,0.1,0.1,0.1,0.0,0.0,0.0,0.7,0.0,0.0,0.0,0.0,0.0,0.0,0.0,0.0,0.0,0.0,0.0,0.0,0.0,0.0,0.0,10
107587,55063410,550162773,LOUD,EUGENE,H,CA,M,R,5.0,voting,18990124,1847-03-12,1847,1899,52,0.0,13,25,6,13,3,3,2,20,1,1,0,0,0,1,1,1,0,0,0,0,0,0,0,0,0.14444444444444443,0.2777777777777778,0.06666666666666667,0.14444444444444443,0.03333333333333333,0.03333333333333333,0.022222222222222223,0.2222222222222222,0.011111111111111112,0.011111111111111112,0.0,0.0,0.0,0.011111111111111112,0.011111111111111112,0.011111111111111112,0.0,0.0,0.0,0.0,0.0,0.0,0.0,0.0,90
107588,55063410,550162774,LOUD,EUGENE,H,CA,M,R,5.0,voting,18990124,1847-03-12,1847,1899,52,0.0,0,1,0,0,0,0,0,8,0,0,0,0,0,1,0,0,0,0,0,0,0,0,0,0,0.0,0.1,0.0,0.0,0.0,0.0,0.0,0.8,0.0,0.0,0.0,0.0,0.0,0.1,0.0,0.0,0.0,0.0,0.0,0.0,0.0,0.0,0.0,0.0,10
129583,55063650,550194057,RAY,GEORGE,H,NY,M,R,26.0,voting,18990303,1844-02-03,1844,1899,55,1.0525874309227705e-05,0,0,0,0,0,0,0,0,10,0,0,0,0,0,0,0,0,0,0,0,0,0,0,0,0.0,0.0,0.0,0.0,0.0,0.0,0.0,0.0,1.0,0.0,0.0,0.0,0.0,0.0,0.0,0.0,0.0,0.0,0.0,0.0,0.0,0.0,0.0,0.0,10
129584,55062920,550194058,BULL,MELVILLE,H,RI,M,R,1.0,voting,18990303,1854-09-29,1854,1899,45,1.308923537250375e-05,0,2,6,0,0,0,1,0,1,0,0,0,0,0,0,0,0,0,0,0,0,0,0,0,0.0,0.2,0.6,0.0,0.0,0.0,0.1,0.0,0.1,0.0,0.0,0.0,0.0,0.0,0.0,0.0,0.0,0.0,0.0,0.0,0.0,0.0,0.0,0.0,10
129588,55062920,550194062,BULL,MELVILLE,H,RI,M,R,1.0,voting,18990303,1854-09-29,1854,1899,45,1.3328248615555956e-05,0,5,2,2,0,0,1,0,0,0,0,0,0,0,0,0,0,0,0,0,0,0,0,0,0.0,0.5,0.2,0.2,0.0,0.0,0.1,0.0,0.0,0.0,0.0,0.0,0.0,0.0,0.0,0.0,0.0,0.0,0.0,0.0,0.0,0.0,0.0,0.0,10
8781,56063330,560013721,JOY,CHARLES,H,MO,M,R,11.0,voting,19000206,1849-12-11,1849,1900,51,3.326940690503319e-18,2,0,0,5,2,0,0,1,0,0,0,0,0,0,0,0,0,0,0,0,0,0,0,0,0.2,0.0,0.0,0.5,0.2,0.0,0.0,0.1,0.0,0.0,0.0,0.0,0.0,0.0,0.0,0.0,0.0,0.0,0.0,0.0,0.0,0.0,0.0,0.0,10
49730,56062920,560076022,BULL,MELVILLE,H,RI,M,R,1.0,voting,19000522,1854-09-29,1854,1900,46,0.0,0,0,0,0,0,0,0,10,0,0,0,0,0,0,0,0,0,0,0,0,0,0,0,0,0.0,0.0,0.0,0.0,0.0,0.0,0.0,1.0,0.0,0.0,0.0,0.0,0.0,0.0,0.0,0.0,0.0,0.0,0.0,0.0,0.0,0.0,0.0,0.0,10
93673,56062920,560141800,BULL,MELVILLE,H,RI,M,R,1.0,voting,19010221,1854-09-29,1854,1901,47,0.0,0,10,0,0,0,0,0,0,0,0,0,0,0,0,0,0,0,0,0,0,0,0,0,0,0.0,1.0,0.0,0.0,0.0,0.0,0.0,0.0,0.0,0.0,0.0,0.0,0.0,0.0,0.0,0.0,0.0,0.0,0.0,0.0,0.0,0.0,0.0,0.0,10
124399,56063510,560141807,MOODY,WILLIAM,H,MA,M,R,6.0,voting,19010221,1853-12-23,1853,1901,48,0.4163297488779738,0,2,1,0,0,0,0,0,0,0,0,0,0,0,0,0,0,7,0,0,0,0,0,0,0.0,0.2,0.1,0.0,0.0,0.0,0.0,0.0,0.0,0.0,0.0,0.0,0.0,0.0,0.0,0.0,0.0,0.7,0.0,0.0,0.0,0.0,0.0,0.0,10
93744,56063330,560141910,JOY,CHARLES,H,MO,M,R,11.0,voting,19010221,1849-12-11,1849,1901,52,0.0396496313771643,0,9,1,0,0,0,0,0,0,0,0,0,0,0,0,0,0,0,0,0,0,0,0,0,0.0,0.9,0.1,0.0,0.0,0.0,0.0,0.0,0.0,0.0,0.0,0.0,0.0,0.0,0.0,0.0,0.0,0.0,0.0,0.0,0.0,0.0,0.0,0.0,10
95143,56068600,560144130,TAWNEY,JAMES,H,MN,M,R,1.0,voting,19010223,1855-01-03,1855,1901,46,0.0,0,10,0,0,0,0,0,0,0,0,0,0,0,0,0,0,0,0,0,0,0,0,0,0,0.0,1.0,0.0,0.0,0.0,0.0,0.0,0.0,0.0,0.0,0.0,0.0,0.0,0.0,0.0,0.0,0.0,0.0,0.0,0.0,0.0,0.0,0.0,0.0,10
9825,57070120,570014050,BARTLETT,CHARLES,H,GA,M,D,6.0,voting,19020210,1853-01-31,1853,1902,49,0.0,0,7,0,0,0,1,1,0,0,0,0,0,0,0,0,0,0,1,0,0,0,0,0,0,0.0,0.7,0.0,0.0,0.0,0.1,0.1,0.0,0.0,0.0,0.0,0.0,0.0,0.0,0.0,0.0,0.0,0.1,0.0,0.0,0.0,0.0,0.0,0.0,10
86719,58063611,580101750,PATTERSON,THOMAS,S,CO,M,D,,voting,19050209,1839-11-04,1839,1905,66,0.0,4,10,2,2,0,0,2,0,0,0,0,0,0,0,0,0,0,0,0,0,0,0,0,0,0.2,0.5,0.1,0.1,0.0,0.0,0.1,0.0,0.0,0.0,0.0,0.0,0.0,0.0,0.0,0.0,0.0,0.0,0.0,0.0,0.0,0.0,0.0,0.0,20
110756,59065470,590168056,FULKERSON,FRANK,H,MO,M,R,4.0,voting,19070220,1866-03-05,1866,1907,41,0.0,5,0,0,0,0,1,0,0,1,0,3,0,0,0,0,0,0,0,0,0,0,0,0,0,0.5,0.0,0.0,0.0,0.0,0.1,0.0,0.0,0.1,0.0,0.3,0.0,0.0,0.0,0.0,0.0,0.0,0.0,0.0,0.0,0.0,0.0,0.0,0.0,10
74809,61072100,610109611,LLOYD,JAMES,H,MO,M,D,1.0,voting,19100228,1857-08-28,1857,1910,53,0.0,9,0,0,0,1,0,0,0,0,0,0,0,0,0,0,0,0,0,0,0,0,0,0,0,0.9,0.0,0.0,0.0,0.1,0.0,0.0,0.0,0.0,0.0,0.0,0.0,0.0,0.0,0.0,0.0,0.0,0.0,0.0,0.0,0.0,0.0,0.0,0.0,10
74826,61072100,610109632,LLOYD,JAMES,H,MO,M,D,1.0,voting,19100228,1857-08-28,1857,1910,53,0.0,4,0,0,0,5,0,1,0,0,0,0,0,0,0,0,0,0,0,0,0,0,0,0,0,0.4,0.0,0.0,0.0,0.5,0.0,0.1,0.0,0.0,0.0,0.0,0.0,0.0,0.0,0.0,0.0,0.0,0.0,0.0,0.0,0.0,0.0,0.0,0.0,10
167517,61072800,610248972,CARY,WILLIAM,H,WI,M,R,4.0,voting,19110210,1865-03-22,1865,1911,46,0.0,0,7,2,0,0,0,1,0,0,0,0,0,0,0,0,0,0,0,0,0,0,0,0,0,0.0,0.7,0.2,0.0,0.0,0.0,0.1,0.0,0.0,0.0,0.0,0.0,0.0,0.0,0.0,0.0,0.0,0.0,0.0,0.0,0.0,0.0,0.0,0.0,10
182627,61074781,610273637,OWEN,ROBERT,S,OK,M,D,,voting,19110302,1856-02-02,1856,1911,55,0.0,1,2,6,0,0,0,1,0,0,0,0,0,0,0,0,0,0,0,0,0,0,0,0,0,0.1,0.2,0.6,0.0,0.0,0.0,0.1,0.0,0.0,0.0,0.0,0.0,0.0,0.0,0.0,0.0,0.0,0.0,0.0,0.0,0.0,0.0,0.0,0.0,10
183995,61072800,610275892,CARY,WILLIAM,H,WI,M,R,4.0,voting,19110302,1865-03-22,1865,1911,46,0.0,0,1,2,5,0,0,2,0,0,0,0,0,0,0,0,0,0,0,0,0,0,0,0,0,0.0,0.1,0.2,0.5,0.0,0.0,0.2,0.0,0.0,0.0,0.0,0.0,0.0,0.0,0.0,0.0,0.0,0.0,0.0,0.0,0.0,0.0,0.0,0.0,10
2981,62072100,620005008,LLOYD,JAMES,H,MO,M,D,1.0,voting,19110424,1857-08-28,1857,1911,54,0.0,0,8,1,0,0,0,1,0,0,0,0,0,0,0,0,0,0,0,0,0,0,0,0,0,0.0,0.8,0.1,0.0,0.0,0.0,0.1,0.0,0.0,0.0,0.0,0.0,0.0,0.0,0.0,0.0,0.0,0.0,0.0,0.0,0.0,0.0,0.0,0.0,10
5081,62078910,620008140,MADDEN,MARTIN,H,IL,M,R,1.0,voting,19110501,1855-03-21,1855,1911,56,0.0,0,8,2,0,0,0,0,0,0,0,0,0,0,0,0,0,0,0,0,0,0,0,0,0,0.0,0.8,0.2,0.0,0.0,0.0,0.0,0.0,0.0,0.0,0.0,0.0,0.0,0.0,0.0,0.0,0.0,0.0,0.0,0.0,0.0,0.0,0.0,0.0,10
122248,62073640,620185521,SHERLEY,JOSEPH,H,KY,M,D,5.0,voting,19120606,1871-11-28,1871,1912,41,0.0,6,2,1,0,0,0,0,0,1,0,0,0,0,0,0,0,0,0,0,0,0,0,0,0,0.6,0.2,0.1,0.0,0.0,0.0,0.0,0.0,0.1,0.0,0.0,0.0,0.0,0.0,0.0,0.0,0.0,0.0,0.0,0.0,0.0,0.0,0.0,0.0,10
138558,63079101,630216969,SMOOT,REED,S,UT,M,R,,voting,19140504,1862-01-10,1862,1914,52,0.0,0,9,0,1,0,0,0,0,0,0,0,0,0,0,0,0,0,0,0,0,0,0,0,0,0.0,0.9,0.0,0.1,0.0,0.0,0.0,0.0,0.0,0.0,0.0,0.0,0.0,0.0,0.0,0.0,0.0,0.0,0.0,0.0,0.0,0.0,0.0,0.0,10
67117,64076030,640101809,KREIDER,AARON,H,PA,M,R,18.0,voting,19160426,1863-06-26,1863,1916,53,0.0,8,0,0,0,0,0,1,0,1,0,0,0,0,0,0,0,0,0,0,0,0,0,0,0,0.8,0.0,0.0,0.0,0.0,0.0,0.1,0.0,0.1,0.0,0.0,0.0,0.0,0.0,0.0,0.0,0.0,0.0,0.0,0.0,0.0,0.0,0.0,0.0,10
158573,64073411,640247538,MCCUMBER,PORTER,S,ND,M,R,,voting,19170120,1858-02-03,1858,1917,59,0.0,0,0,0,0,0,0,0,0,0,1,0,9,0,0,0,0,0,0,0,0,0,0,0,0,0.0,0.0,0.0,0.0,0.0,0.0,0.0,0.0,0.0,0.1,0.0,0.9,0.0,0.0,0.0,0.0,0.0,0.0,0.0,0.0,0.0,0.0,0.0,0.0,10
186453,64074180,640290552,DENT,STANLEY,H,AL,M,D,2.0,voting,19170221,1869-08-16,1869,1917,48,0.0,9,1,0,0,0,0,0,0,0,0,0,0,0,0,0,0,0,0,0,0,0,0,0,0,0.9,0.1,0.0,0.0,0.0,0.0,0.0,0.0,0.0,0.0,0.0,0.0,0.0,0.0,0.0,0.0,0.0,0.0,0.0,0.0,0.0,0.0,0.0,0.0,10
102443,66090620,660171487,SUMNERS,HATTON,H,TX,M,D,5.0,voting,19200206,1875-05-30,1875,1920,45,0.0,1,1,0,1,0,0,1,0,0,6,0,0,0,0,0,0,0,0,0,0,0,0,0,0,0.1,0.1,0.0,0.1,0.0,0.0,0.1,0.0,0.0,0.6,0.0,0.0,0.0,0.0,0.0,0.0,0.0,0.0,0.0,0.0,0.0,0.0,0.0,0.0,10
81173,67076440,670132088,ROBERTSON,ALICE,H,OK,F,R,2.0,voting,19211119,1854-01-02,1854,1921,67,0.0,1,6,2,0,0,0,0,1,0,0,0,0,0,0,0,0,0,0,0,0,0,0,0,0,0.1,0.6,0.2,0.0,0.0,0.0,0.0,0.1,0.0,0.0,0.0,0.0,0.0,0.0,0.0,0.0,0.0,0.0,0.0,0.0,0.0,0.0,0.0,0.0,10
132068,67083860,670214549,ANDREW,ABRAM,H,MA,M,R,6.0,voting,19220412,1873-02-12,1873,1922,49,0.0,10,0,0,0,6,2,0,0,2,0,0,0,0,0,0,0,0,0,0,0,0,0,0,0,0.5,0.0,0.0,0.0,0.3,0.1,0.0,0.0,0.1,0.0,0.0,0.0,0.0,0.0,0.0,0.0,0.0,0.0,0.0,0.0,0.0,0.0,0.0,0.0,20
312295,67076701,670252494,WATSON,THOMAS,S,GA,M,D,,voting,19220527,1856-09-05,1856,1922,66,0.0,0,1,0,0,0,1,0,8,0,0,0,0,0,0,1,0,0,0,19,0,0,0,0,0,0.0,0.03333333333333333,0.0,0.0,0.0,0.03333333333333333,0.0,0.26666666666666666,0.0,0.0,0.0,0.0,0.0,0.0,0.03333333333333333,0.0,0.0,0.0,0.6333333333333333,0.0,0.0,0.0,0.0,0.0,30
312636,67079221,670255303,WATSON,JAMES,S,IN,M,R,,voting,19220601,1864-11-02,1864,1922,58,0.0,0,1,0,0,0,0,0,9,0,0,0,0,0,0,0,0,0,0,0,0,0,0,0,0,0.0,0.1,0.0,0.0,0.0,0.0,0.0,0.9,0.0,0.0,0.0,0.0,0.0,0.0,0.0,0.0,0.0,0.0,0.0,0.0,0.0,0.0,0.0,0.0,10
164147,67075760,670267147,HERRICK,MANUEL,H,OK,M,R,8.0,voting,19220613,1876-09-20,1876,1922,46,0.0,5,1,1,0,1,1,1,0,0,0,0,0,0,0,0,0,0,0,0,0,0,0,0,0,0.5,0.1,0.1,0.0,0.1,0.1,0.1,0.0,0.0,0.0,0.0,0.0,0.0,0.0,0.0,0.0,0.0,0.0,0.0,0.0,0.0,0.0,0.0,0.0,10
315485,67081540,670281650,JOHNSON,ALBERT,H,WA,M,R,3.0,voting,19220629,1869-03-05,1869,1922,53,0.0,5,0,0,3,0,0,1,0,0,0,0,0,0,1,0,0,0,0,0,0,0,0,0,0,0.5,0.0,0.0,0.3,0.0,0.0,0.1,0.0,0.0,0.0,0.0,0.0,0.0,0.1,0.0,0.0,0.0,0.0,0.0,0.0,0.0,0.0,0.0,0.0,10
78161,68079001,680132116,ODDIE,TASKER,S,NV,M,R,,voting,19240529,1870-10-20,1870,1924,54,0.0,6,0,1,0,1,1,0,0,0,0,1,0,0,0,0,0,0,0,0,0,0,0,0,0,0.6,0.0,0.1,0.0,0.1,0.1,0.0,0.0,0.0,0.0,0.1,0.0,0.0,0.0,0.0,0.0,0.0,0.0,0.0,0.0,0.0,0.0,0.0,0.0,10
194333,69086210,690241589,VINSON,FREDERICK,H,KY,M,D,9.0,voting,19270302,1890-01-22,1890,1927,37,0.0,3,0,1,0,2,0,0,0,0,4,0,0,0,0,0,0,0,0,0,0,0,0,0,0,0.3,0.0,0.1,0.0,0.2,0.0,0.0,0.0,0.0,0.4,0.0,0.0,0.0,0.0,0.0,0.0,0.0,0.0,0.0,0.0,0.0,0.0,0.0,0.0,10
3628,70078900,700006984,MACGREGOR,CLARENCE,H,NY,M,R,41.0,voting,19271219,1872-09-16,1872,1927,55,0.0,1,14,1,0,1,0,0,0,0,1,0,0,0,0,0,1,1,0,0,0,0,0,0,0,0.05,0.7,0.05,0.0,0.05,0.0,0.0,0.0,0.0,0.05,0.0,0.0,0.0,0.0,0.0,0.05,0.05,0.0,0.0,0.0,0.0,0.0,0.0,0.0,20
78070,70081230,700131741,GARBER,MILTON,H,OK,M,R,8.0,voting,19281215,1867-11-30,1867,1928,61,0.0,1,0,7,0,2,0,0,0,0,0,0,0,0,0,0,0,0,0,0,0,0,0,0,0,0.1,0.0,0.7,0.0,0.2,0.0,0.0,0.0,0.0,0.0,0.0,0.0,0.0,0.0,0.0,0.0,0.0,0.0,0.0,0.0,0.0,0.0,0.0,0.0,10
15361,71080941,710024954,COUZENS,JAMES,S,MI,M,R,,voting,19290604,1872-08-26,1872,1929,57,0.0,0,0,1,0,0,9,0,0,0,0,0,0,0,0,0,0,0,0,0,0,0,0,0,0,0.0,0.0,0.1,0.0,0.0,0.9,0.0,0.0,0.0,0.0,0.0,0.0,0.0,0.0,0.0,0.0,0.0,0.0,0.0,0.0,0.0,0.0,0.0,0.0,10
240643,71088511,710060413,WALSH,DAVID,S,MA,M,D,,voting,19291101,1872-11-11,1872,1929,57,0.0,8,0,2,0,0,0,0,0,0,0,0,0,0,0,0,0,0,0,0,0,0,0,0,0,0.8,0.0,0.2,0.0,0.0,0.0,0.0,0.0,0.0,0.0,0.0,0.0,0.0,0.0,0.0,0.0,0.0,0.0,0.0,0.0,0.0,0.0,0.0,0.0,10
248754,71088511,710156676,WALSH,DAVID,S,MA,M,D,,voting,19300320,1872-11-11,1872,1930,58,0.0,8,0,2,0,0,0,0,0,0,0,0,0,0,0,0,0,0,0,0,0,0,0,0,0,0.8,0.0,0.2,0.0,0.0,0.0,0.0,0.0,0.0,0.0,0.0,0.0,0.0,0.0,0.0,0.0,0.0,0.0,0.0,0.0,0.0,0.0,0.0,0.0,10
250018,71081560,710174846,JOHNSON,ROYAL,H,SD,M,R,2.0,voting,19300415,1882-10-03,1882,1930,48,0.0,8,1,11,8,0,1,0,0,0,0,0,0,1,0,0,0,0,0,0,0,0,0,0,0,0.26666666666666666,0.03333333333333333,0.36666666666666664,0.26666666666666666,0.0,0.03333333333333333,0.0,0.0,0.0,0.0,0.0,0.0,0.03333333333333333,0.0,0.0,0.0,0.0,0.0,0.0,0.0,0.0,0.0,0.0,0.0,30
253186,71089780,710213345,COCHRAN,JOHN,H,MO,M,D,11.0,voting,19300606,1880-08-11,1880,1930,50,0.0,0,2,0,0,0,0,0,7,0,1,0,0,0,0,0,0,0,0,0,0,0,0,0,0,0.0,0.2,0.0,0.0,0.0,0.0,0.0,0.7,0.0,0.1,0.0,0.0,0.0,0.0,0.0,0.0,0.0,0.0,0.0,0.0,0.0,0.0,0.0,0.0,10
76676,72087040,720115591,SCHAFER,JOHN,H,WI,M,R,4.0,voting,19320525,1893-05-07,1893,1932,39,0.001020618199796,1,0,0,0,2,7,0,0,0,0,0,0,0,0,0,0,0,0,0,0,0,0,0,0,0.1,0.0,0.0,0.0,0.2,0.7,0.0,0.0,0.0,0.0,0.0,0.0,0.0,0.0,0.0,0.0,0.0,0.0,0.0,0.0,0.0,0.0,0.0,0.0,10
81256,72087040,720123160,SCHAFER,JOHN,H,WI,M,R,4.0,voting,19320601,1893-05-07,1893,1932,39,0.0,5,0,0,0,0,0,3,1,1,0,0,0,0,0,0,0,0,0,0,0,0,0,0,0,0.5,0.0,0.0,0.0,0.0,0.0,0.3,0.1,0.1,0.0,0.0,0.0,0.0,0.0,0.0,0.0,0.0,0.0,0.0,0.0,0.0,0.0,0.0,0.0,10
103557,75096140,750147466,WIGGLESWORTH,RICHARD,H,MA,M,R,13.0,voting,19380110,1891-04-25,1891,1938,47,0.0,9,0,1,0,0,0,0,0,0,0,0,0,0,0,0,0,0,0,0,0,0,0,0,0,0.9,0.0,0.1,0.0,0.0,0.0,0.0,0.0,0.0,0.0,0.0,0.0,0.0,0.0,0.0,0.0,0.0,0.0,0.0,0.0,0.0,0.0,0.0,0.0,10
103956,75096140,750148056,WIGGLESWORTH,RICHARD,H,MA,M,R,13.0,voting,19380111,1891-04-25,1891,1938,47,0.0,15,0,0,0,3,0,0,0,0,0,2,0,0,0,0,0,0,0,0,0,0,0,0,0,0.75,0.0,0.0,0.0,0.15,0.0,0.0,0.0,0.0,0.0,0.1,0.0,0.0,0.0,0.0,0.0,0.0,0.0,0.0,0.0,0.0,0.0,0.0,0.0,20
29994,76092780,760043330,RICH,ROBERT,H,PA,M,R,16.0,voting,19390411,1883-06-23,1883,1939,56,0.0,9,0,0,0,0,0,0,0,1,0,0,0,0,0,0,0,0,0,0,0,0,0,0,0,0.9,0.0,0.0,0.0,0.0,0.0,0.0,0.0,0.1,0.0,0.0,0.0,0.0,0.0,0.0,0.0,0.0,0.0,0.0,0.0,0.0,0.0,0.0,0.0,10
69128,76091160,760102241,ELLIOTT,ALFRED,H,CA,M,D,10.0,voting,19390718,1895-06-01,1895,1939,44,0.0,2,7,1,0,0,0,0,0,0,0,0,0,0,0,0,0,0,0,0,0,0,0,0,0,0.2,0.7,0.1,0.0,0.0,0.0,0.0,0.0,0.0,0.0,0.0,0.0,0.0,0.0,0.0,0.0,0.0,0.0,0.0,0.0,0.0,0.0,0.0,0.0,10
95450,76086840,760141723,LUCE,ROBERT,H,MA,M,R,9.0,voting,19400117,1862-12-02,1862,1940,78,0.0,7,0,0,0,1,0,0,0,0,0,1,1,0,0,0,0,0,0,0,0,0,0,0,0,0.7,0.0,0.0,0.0,0.1,0.0,0.0,0.0,0.0,0.0,0.1,0.1,0.0,0.0,0.0,0.0,0.0,0.0,0.0,0.0,0.0,0.0,0.0,0.0,10
136565,77089430,770202261,STARNES,JOE,H,AL,M,D,5.0,voting,19420622,1895-03-31,1895,1942,47,0.0,6,1,0,2,0,0,0,0,1,0,0,0,0,0,0,0,0,0,0,0,0,0,0,0,0.6,0.1,0.0,0.2,0.0,0.0,0.0,0.0,0.1,0.0,0.0,0.0,0.0,0.0,0.0,0.0,0.0,0.0,0.0,0.0,0.0,0.0,0.0,0.0,10
193336,78086461,780073198,CLARK,JOEL,S,MO,M,D,,voting,19430618,1890-01-08,1890,1943,53,0.0,5,0,0,0,2,2,0,0,0,0,1,0,0,0,0,0,0,0,0,0,0,0,0,0,0.5,0.0,0.0,0.0,0.2,0.2,0.0,0.0,0.0,0.0,0.1,0.0,0.0,0.0,0.0,0.0,0.0,0.0,0.0,0.0,0.0,0.0,0.0,0.0,10
88874,79096151,790139379,WILEY,ALEXANDER,S,WI,M,R,,voting,19451220,1884-05-26,1884,1945,61,0.0,9,0,0,1,0,0,0,0,0,0,0,0,0,0,0,0,0,0,0,0,0,0,0,0,0.9,0.0,0.0,0.1,0.0,0.0,0.0,0.0,0.0,0.0,0.0,0.0,0.0,0.0,0.0,0.0,0.0,0.0,0.0,0.0,0.0,0.0,0.0,0.0,10
121262,80100361,800197851,AIKEN,GEORGE,S,VT,M,R,,voting,19480610,1892-08-20,1892,1948,56,9.376446629164724e-07,0,0,0,0,0,0,0,10,0,0,0,0,0,0,0,0,0,0,0,0,0,0,0,0,0.0,0.0,0.0,0.0,0.0,0.0,0.0,1.0,0.0,0.0,0.0,0.0,0.0,0.0,0.0,0.0,0.0,0.0,0.0,0.0,0.0,0.0,0.0,0.0,10
72805,81092901,810114909,WHERRY,KENNETH,S,NE,M,R,,voting,19490809,1892-02-28,1892,1949,57,2.2139967465170914e-19,7,0,1,0,3,8,0,0,0,0,0,0,0,1,0,0,0,0,0,0,0,0,0,0,0.35,0.0,0.05,0.0,0.15,0.4,0.0,0.0,0.0,0.0,0.0,0.0,0.0,0.05,0.0,0.0,0.0,0.0,0.0,0.0,0.0,0.0,0.0,0.0,20
171417,81090721,810275463,TYDINGS,MILLARD,S,MD,M,D,,voting,19500720,1890-04-06,1890,1950,60,0.0,3,0,0,3,1,0,1,0,1,1,0,0,0,0,0,0,0,0,0,0,0,0,0,0,0.3,0.0,0.0,0.3,0.1,0.0,0.1,0.0,0.1,0.1,0.0,0.0,0.0,0.0,0.0,0.0,0.0,0.0,0.0,0.0,0.0,0.0,0.0,0.0,10
247332,81094381,810281054,MCCARTHY,JOSEPH,S,WI,M,R,,voting,19500727,1908-11-14,1908,1950,42,0.0,1,7,1,1,0,0,0,0,0,0,0,0,0,0,0,0,0,0,0,0,0,0,0,0,0.1,0.7,0.1,0.1,0.0,0.0,0.0,0.0,0.0,0.0,0.0,0.0,0.0,0.0,0.0,0.0,0.0,0.0,0.0,0.0,0.0,0.0,0.0,0.0,10
181093,81096170,810290651,WOLVERTON,CHARLES,H,NJ,M,R,1.0,voting,19500807,1880-10-24,1880,1950,70,0.0,4,0,1,1,1,2,0,0,0,0,0,0,0,1,0,0,0,0,0,0,0,0,0,0,0.4,0.0,0.1,0.1,0.1,0.2,0.0,0.0,0.0,0.0,0.0,0.0,0.0,0.1,0.0,0.0,0.0,0.0,0.0,0.0,0.0,0.0,0.0,0.0,10
196965,82096810,820107544,ROGERS,EDITH,H,MA,F,R,5.0,voting,19510802,1881-03-19,1881,1951,70,0.0,0,3,4,0,0,1,0,1,1,0,0,0,0,0,0,0,0,0,0,0,0,0,0,0,0.0,0.3,0.4,0.0,0.0,0.1,0.0,0.1,0.1,0.0,0.0,0.0,0.0,0.0,0.0,0.0,0.0,0.0,0.0,0.0,0.0,0.0,0.0,0.0,10
85276,82100161,820120386,MUNDT,KARL,S,SD,M,R,,voting,19510824,1900-06-03,1900,1951,51,0.0,8,0,0,0,1,0,0,0,0,0,0,1,0,0,0,0,0,0,0,0,0,0,0,0,0.8,0.0,0.0,0.0,0.1,0.0,0.0,0.0,0.0,0.0,0.0,0.1,0.0,0.0,0.0,0.0,0.0,0.0,0.0,0.0,0.0,0.0,0.0,0.0,10
102429,82098081,820145605,DIRKSEN,EVERETT,S,IL,M,R,,voting,19511003,1896-01-04,1896,1951,55,0.0,0,1,7,2,0,0,0,0,0,0,0,0,0,0,0,0,0,0,0,0,0,0,0,0,0.0,0.1,0.7,0.2,0.0,0.0,0.0,0.0,0.0,0.0,0.0,0.0,0.0,0.0,0.0,0.0,0.0,0.0,0.0,0.0,0.0,0.0,0.0,0.0,10
194580,83096810,830007030,ROGERS,EDITH,H,MA,F,R,5.0,voting,19530209,1881-03-19,1881,1953,72,0.0,0,2,7,0,0,0,0,0,0,1,0,0,0,0,0,0,0,0,0,0,0,0,0,0,0.0,0.2,0.7,0.0,0.0,0.0,0.0,0.0,0.0,0.1,0.0,0.0,0.0,0.0,0.0,0.0,0.0,0.0,0.0,0.0,0.0,0.0,0.0,0.0,10
5485,83104400,830009311,MOSS,JOHN,H,CA,M,D,3.0,voting,19530219,1915-04-13,1915,1953,38,0.0,6,2,0,0,0,0,0,0,1,0,0,0,0,1,0,0,0,0,0,0,0,0,0,0,0.6,0.2,0.0,0.0,0.0,0.0,0.0,0.0,0.1,0.0,0.0,0.0,0.0,0.1,0.0,0.0,0.0,0.0,0.0,0.0,0.0,0.0,0.0,0.0,10
8834,83093451,830015011,LEHMAN,HERBERT,S,NY,M,D,,voting,19530313,1878-03-28,1878,1953,75,0.0,7,0,3,0,2,5,2,0,0,1,0,0,0,0,0,0,0,0,0,0,0,0,0,0,0.35,0.0,0.15,0.0,0.1,0.25,0.1,0.0,0.0,0.05,0.0,0.0,0.0,0.0,0.0,0.0,0.0,0.0,0.0,0.0,0.0,0.0,0.0,0.0,20
79046,83104251,830123519,HUMPHREY,HUBERT,S,MN,M,D,,voting,19540208,1911-05-27,1911,1954,43,0.0,1,1,1,0,0,3,1,2,0,0,0,0,0,0,1,0,0,0,0,0,0,0,0,0,0.1,0.1,0.1,0.0,0.0,0.3,0.1,0.2,0.0,0.0,0.0,0.0,0.0,0.0,0.1,0.0,0.0,0.0,0.0,0.0,0.0,0.0,0.0,0.0,10
154032,83104251,830248784,HUMPHREY,HUBERT,S,MN,M,D,,voting,19540805,1911-05-27,1911,1954,43,1.415297506339087e-13,7,0,1,0,0,0,1,0,0,1,0,0,0,0,0,0,0,0,0,0,0,0,0,0,0.7,0.0,0.1,0.0,0.0,0.0,0.1,0.0,0.0,0.1,0.0,0.0,0.0,0.0,0.0,0.0,0.0,0.0,0.0,0.0,0.0,0.0,0.0,0.0,10
161059,84095431,840115022,CASE,FRANCIS,S,SD,M,R,,voting,19560203,1896-12-09,1896,1956,60,0.0,7,0,0,0,1,2,0,0,0,0,0,0,0,0,0,0,0,0,0,0,0,0,0,0,0.7,0.0,0.0,0.0,0.1,0.2,0.0,0.0,0.0,0.0,0.0,0.0,0.0,0.0,0.0,0.0,0.0,0.0,0.0,0.0,0.0,0.0,0.0,0.0,10
69954,84104251,840128836,HUMPHREY,HUBERT,S,MN,M,D,,voting,19560301,1911-05-27,1911,1956,45,0.0,1,0,0,0,0,0,0,0,0,0,0,9,0,0,0,0,0,0,0,0,0,0,0,0,0.1,0.0,0.0,0.0,0.0,0.0,0.0,0.0,0.0,0.0,0.0,0.9,0.0,0.0,0.0,0.0,0.0,0.0,0.0,0.0,0.0,0.0,0.0,0.0,10
83694,84094751,840151284,BARKLEY,ALBEN,S,KY,M,D,,voting,19560411,1877-11-24,1877,1956,79,0.0,8,0,2,0,0,0,0,0,0,0,0,0,0,0,0,0,0,0,0,0,0,0,0,0,0.8,0.0,0.2,0.0,0.0,0.0,0.0,0.0,0.0,0.0,0.0,0.0,0.0,0.0,0.0,0.0,0.0,0.0,0.0,0.0,0.0,0.0,0.0,0.0,10
111607,84095490,840203097,CRETELLA,ALBERT,H,CT,M,R,3.0,voting,19560706,1897-04-22,1897,1956,59,0.0,1,0,1,0,7,0,0,0,1,0,0,0,0,0,0,0,0,0,0,0,0,0,0,0,0.1,0.0,0.1,0.0,0.7,0.0,0.0,0.0,0.1,0.0,0.0,0.0,0.0,0.0,0.0,0.0,0.0,0.0,0.0,0.0,0.0,0.0,0.0,0.0,10
102463,85102310,850179672,GROSS,HAROLD,H,IA,M,R,3.0,voting,19580319,1899-06-30,1899,1958,59,0.0,3,0,0,0,0,0,0,0,0,0,2,0,0,0,0,0,5,0,0,0,0,0,0,0,0.3,0.0,0.0,0.0,0.0,0.0,0.0,0.0,0.0,0.0,0.2,0.0,0.0,0.0,0.0,0.0,0.5,0.0,0.0,0.0,0.0,0.0,0.0,0.0,10
138306,85098351,850242298,JOHNSTON,OLIN,S,SC,M,D,,voting,19580702,1896-11-18,1896,1958,62,0.0,15,0,1,0,1,1,1,0,1,0,0,0,0,0,0,0,0,0,0,0,0,0,0,0,0.75,0.0,0.05,0.0,0.05,0.05,0.05,0.0,0.05,0.0,0.0,0.0,0.0,0.0,0.0,0.0,0.0,0.0,0.0,0.0,0.0,0.0,0.0,0.0,20
174866,86101691,860031647,MOSS,FRANK,S,UT,M,D,,voting,19590407,1911-09-23,1911,1959,48,0.0,6,0,1,0,1,0,1,0,0,0,0,0,0,1,0,0,0,0,0,0,0,0,0,0,0.6,0.0,0.1,0.0,0.1,0.0,0.1,0.0,0.0,0.0,0.0,0.0,0.0,0.1,0.0,0.0,0.0,0.0,0.0,0.0,0.0,0.0,0.0,0.0,10
175053,86099590,860033956,SCOTT,RALPH,H,NC,M,D,5.0,voting,19590414,1905-10-15,1905,1959,54,6.284369732459521e-15,11,0,0,0,2,6,0,0,1,0,0,0,0,0,0,0,0,0,0,0,0,0,0,0,0.55,0.0,0.0,0.0,0.1,0.3,0.0,0.0,0.05,0.0,0.0,0.0,0.0,0.0,0.0,0.0,0.0,0.0,0.0,0.0,0.0,0.0,0.0,0.0,20
102988,86103451,860181805,JAVITS,JACOB,S,NY,M,R,,voting,19600304,1904-05-18,1904,1960,56,0.0,5,0,1,4,0,0,0,0,0,0,0,0,0,0,0,0,0,0,0,0,0,0,0,0,0.5,0.0,0.1,0.4,0.0,0.0,0.0,0.0,0.0,0.0,0.0,0.0,0.0,0.0,0.0,0.0,0.0,0.0,0.0,0.0,0.0,0.0,0.0,0.0,10
111345,86096250,860195628,BENTLEY,ALVIN,H,MI,M,R,8.0,voting,19600321,1918-08-30,1918,1960,42,0.0,6,0,2,1,1,0,0,0,0,0,0,0,0,0,0,0,0,0,0,0,0,0,0,0,0.6,0.0,0.2,0.1,0.1,0.0,0.0,0.0,0.0,0.0,0.0,0.0,0.0,0.0,0.0,0.0,0.0,0.0,0.0,0.0,0.0,0.0,0.0,0.0,10
114720,87100700,870195055,LIPSCOMB,GLENARD,H,CA,M,R,24.0,voting,19620515,1915-08-19,1915,1962,47,0.0,9,0,0,0,0,0,0,0,0,0,0,1,0,0,0,0,0,0,0,0,0,0,0,0,0.9,0.0,0.0,0.0,0.0,0.0,0.0,0.0,0.0,0.0,0.0,0.1,0.0,0.0,0.0,0.0,0.0,0.0,0.0,0.0,0.0,0.0,0.0,0.0,10
206462,88102280,880108816,GREEN,EDITH,H,OR,F,D,3.0,voting,19631028,1910-01-17,1910,1963,53,0.0,1,1,6,0,0,1,0,0,0,0,0,0,1,0,0,0,0,0,0,0,0,0,0,0,0.1,0.1,0.6,0.0,0.0,0.1,0.0,0.0,0.0,0.0,0.0,0.0,0.1,0.0,0.0,0.0,0.0,0.0,0.0,0.0,0.0,0.0,0.0,0.0,10
78436,88102680,880135146,NELSEN,ANCHER,H,MN,M,R,2.0,voting,19631216,1904-10-11,1904,1963,59,0.0,2,1,0,0,7,0,0,0,0,0,0,0,0,0,0,0,0,0,0,0,0,0,0,0,0.2,0.1,0.0,0.0,0.7,0.0,0.0,0.0,0.0,0.0,0.0,0.0,0.0,0.0,0.0,0.0,0.0,0.0,0.0,0.0,0.0,0.0,0.0,0.0,10
160182,88101530,880265199,KYL,JOHN,H,IA,M,R,4.0,voting,19640804,1919-05-09,1919,1964,45,0.0,37,3,5,3,7,7,16,0,0,0,1,0,0,1,0,0,0,0,0,0,0,0,0,0,0.4625,0.0375,0.0625,0.0375,0.0875,0.0875,0.2,0.0,0.0,0.0,0.0125,0.0,0.0,0.0125,0.0,0.0,0.0,0.0,0.0,0.0,0.0,0.0,0.0,0.0,80
172622,88099501,880285182,PROUTY,WINSTON,S,VT,M,R,,voting,19640902,1906-09-01,1906,1964,58,0.0,0,1,0,0,1,0,0,1,0,0,7,0,0,0,0,0,0,0,0,0,0,0,0,0,0.0,0.1,0.0,0.0,0.1,0.0,0.0,0.1,0.0,0.0,0.7,0.0,0.0,0.0,0.0,0.0,0.0,0.0,0.0,0.0,0.0,0.0,0.0,0.0,10
11464,89102631,890021193,METCALF,LEE,S,MT,M,D,,voting,19650310,1911-01-28,1911,1965,54,0.0,6,0,1,0,3,0,0,9,1,0,0,0,0,0,0,0,0,0,0,0,0,0,0,0,0.3,0.0,0.05,0.0,0.15,0.0,0.0,0.45,0.05,0.0,0.0,0.0,0.0,0.0,0.0,0.0,0.0,0.0,0.0,0.0,0.0,0.0,0.0,0.0,20
210578,89099801,890168037,WILLIAMS,JOHN,S,DE,M,R,,voting,19660126,1904-05-17,1904,1966,62,0.0,0,0,0,0,10,0,0,0,0,0,0,0,0,0,0,0,0,0,0,0,0,0,0,0,0.0,0.0,0.0,0.0,1.0,0.0,0.0,0.0,0.0,0.0,0.0,0.0,0.0,0.0,0.0,0.0,0.0,0.0,0.0,0.0,0.0,0.0,0.0,0.0,10
102200,89099841,890185461,ALLOTT,GORDON,S,CO,M,R,,voting,19660307,1907-01-02,1907,1966,59,0.0,9,0,0,1,0,0,0,0,0,0,0,0,0,0,0,0,0,0,0,0,0,0,0,0,0.9,0.0,0.0,0.1,0.0,0.0,0.0,0.0,0.0,0.0,0.0,0.0,0.0,0.0,0.0,0.0,0.0,0.0,0.0,0.0,0.0,0.0,0.0,0.0,10
211617,89099801,890185622,WILLIAMS,JOHN,S,DE,M,R,,voting,19660307,1904-05-17,1904,1966,62,0.0,0,0,0,0,9,0,0,0,1,0,0,0,0,0,0,0,0,0,0,0,0,0,0,0,0.0,0.0,0.0,0.0,0.9,0.0,0.0,0.0,0.1,0.0,0.0,0.0,0.0,0.0,0.0,0.0,0.0,0.0,0.0,0.0,0.0,0.0,0.0,0.0,10
110238,89105000,890200995,FLOOD,DANIEL,H,PA,M,D,11.0,voting,19660419,1903-11-26,1903,1966,63,0.0,7,0,0,2,0,0,1,0,0,0,0,0,0,0,0,0,0,0,0,0,0,0,0,0,0.7,0.0,0.0,0.2,0.0,0.0,0.1,0.0,0.0,0.0,0.0,0.0,0.0,0.0,0.0,0.0,0.0,0.0,0.0,0.0,0.0,0.0,0.0,0.0,10
117907,89100370,890214739,AYRES,WILLIAM,H,OH,M,R,14.0,voting,19660524,1916-02-05,1916,1966,50,0.0,0,7,1,0,1,0,0,0,0,0,1,0,0,0,0,0,0,0,0,0,0,0,0,0,0.0,0.7,0.1,0.0,0.1,0.0,0.0,0.0,0.0,0.0,0.1,0.0,0.0,0.0,0.0,0.0,0.0,0.0,0.0,0.0,0.0,0.0,0.0,0.0,10
124323,89107940,890226116,RODINO,PETER,H,NJ,M,D,10.0,voting,19660616,1909-06-07,1909,1966,57,0.0,9,0,0,0,1,0,0,0,0,0,0,0,0,0,0,0,0,0,0,0,0,0,0,0,0.9,0.0,0.0,0.0,0.1,0.0,0.0,0.0,0.0,0.0,0.0,0.0,0.0,0.0,0.0,0.0,0.0,0.0,0.0,0.0,0.0,0.0,0.0,0.0,10
124378,89103990,890226181,BURKE,JAMES,H,MA,M,D,11.0,voting,19660616,1910-03-30,1910,1966,56,0.0,15,0,2,0,2,0,0,0,1,0,0,0,0,0,0,0,0,0,0,0,0,0,0,0,0.75,0.0,0.1,0.0,0.1,0.0,0.0,0.0,0.05,0.0,0.0,0.0,0.0,0.0,0.0,0.0,0.0,0.0,0.0,0.0,0.0,0.0,0.0,0.0,20
48962,90098521,900085240,MONRONEY,ALMER,S,OK,M,D,,voting,19670710,1902-03-02,1902,1967,65,0.0,0,9,1,0,0,0,0,0,0,0,0,0,0,0,0,0,0,0,0,0,0,0,0,0,0.0,0.9,0.1,0.0,0.0,0.0,0.0,0.0,0.0,0.0,0.0,0.0,0.0,0.0,0.0,0.0,0.0,0.0,0.0,0.0,0.0,0.0,0.0,0.0,10
75985,90103060,900130356,ALBERT,CARL,H,OK,M,D,3.0,voting,19670926,1908-05-10,1908,1967,59,0.0,0,0,0,0,0,0,0,1,0,0,0,0,0,9,0,0,0,0,0,0,0,0,0,0,0.0,0.0,0.0,0.0,0.0,0.0,0.0,0.1,0.0,0.0,0.0,0.0,0.0,0.9,0.0,0.0,0.0,0.0,0.0,0.0,0.0,0.0,0.0,0.0,10
97514,90098081,900165852,DIRKSEN,EVERETT,S,IL,M,R,,voting,19671120,1896-01-04,1896,1967,71,0.0,7,0,8,1,0,3,1,0,0,0,0,0,0,0,0,0,0,0,0,0,0,0,0,0,0.35,0.0,0.4,0.05,0.0,0.15,0.05,0.0,0.0,0.0,0.0,0.0,0.0,0.0,0.0,0.0,0.0,0.0,0.0,0.0,0.0,0.0,0.0,0.0,20
239810,90099801,900297232,WILLIAMS,JOHN,S,DE,M,R,,voting,19680726,1904-05-17,1904,1968,64,0.0,7,0,0,1,1,0,1,0,0,0,0,0,0,0,0,0,0,0,0,0,0,0,0,0,0.7,0.0,0.0,0.1,0.1,0.0,0.1,0.0,0.0,0.0,0.0,0.0,0.0,0.0,0.0,0.0,0.0,0.0,0.0,0.0,0.0,0.0,0.0,0.0,10
98677,91100611,910169665,FULBRIGHT,JAMES,S,AR,M,D,,voting,19700226,1905-04-09,1905,1970,65,0.0,10,0,0,0,0,0,0,0,0,0,0,0,0,0,0,0,0,0,0,0,0,0,0,0,1.0,0.0,0.0,0.0,0.0,0.0,0.0,0.0,0.0,0.0,0.0,0.0,0.0,0.0,0.0,0.0,0.0,0.0,0.0,0.0,0.0,0.0,0.0,0.0,10
238626,91104520,910200375,ROONEY,FREDERICK,H,PA,M,D,15.0,voting,19700428,1925-11-06,1925,1970,45,0.0,10,0,0,0,0,0,0,0,0,0,0,0,0,0,0,0,0,0,0,0,0,0,0,0,1.0,0.0,0.0,0.0,0.0,0.0,0.0,0.0,0.0,0.0,0.0,0.0,0.0,0.0,0.0,0.0,0.0,0.0,0.0,0.0,0.0,0.0,0.0,0.0,10
161506,91100541,910274010,ERVIN,SAMUEL,S,NC,M,D,,voting,19700908,1896-09-27,1896,1970,74,0.0,6,0,0,3,1,0,0,0,0,0,0,0,0,0,0,0,0,0,0,0,0,0,0,0,0.6,0.0,0.0,0.3,0.1,0.0,0.0,0.0,0.0,0.0,0.0,0.0,0.0,0.0,0.0,0.0,0.0,0.0,0.0,0.0,0.0,0.0,0.0,0.0,10
4765,92105590,920010321,ASHBROOK,JOHN,H,OH,M,R,17.0,voting,19710302,1928-09-21,1928,1971,43,0.0,8,0,0,0,1,0,0,0,0,1,0,0,0,0,0,0,0,0,0,0,0,0,0,0,0.8,0.0,0.0,0.0,0.1,0.0,0.0,0.0,0.0,0.1,0.0,0.0,0.0,0.0,0.0,0.0,0.0,0.0,0.0,0.0,0.0,0.0,0.0,0.0,10
7899,92112250,920017035,YATES,SIDNEY,H,IL,M,D,9.0,voting,19710318,1909-08-27,1909,1971,62,0.0,8,0,0,0,1,0,0,0,0,0,0,1,0,0,0,0,0,0,0,0,0,0,0,0,0.8,0.0,0.0,0.0,0.1,0.0,0.0,0.0,0.0,0.0,0.0,0.1,0.0,0.0,0.0,0.0,0.0,0.0,0.0,0.0,0.0,0.0,0.0,0.0,10
8272,92114941,920017829,KENNEDY,EDWARD,S,MA,M,D,,voting,19710323,1932-02-22,1932,1971,39,0.0,6,0,0,2,0,0,2,0,0,0,0,0,0,0,0,0,0,0,0,0,0,0,0,0,0.6,0.0,0.0,0.2,0.0,0.0,0.2,0.0,0.0,0.0,0.0,0.0,0.0,0.0,0.0,0.0,0.0,0.0,0.0,0.0,0.0,0.0,0.0,0.0,10
219416,92104520,920194009,ROONEY,FREDERICK,H,PA,M,D,15.0,voting,19720315,1925-11-06,1925,1972,47,0.0,6,0,0,0,0,3,0,1,0,0,0,0,0,0,0,0,0,0,0,0,0,0,0,0,0.6,0.0,0.0,0.0,0.0,0.3,0.0,0.1,0.0,0.0,0.0,0.0,0.0,0.0,0.0,0.0,0.0,0.0,0.0,0.0,0.0,0.0,0.0,0.0,10
92716,93102051,930159591,CASE,CLIFFORD,S,NJ,M,R,,voting,19731207,1904-04-16,1904,1973,69,0.0,7,0,0,0,1,2,0,0,0,0,0,0,0,0,0,0,0,0,0,0,0,0,0,0,0.7,0.0,0.0,0.0,0.1,0.2,0.0,0.0,0.0,0.0,0.0,0.0,0.0,0.0,0.0,0.0,0.0,0.0,0.0,0.0,0.0,0.0,0.0,0.0,10
258704,93102950,930297415,WARE,JOHN,H,PA,M,R,5.0,voting,19740909,1908-08-29,1908,1974,66,0.0,22,0,1,2,17,4,0,1,3,0,0,0,10,0,0,0,0,0,0,0,0,0,0,0,0.36666666666666664,0.0,0.016666666666666666,0.03333333333333333,0.2833333333333333,0.06666666666666667,0.0,0.016666666666666666,0.05,0.0,0.0,0.0,0.16666666666666666,0.0,0.0,0.0,0.0,0.0,0.0,0.0,0.0,0.0,0.0,0.0,60
9396,94113190,940018453,MINK,PATSY,H,HI,F,D,2.0,voting,19750310,1927-12-06,1927,1975,48,0.0,6,0,0,0,2,0,0,0,1,1,0,0,0,0,0,0,0,0,0,0,0,0,0,0,0.6,0.0,0.0,0.0,0.2,0.0,0.0,0.0,0.1,0.1,0.0,0.0,0.0,0.0,0.0,0.0,0.0,0.0,0.0,0.0,0.0,0.0,0.0,0.0,10
250616,94106051,940080646,GOLDWATER,BARRY,S,AZ,M,R,,voting,19750613,1909-01-01,1909,1975,66,0.0,1,5,0,0,0,1,0,1,0,0,0,0,1,1,0,0,0,0,0,0,0,0,0,0,0.1,0.5,0.0,0.0,0.0,0.1,0.0,0.1,0.0,0.0,0.0,0.0,0.1,0.1,0.0,0.0,0.0,0.0,0.0,0.0,0.0,0.0,0.0,0.0,10
100514,94103151,940166113,CHURCH,FRANK,S,ID,M,D,,voting,19751030,1924-07-25,1924,1975,51,0.0,0,1,1,0,0,0,0,0,0,0,0,0,7,1,0,0,0,0,0,0,0,0,0,0,0.0,0.1,0.1,0.0,0.0,0.0,0.0,0.0,0.0,0.0,0.0,0.0,0.7,0.1,0.0,0.0,0.0,0.0,0.0,0.0,0.0,0.0,0.0,0.0,10
116245,94106120,940193295,HECKLER,MARGARET,H,MA,F,R,10.0,voting,19751210,1931-06-21,1931,1975,44,1.5090698271876018e-17,10,0,0,0,0,0,0,0,0,0,0,0,0,0,0,0,0,0,0,0,0,0,0,0,1.0,0.0,0.0,0.0,0.0,0.0,0.0,0.0,0.0,0.0,0.0,0.0,0.0,0.0,0.0,0.0,0.0,0.0,0.0,0.0,0.0,0.0,0.0,0.0,10
302636,95104561,950062075,SCHMITT,HARRISON,S,NM,M,R,,voting,19770518,1935-07-03,1935,1977,42,0.0,7,0,0,0,2,0,0,0,0,0,0,1,0,0,0,0,0,0,0,0,0,0,0,0,0.7,0.0,0.0,0.0,0.2,0.0,0.0,0.0,0.0,0.0,0.0,0.1,0.0,0.0,0.0,0.0,0.0,0.0,0.0,0.0,0.0,0.0,0.0,0.0,10
168347,95101951,950282200,BARTLETT,DEWEY,S,OK,M,R,,voting,19780609,1919-03-28,1919,1978,59,0.0,0,0,0,0,1,0,6,1,1,0,0,0,0,1,0,0,0,0,0,0,0,0,0,0,0.0,0.0,0.0,0.0,0.1,0.0,0.6,0.1,0.1,0.0,0.0,0.0,0.0,0.1,0.0,0.0,0.0,0.0,0.0,0.0,0.0,0.0,0.0,0.0,10
121,96105330,960000201,ROBERTS,HERBERT,H,TX,M,D,4.0,voting,19790115,1913-03-28,1913,1979,66,0.0,15,3,7,0,12,8,1,1,1,1,0,0,1,0,0,0,0,0,0,0,0,0,0,0,0.3,0.06,0.14,0.0,0.24,0.16,0.02,0.02,0.02,0.02,0.0,0.0,0.02,0.0,0.0,0.0,0.0,0.0,0.0,0.0,0.0,0.0,0.0,0.0,50
258947,96109311,960000468,KASSEBAUM,NANCY,S,KS,F,R,,voting,19790115,1932-07-29,1932,1979,47,0.0,0,0,0,0,0,8,0,2,0,0,0,0,0,0,0,0,0,0,0,0,0,0,0,0,0.0,0.0,0.0,0.0,0.0,0.8,0.0,0.2,0.0,0.0,0.0,0.0,0.0,0.0,0.0,0.0,0.0,0.0,0.0,0.0,0.0,0.0,0.0,0.0,10
3912,96108600,960007767,TAUKE,THOMAS,H,IA,M,R,2.0,voting,19790226,1950-10-11,1950,1979,29,0.0,0,0,0,0,0,0,0,0,0,19,0,0,0,1,0,0,0,0,0,0,0,0,0,0,0.0,0.0,0.0,0.0,0.0,0.0,0.0,0.0,0.0,0.95,0.0,0.0,0.0,0.05,0.0,0.0,0.0,0.0,0.0,0.0,0.0,0.0,0.0,0.0,20
97041,96105440,960158460,THOMPSON,FRANK,H,NJ,M,D,4.0,voting,19791116,1918-07-26,1918,1979,61,0.0,0,0,0,0,0,0,0,10,0,0,0,0,0,0,0,0,0,0,0,0,0,0,0,0,0.0,0.0,0.0,0.0,0.0,0.0,0.0,1.0,0.0,0.0,0.0,0.0,0.0,0.0,0.0,0.0,0.0,0.0,0.0,0.0,0.0,0.0,0.0,0.0,10
97596,96105071,960159365,HUDDLESTON,WALTER,S,KY,M,D,,voting,19791116,1926-04-15,1926,1979,53,0.0,0,0,0,0,0,0,0,0,0,10,0,0,0,0,0,0,0,0,0,0,0,0,0,0,0.0,0.0,0.0,0.0,0.0,0.0,0.0,0.0,0.0,1.0,0.0,0.0,0.0,0.0,0.0,0.0,0.0,0.0,0.0,0.0,0.0,0.0,0.0,0.0,10
20868,97111410,970034737,MONTGOMERY,GILLESPIE,H,MS,M,D,3.0,voting,19810601,1920-08-05,1920,1981,61,0.0,1,0,0,0,0,1,0,0,0,0,8,0,0,0,0,0,0,0,0,0,0,0,0,0,0.1,0.0,0.0,0.0,0.0,0.1,0.0,0.0,0.0,0.0,0.8,0.0,0.0,0.0,0.0,0.0,0.0,0.0,0.0,0.0,0.0,0.0,0.0,0.0,10
29523,97110690,970048210,PICKLE,JAMES,H,TX,M,D,10.0,voting,19810625,1913-10-11,1913,1981,68,0.0,0,2,6,0,1,0,0,0,0,0,0,0,0,0,1,0,0,0,0,0,0,0,0,0,0.0,0.2,0.6,0.0,0.1,0.0,0.0,0.0,0.0,0.0,0.0,0.0,0.0,0.0,0.1,0.0,0.0,0.0,0.0,0.0,0.0,0.0,0.0,0.0,10
36528,97109830,970058474,SOLARZ,STEPHEN,H,NY,M,D,13.0,voting,19810717,1940-09-12,1940,1981,41,0.0,4,1,4,8,0,0,1,0,0,0,0,0,0,1,1,0,0,0,0,0,0,0,0,0,0.2,0.05,0.2,0.4,0.0,0.0,0.05,0.0,0.0,0.0,0.0,0.0,0.0,0.05,0.05,0.0,0.0,0.0,0.0,0.0,0.0,0.0,0.0,0.0,20
72581,97113881,970114157,STEVENS,TED,S,AK,M,R,,voting,19811119,1923-11-18,1923,1981,58,0.0,2,1,1,3,0,0,2,1,0,0,0,0,0,0,0,0,0,0,0,0,0,0,0,0,0.2,0.1,0.1,0.3,0.0,0.0,0.2,0.1,0.0,0.0,0.0,0.0,0.0,0.0,0.0,0.0,0.0,0.0,0.0,0.0,0.0,0.0,0.0,0.0,10
83501,97104811,970130856,BAKER,HOWARD,S,TN,M,R,,voting,19811215,1925-11-15,1925,1981,56,1.884362829344035e-15,0,0,0,0,0,7,0,1,0,1,0,0,0,0,1,0,0,0,0,0,0,0,0,0,0.0,0.0,0.0,0.0,0.0,0.7,0.0,0.1,0.0,0.1,0.0,0.0,0.0,0.0,0.1,0.0,0.0,0.0,0.0,0.0,0.0,0.0,0.0,0.0,10
86845,97108181,970136183,DANFORTH,JOHN,S,MO,M,R,,voting,19820202,1936-09-05,1936,1982,46,0.0,1,0,0,0,0,0,0,0,0,0,0,0,0,9,0,0,0,0,0,0,0,0,0,0,0.1,0.0,0.0,0.0,0.0,0.0,0.0,0.0,0.0,0.0,0.0,0.0,0.0,0.9,0.0,0.0,0.0,0.0,0.0,0.0,0.0,0.0,0.0,0.0,10
180182,97104811,970281204,BAKER,HOWARD,S,TN,M,R,,voting,19821221,1925-11-15,1925,1982,57,0.0,1,0,4,0,0,0,0,0,0,4,0,1,0,0,0,0,0,0,0,0,0,0,0,0,0.1,0.0,0.4,0.0,0.0,0.0,0.0,0.0,0.0,0.4,0.0,0.1,0.0,0.0,0.0,0.0,0.0,0.0,0.0,0.0,0.0,0.0,0.0,0.0,10
17526,98107821,980027298,KASTEN,ROBERT,S,WI,M,R,,voting,19830418,1942-06-19,1942,1983,41,1.0174341436762558e-15,8,0,0,1,1,0,0,0,0,0,0,0,0,0,0,0,0,0,0,0,0,0,0,0,0.8,0.0,0.0,0.1,0.1,0.0,0.0,0.0,0.0,0.0,0.0,0.0,0.0,0.0,0.0,0.0,0.0,0.0,0.0,0.0,0.0,0.0,0.0,0.0,10
17528,98107821,980027300,KASTEN,ROBERT,S,WI,M,R,,voting,19830418,1942-06-19,1942,1983,41,0.0,0,0,1,0,0,0,0,0,9,0,0,0,0,0,0,0,0,0,0,0,0,0,0,0,0.0,0.0,0.1,0.0,0.0,0.0,0.0,0.0,0.9,0.0,0.0,0.0,0.0,0.0,0.0,0.0,0.0,0.0,0.0,0.0,0.0,0.0,0.0,0.0,10
42289,98106981,980064389,STAFFORD,ROBERT,S,VT,M,R,,voting,19830628,1913-08-08,1913,1983,70,0.0,6,0,0,1,1,0,2,0,0,0,0,0,0,0,0,0,10,0,0,0,0,0,0,0,0.3,0.0,0.0,0.05,0.05,0.0,0.1,0.0,0.0,0.0,0.0,0.0,0.0,0.0,0.0,0.0,0.5,0.0,0.0,0.0,0.0,0.0,0.0,0.0,20
75129,98111700,980112843,DE LA GARZA,ELIGIO,H,TX,M,D,15.0,voting,19831018,1927-09-22,1927,1983,56,0.0,0,0,0,0,1,1,0,8,0,0,0,0,0,0,0,0,0,0,0,0,0,0,0,0,0.0,0.0,0.0,0.0,0.1,0.1,0.0,0.8,0.0,0.0,0.0,0.0,0.0,0.0,0.0,0.0,0.0,0.0,0.0,0.0,0.0,0.0,0.0,0.0,10
169750,98108511,980254495,SASSER,JAMES,S,TN,M,D,,voting,19840913,1936-09-30,1936,1984,48,0.0,9,0,0,1,0,0,0,0,0,0,0,0,0,0,0,0,0,0,0,0,0,0,0,0,0.9,0.0,0.0,0.1,0.0,0.0,0.0,0.0,0.0,0.0,0.0,0.0,0.0,0.0,0.0,0.0,0.0,0.0,0.0,0.0,0.0,0.0,0.0,0.0,10
171327,98109720,980257050,ROYBAL,EDWARD,H,CA,M,D,25.0,voting,19840919,1916-02-10,1916,1984,68,0.0,7,0,0,0,1,0,0,0,1,1,0,0,0,0,0,0,0,0,0,0,0,0,0,0,0.7,0.0,0.0,0.0,0.1,0.0,0.0,0.0,0.1,0.1,0.0,0.0,0.0,0.0,0.0,0.0,0.0,0.0,0.0,0.0,0.0,0.0,0.0,0.0,10
58394,99109651,990088530,PRYOR,DAVID,S,AR,M,D,,voting,19850930,1934-08-29,1934,1985,51,0.0,5,0,1,1,1,1,0,0,1,0,0,0,0,0,0,0,0,0,0,0,0,0,0,0,0.5,0.0,0.1,0.1,0.1,0.1,0.0,0.0,0.1,0.0,0.0,0.0,0.0,0.0,0.0,0.0,0.0,0.0,0.0,0.0,0.0,0.0,0.0,0.0,10
103865,99112160,990156285,SOLOMON,GERALD,H,NY,M,R,24.0,voting,19860227,1930-08-14,1930,1986,56,0.0,1,0,0,1,0,1,0,0,0,0,0,0,0,7,0,0,0,0,0,0,0,0,0,0,0.1,0.0,0.0,0.1,0.0,0.1,0.0,0.0,0.0,0.0,0.0,0.0,0.0,0.7,0.0,0.0,0.0,0.0,0.0,0.0,0.0,0.0,0.0,0.0,10
41826,100120181,1000064857,LEAHY,PATRICK,S,VT,M,D,,voting,19870630,1940-03-31,1940,1987,47,0.0,2,0,0,0,0,8,0,0,0,0,0,0,0,0,0,0,0,0,0,0,0,0,0,0,0.2,0.0,0.0,0.0,0.0,0.8,0.0,0.0,0.0,0.0,0.0,0.0,0.0,0.0,0.0,0.0,0.0,0.0,0.0,0.0,0.0,0.0,0.0,0.0,10
156234,100111840,1000242569,GINGRICH,NEWTON,H,GA,M,R,6.0,voting,19880914,1943-06-17,1943,1988,45,0.0,13,0,4,8,0,2,2,0,0,0,0,1,0,0,0,0,0,0,0,0,0,0,0,0,0.43333333333333335,0.0,0.13333333333333333,0.26666666666666666,0.0,0.06666666666666667,0.06666666666666667,0.0,0.0,0.0,0.0,0.03333333333333333,0.0,0.0,0.0,0.0,0.0,0.0,0.0,0.0,0.0,0.0,0.0,0.0,30
456,101107681,1010001268,CRANSTON,ALAN,S,CA,M,D,,voting,19890125,1914-06-19,1914,1989,75,0.0,3,0,0,7,0,0,0,0,0,0,0,0,0,0,0,0,0,0,0,0,0,0,0,0,0.3,0.0,0.0,0.7,0.0,0.0,0.0,0.0,0.0,0.0,0.0,0.0,0.0,0.0,0.0,0.0,0.0,0.0,0.0,0.0,0.0,0.0,0.0,0.0,10
12795,102114511,1020021658,SPECTER,ARLEN,S,PA,M,R,,voting,19910409,1930-02-12,1930,1991,61,0.0,4,1,1,2,0,0,1,0,0,0,0,0,0,1,0,0,0,0,0,0,0,0,0,0,0.4,0.1,0.1,0.2,0.0,0.0,0.1,0.0,0.0,0.0,0.0,0.0,0.0,0.1,0.0,0.0,0.0,0.0,0.0,0.0,0.0,0.0,0.0,0.0,10
12840,102118361,1020021729,MCCONNELL,MITCH,S,KY,M,R,,voting,19910409,1942-02-20,1942,1991,49,0.0,0,0,0,0,0,0,0,0,0,0,0,0,0,0,0,0,0,0,0,0,10,0,0,0,0.0,0.0,0.0,0.0,0.0,0.0,0.0,0.0,0.0,0.0,0.0,0.0,0.0,0.0,0.0,0.0,0.0,0.0,0.0,0.0,1.0,0.0,0.0,0.0,10
79919,102109801,1020132189,SIMPSON,ALAN,S,WY,M,R,,voting,19920207,1931-09-02,1931,1992,61,0.0,0,0,2,0,0,0,0,0,0,1,0,0,5,1,0,0,0,1,0,0,0,0,0,0,0.0,0.0,0.2,0.0,0.0,0.0,0.0,0.0,0.0,0.1,0.0,0.0,0.5,0.1,0.0,0.0,0.0,0.1,0.0,0.0,0.0,0.0,0.0,0.0,10
98809,102113981,1020164563,BOND,CHRISTOPHER,S,MO,M,R,,voting,19920521,1939-03-06,1939,1992,53,0.0,5,0,0,0,0,1,2,0,0,2,0,0,0,0,0,0,0,0,0,0,0,0,0,0,0.5,0.0,0.0,0.0,0.0,0.1,0.2,0.0,0.0,0.2,0.0,0.0,0.0,0.0,0.0,0.0,0.0,0.0,0.0,0.0,0.0,0.0,0.0,0.0,10
132423,102109801,1020218274,SIMPSON,ALAN,S,WY,M,R,,voting,19920923,1931-09-02,1931,1992,61,0.0,7,0,0,1,0,0,0,0,1,0,0,1,0,0,0,0,0,0,0,0,0,0,0,0,0.7,0.0,0.0,0.1,0.0,0.0,0.0,0.0,0.1,0.0,0.0,0.1,0.0,0.0,0.0,0.0,0.0,0.0,0.0,0.0,0.0,0.0,0.0,0.0,10
133179,102109690,1020219403,RINALDO,MATTHEW,H,NJ,M,R,7.0,voting,19920924,1931-09-01,1931,1992,61,0.0,9,0,0,0,1,0,0,0,0,0,0,0,0,0,0,0,0,0,0,0,0,0,0,0,0.9,0.0,0.0,0.0,0.1,0.0,0.0,0.0,0.0,0.0,0.0,0.0,0.0,0.0,0.0,0.0,0.0,0.0,0.0,0.0,0.0,0.0,0.0,0.0,10
16051,103113981,1030026296,BOND,CHRISTOPHER,S,MO,M,R,,voting,19930407,1939-03-06,1939,1993,54,0.0,4,0,0,0,1,1,1,0,1,2,0,0,0,0,0,0,0,0,0,0,0,0,0,0,0.4,0.0,0.0,0.0,0.1,0.1,0.1,0.0,0.1,0.2,0.0,0.0,0.0,0.0,0.0,0.0,0.0,0.0,0.0,0.0,0.0,0.0,0.0,0.0,10
34943,103110161,1030056809,DOLE,ROBERT,S,KS,M,R,,voting,19930701,1923-07-22,1923,1993,70,0.0,9,0,0,1,0,0,0,0,0,0,0,0,0,0,0,0,0,0,0,0,0,0,0,0,0.9,0.0,0.0,0.1,0.0,0.0,0.0,0.0,0.0,0.0,0.0,0.0,0.0,0.0,0.0,0.0,0.0,0.0,0.0,0.0,0.0,0.0,0.0,0.0,10
76911,103110161,1030124035,DOLE,ROBERT,S,KS,M,R,,voting,19940127,1923-07-22,1923,1994,71,0.0,11,0,3,3,1,1,1,0,0,0,0,0,0,0,0,0,0,0,0,0,0,0,0,0,0.55,0.0,0.15,0.15,0.05,0.05,0.05,0.0,0.0,0.0,0.0,0.0,0.0,0.0,0.0,0.0,0.0,0.0,0.0,0.0,0.0,0.0,0.0,0.0,20
105240,103113981,1030171293,BOND,CHRISTOPHER,S,MO,M,R,,voting,19940614,1939-03-06,1939,1994,55,0.0,6,0,1,1,0,2,0,0,0,0,0,0,0,0,0,0,0,0,0,0,0,0,0,0,0.6,0.0,0.1,0.1,0.0,0.2,0.0,0.0,0.0,0.0,0.0,0.0,0.0,0.0,0.0,0.0,0.0,0.0,0.0,0.0,0.0,0.0,0.0,0.0,10
117702,103116700,1030191669,BURTON,DAN,H,IN,M,R,6.0,voting,19940719,1938-06-21,1938,1994,56,0.0,6,0,0,1,1,2,0,0,0,0,0,0,0,0,0,0,0,0,0,0,0,0,0,0,0.6,0.0,0.0,0.1,0.1,0.2,0.0,0.0,0.0,0.0,0.0,0.0,0.0,0.0,0.0,0.0,0.0,0.0,0.0,0.0,0.0,0.0,0.0,0.0,10
120930,103116700,1030196676,BURTON,DAN,H,IN,M,R,6.0,voting,19940726,1938-06-21,1938,1994,56,0.0,9,0,0,1,0,0,0,0,0,0,0,0,0,0,0,0,0,0,0,0,0,0,0,0,0.9,0.0,0.0,0.1,0.0,0.0,0.0,0.0,0.0,0.0,0.0,0.0,0.0,0.0,0.0,0.0,0.0,0.0,0.0,0.0,0.0,0.0,0.0,0.0,10
123615,103120520,1030201231,MICA,JOHN,H,FL,M,R,7.0,voting,19940802,1943-01-27,1943,1994,51,0.0,8,0,1,1,0,0,0,0,0,0,0,0,0,0,0,0,0,0,0,0,0,0,0,0,0.8,0.0,0.1,0.1,0.0,0.0,0.0,0.0,0.0,0.0,0.0,0.0,0.0,0.0,0.0,0.0,0.0,0.0,0.0,0.0,0.0,0.0,0.0,0.0,10
136633,103112710,1030222265,VENTO,BRUCE,H,MN,M,D,4.0,voting,19940927,1940-10-07,1940,1994,54,0.0,6,1,2,1,0,0,0,0,0,0,0,0,0,0,0,0,0,0,0,0,0,0,0,0,0.6,0.1,0.2,0.1,0.0,0.0,0.0,0.0,0.0,0.0,0.0,0.0,0.0,0.0,0.0,0.0,0.0,0.0,0.0,0.0,0.0,0.0,0.0,0.0,10
140346,103113900,1030228566,TAUZIN,WILLIAM,H,LA,M,D,3.0,voting,19941005,1943-06-14,1943,1994,51,0.0,10,0,1,1,2,6,0,0,0,0,0,0,0,0,0,0,0,0,0,0,0,0,0,0,0.5,0.0,0.05,0.05,0.1,0.3,0.0,0.0,0.0,0.0,0.0,0.0,0.0,0.0,0.0,0.0,0.0,0.0,0.0,0.0,0.0,0.0,0.0,0.0,20
32988,104114091,1040050489,DODD,CHRISTOPHER,S,CT,M,D,,voting,19950404,1944-05-27,1944,1995,51,0.0,9,0,0,1,0,0,0,0,0,0,0,0,0,0,0,0,0,0,0,0,0,0,0,0,0.9,0.0,0.0,0.1,0.0,0.0,0.0,0.0,0.0,0.0,0.0,0.0,0.0,0.0,0.0,0.0,0.0,0.0,0.0,0.0,0.0,0.0,0.0,0.0,10
98639,104110281,1040155175,GLENN,JOHN,S,OH,M,D,,voting,19951116,1921-07-18,1921,1995,74,0.0,0,0,0,0,1,0,0,8,0,1,0,0,0,0,0,0,0,0,0,0,0,0,0,0,0.0,0.0,0.0,0.0,0.1,0.0,0.0,0.8,0.0,0.1,0.0,0.0,0.0,0.0,0.0,0.0,0.0,0.0,0.0,0.0,0.0,0.0,0.0,0.0,10
101737,104111050,1040159628,CLINGER,WILLIAM,H,PA,M,R,5.0,voting,19951128,1929-04-04,1929,1995,66,0.0,7,0,0,0,2,0,0,0,0,0,0,1,0,0,0,0,0,0,0,0,0,0,0,0,0.7,0.0,0.0,0.0,0.2,0.0,0.0,0.0,0.0,0.0,0.0,0.1,0.0,0.0,0.0,0.0,0.0,0.0,0.0,0.0,0.0,0.0,0.0,0.0,10
106260,104114101,1040166844,DORGAN,BYRON,S,ND,M,D,,voting,19951214,1942-05-14,1942,1995,53,0.0,0,0,1,0,0,0,0,0,0,1,0,0,8,0,0,0,0,0,0,0,0,0,0,0,0.0,0.0,0.1,0.0,0.0,0.0,0.0,0.0,0.0,0.1,0.0,0.0,0.8,0.0,0.0,0.0,0.0,0.0,0.0,0.0,0.0,0.0,0.0,0.0,10
106745,104114101,1040167526,DORGAN,BYRON,S,ND,M,D,,voting,19951215,1942-05-14,1942,1995,53,0.0,2,0,2,0,0,4,1,0,0,0,0,0,0,1,0,0,0,0,0,0,0,0,0,0,0.2,0.0,0.2,0.0,0.0,0.4,0.1,0.0,0.0,0.0,0.0,0.0,0.0,0.1,0.0,0.0,0.0,0.0,0.0,0.0,0.0,0.0,0.0,0.0,10
117568,104111361,1040184412,MACK,CONNIE,S,FL,M,R,,voting,19960306,1940-10-29,1940,1996,56,0.0,8,0,1,0,0,1,0,0,0,0,0,0,0,0,0,0,0,0,0,0,0,0,0,0,0.8,0.0,0.1,0.0,0.0,0.1,0.0,0.0,0.0,0.0,0.0,0.0,0.0,0.0,0.0,0.0,0.0,0.0,0.0,0.0,0.0,0.0,0.0,0.0,10
35328,105114101,1050061871,DORGAN,BYRON,S,ND,M,D,,voting,19970724,1942-05-14,1942,1997,55,0.0,1,4,5,0,0,0,0,0,0,0,0,0,0,0,0,0,0,0,0,0,0,0,0,0,0.1,0.4,0.5,0.0,0.0,0.0,0.0,0.0,0.0,0.0,0.0,0.0,0.0,0.0,0.0,0.0,0.0,0.0,0.0,0.0,0.0,0.0,0.0,0.0,10
211,106121120,1060000381,ROYCE,EDWARD,H,CA,M,R,39.0,voting,19990106,1951-10-12,1951,1999,48,0.0,12,0,5,2,0,1,0,0,0,0,0,0,0,0,0,0,0,0,0,0,0,0,0,0,0.6,0.0,0.25,0.1,0.0,0.05,0.0,0.0,0.0,0.0,0.0,0.0,0.0,0.0,0.0,0.0,0.0,0.0,0.0,0.0,0.0,0.0,0.0,0.0,20
141238,106110921,1060007400,ASHCROFT,JOHN,S,MO,M,R,,voting,19990302,1942-05-09,1942,1999,57,0.0,2,0,1,0,0,7,0,0,0,0,0,0,0,0,0,0,0,0,0,0,0,0,0,0,0.2,0.0,0.1,0.0,0.0,0.7,0.0,0.0,0.0,0.0,0.0,0.0,0.0,0.0,0.0,0.0,0.0,0.0,0.0,0.0,0.0,0.0,0.0,0.0,10
6433,106110921,1060012026,ASHCROFT,JOHN,S,MO,M,R,,voting,19990316,1942-05-09,1942,1999,57,0.0,6,0,2,0,0,0,2,0,0,0,0,0,0,0,0,0,0,0,0,0,0,0,0,0,0.6,0.0,0.2,0.0,0.0,0.0,0.2,0.0,0.0,0.0,0.0,0.0,0.0,0.0,0.0,0.0,0.0,0.0,0.0,0.0,0.0,0.0,0.0,0.0,10
8999,106111241,1060016168,GRAMS,ROD,S,MN,M,R,,voting,19990324,1948-02-04,1948,1999,51,0.0,3,0,6,0,0,0,1,0,0,0,0,0,0,0,0,0,0,0,0,0,0,0,0,0,0.3,0.0,0.6,0.0,0.0,0.0,0.1,0.0,0.0,0.0,0.0,0.0,0.0,0.0,0.0,0.0,0.0,0.0,0.0,0.0,0.0,0.0,0.0,0.0,10
12042,106112861,1060021350,BURNS,CONRAD,S,MT,M,R,,voting,19990415,1935-01-25,1935,1999,64,0.0,10,0,0,0,0,0,0,0,0,0,0,0,0,0,0,0,0,0,0,0,0,0,0,0,1.0,0.0,0.0,0.0,0.0,0.0,0.0,0.0,0.0,0.0,0.0,0.0,0.0,0.0,0.0,0.0,0.0,0.0,0.0,0.0,0.0,0.0,0.0,0.0,10
12902,106111241,1060022942,GRAMS,ROD,S,MN,M,R,,voting,19990422,1948-02-04,1948,1999,51,0.0,5,0,4,1,0,0,0,0,0,0,0,0,0,0,0,0,0,0,0,0,0,0,0,0,0.5,0.0,0.4,0.1,0.0,0.0,0.0,0.0,0.0,0.0,0.0,0.0,0.0,0.0,0.0,0.0,0.0,0.0,0.0,0.0,0.0,0.0,0.0,0.0,10
22337,106121120,1060038586,ROYCE,EDWARD,H,CA,M,R,39.0,voting,19990526,1951-10-12,1951,1999,48,0.0,1,0,0,0,0,0,7,0,0,1,0,1,0,0,0,0,0,0,0,0,0,0,0,0,0.1,0.0,0.0,0.0,0.0,0.0,0.7,0.0,0.0,0.1,0.0,0.1,0.0,0.0,0.0,0.0,0.0,0.0,0.0,0.0,0.0,0.0,0.0,0.0,10
41513,106115180,1060070242,SAXTON,H.,H,NJ,M,R,3.0,voting,19990802,1943-01-22,1943,1999,56,0.0,1,0,0,1,5,1,0,2,0,0,0,0,0,0,0,0,0,0,0,0,0,0,0,0,0.1,0.0,0.0,0.1,0.5,0.1,0.0,0.2,0.0,0.0,0.0,0.0,0.0,0.0,0.0,0.0,0.0,0.0,0.0,0.0,0.0,0.0,0.0,0.0,10
44648,107120010,1070080135,KAPTUR,MARCY,H,OH,F,D,9.0,voting,20011101,1946-06-17,1946,2001,55,0.0,3,1,15,0,0,0,0,0,0,1,0,0,0,0,0,0,0,0,0,0,0,0,0,0,0.15,0.05,0.75,0.0,0.0,0.0,0.0,0.0,0.0,0.05,0.0,0.0,0.0,0.0,0.0,0.0,0.0,0.0,0.0,0.0,0.0,0.0,0.0,0.0,20
59925,107113951,1070108122,BENNETT,ROBERT,S,UT,M,R,,voting,20020306,1933-09-18,1933,2002,69,0.0,9,0,1,0,0,0,0,0,0,0,0,0,0,0,0,0,0,0,0,0,0,0,0,0,0.9,0.0,0.1,0.0,0.0,0.0,0.0,0.0,0.0,0.0,0.0,0.0,0.0,0.0,0.0,0.0,0.0,0.0,0.0,0.0,0.0,0.0,0.0,0.0,10
78435,107114621,1070141591,BYRD,ROBERT,S,WV,M,D,,voting,20020625,1917-11-20,1917,2002,85,0.0,7,0,0,1,1,0,0,0,0,0,0,1,0,0,0,0,0,0,0,0,0,0,0,0,0.7,0.0,0.0,0.1,0.1,0.0,0.0,0.0,0.0,0.0,0.0,0.1,0.0,0.0,0.0,0.0,0.0,0.0,0.0,0.0,0.0,0.0,0.0,0.0,10
123571,108121440,1080167424,SMITH,CHRISTOPHER,H,NJ,M,R,4.0,voting,20040713,1953-03-04,1953,2004,51,0.0,7,0,1,0,1,0,1,0,0,0,0,0,0,0,0,0,0,0,0,0,0,0,0,0,0.7,0.0,0.1,0.0,0.1,0.0,0.1,0.0,0.0,0.0,0.0,0.0,0.0,0.0,0.0,0.0,0.0,0.0,0.0,0.0,0.0,0.0,0.0,0.0,10
123761,108120550,1080171158,MILLER,JEFF,H,FL,M,R,1.0,voting,20040720,1959-06-27,1959,2004,45,0.0,7,0,1,1,0,0,0,0,0,0,0,1,0,0,0,0,0,0,0,0,0,0,0,0,0.7,0.0,0.1,0.1,0.0,0.0,0.0,0.0,0.0,0.0,0.0,0.1,0.0,0.0,0.0,0.0,0.0,0.0,0.0,0.0,0.0,0.0,0.0,0.0,10
109978,109116930,1090013913,LEWIS,JERRY,H,CA,M,R,41.0,voting,20050316,1934-10-21,1934,2005,71,1.0265998153114913e-17,1,1,0,0,0,0,0,1,0,7,0,0,0,0,0,0,0,0,0,0,0,0,0,0,0.1,0.1,0.0,0.0,0.0,0.0,0.0,0.1,0.0,0.7,0.0,0.0,0.0,0.0,0.0,0.0,0.0,0.0,0.0,0.0,0.0,0.0,0.0,0.0,10
21957,109112991,1090041983,FRIST,WILLIAM,S,TN,M,R,,voting,20050616,1952-02-22,1952,2005,53,0.0,9,0,0,0,0,1,0,0,0,0,0,0,0,0,0,0,0,0,0,0,0,0,0,0,0.9,0.0,0.0,0.0,0.0,0.1,0.0,0.0,0.0,0.0,0.0,0.0,0.0,0.0,0.0,0.0,0.0,0.0,0.0,0.0,0.0,0.0,0.0,0.0,10
24833,109114101,1090047158,DORGAN,BYRON,S,ND,M,D,,voting,20050624,1942-05-14,1942,2005,63,0.0,0,1,0,0,0,0,9,0,0,0,0,0,0,0,0,0,0,0,0,0,0,0,0,0,0.0,0.1,0.0,0.0,0.0,0.0,0.9,0.0,0.0,0.0,0.0,0.0,0.0,0.0,0.0,0.0,0.0,0.0,0.0,0.0,0.0,0.0,0.0,0.0,10
112645,109121170,1090066414,RYAN,TIM,H,OH,M,D,17.0,voting,20050907,1973-07-16,1973,2005,32,0.0,13,0,1,2,0,2,0,0,0,0,0,0,0,2,0,0,0,0,0,0,0,0,0,0,0.65,0.0,0.05,0.1,0.0,0.1,0.0,0.0,0.0,0.0,0.0,0.0,0.0,0.1,0.0,0.0,0.0,0.0,0.0,0.0,0.0,0.0,0.0,0.0,20
50291,109112991,1090093837,FRIST,WILLIAM,S,TN,M,R,,voting,20051117,1952-02-22,1952,2005,53,0.0,8,0,1,0,0,1,0,0,0,0,0,0,0,0,0,0,0,0,0,0,0,0,0,0,0.8,0.0,0.1,0.0,0.0,0.1,0.0,0.0,0.0,0.0,0.0,0.0,0.0,0.0,0.0,0.0,0.0,0.0,0.0,0.0,0.0,0.0,0.0,0.0,10
56561,109118131,1090104566,CARPER,THOMAS,S,DE,M,D,,voting,20060201,1947-01-23,1947,2006,59,0.0,9,0,1,0,0,0,0,0,0,0,0,0,0,0,0,0,0,0,0,0,0,0,0,0,0.9,0.0,0.1,0.0,0.0,0.0,0.0,0.0,0.0,0.0,0.0,0.0,0.0,0.0,0.0,0.0,0.0,0.0,0.0,0.0,0.0,0.0,0.0,0.0,10
29315,110118770,1100057556,BURGESS,MICHAEL,H,TX,M,R,26.0,voting,20070611,1950-12-23,1950,2007,57,0.0,0,0,0,0,0,0,0,0,0,0,0,0,0,0,0,0,0,0,0,0,0,0,0,10,0.0,0.0,0.0,0.0,0.0,0.0,0.0,0.0,0.0,0.0,0.0,0.0,0.0,0.0,0.0,0.0,0.0,0.0,0.0,0.0,0.0,0.0,0.0,1.0,10
64431,110118770,1100125847,BURGESS,MICHAEL,H,TX,M,R,26.0,voting,20071212,1950-12-23,1950,2007,57,0.0,7,0,0,1,0,1,0,1,0,0,0,0,0,0,0,0,0,0,0,0,0,0,0,0,0.7,0.0,0.0,0.1,0.0,0.1,0.0,0.1,0.0,0.0,0.0,0.0,0.0,0.0,0.0,0.0,0.0,0.0,0.0,0.0,0.0,0.0,0.0,0.0,10
64556,110118770,1100126133,BURGESS,MICHAEL,H,TX,M,R,26.0,voting,20071213,1950-12-23,1950,2007,57,0.0,7,0,1,1,0,1,0,0,0,0,0,0,0,0,0,0,0,0,0,0,0,0,0,0,0.7,0.0,0.1,0.1,0.0,0.1,0.0,0.0,0.0,0.0,0.0,0.0,0.0,0.0,0.0,0.0,0.0,0.0,0.0,0.0,0.0,0.0,0.0,0.0,10
65943,110118770,1100128668,BURGESS,MICHAEL,H,TX,M,R,26.0,voting,20071218,1950-12-23,1950,2007,57,0.0,5,0,1,1,1,2,0,0,0,0,0,0,0,0,0,0,0,0,0,0,0,0,0,0,0.5,0.0,0.1,0.1,0.1,0.2,0.0,0.0,0.0,0.0,0.0,0.0,0.0,0.0,0.0,0.0,0.0,0.0,0.0,0.0,0.0,0.0,0.0,0.0,10
18813,111116411,1110034806,AKAKA,DANIEL,S,HI,M,D,,voting,20090428,1924-09-11,1924,2009,85,0.0,2,0,0,0,1,0,0,0,0,0,7,0,0,0,0,0,0,0,0,0,0,0,0,0,0.2,0.0,0.0,0.0,0.1,0.0,0.0,0.0,0.0,0.0,0.7,0.0,0.0,0.0,0.0,0.0,0.0,0.0,0.0,0.0,0.0,0.0,0.0,0.0,10
30327,111119360,1110056897,FARR,SAM,H,CA,M,D,17.0,voting,20090710,1941-07-04,1941,2009,68,0.0,3,0,3,0,3,1,0,0,0,0,0,0,0,0,0,0,0,0,0,0,0,0,0,0,0.3,0.0,0.3,0.0,0.3,0.1,0.0,0.0,0.0,0.0,0.0,0.0,0.0,0.0,0.0,0.0,0.0,0.0,0.0,0.0,0.0,0.0,0.0,0.0,10
47085,111117530,1110089266,BROUN,PAUL,H,GA,M,R,10.0,voting,20091021,1946-05-14,1946,2009,63,0.0,1,3,4,2,0,0,0,0,0,0,0,0,0,0,0,0,0,0,0,0,0,0,0,0,0.1,0.3,0.4,0.2,0.0,0.0,0.0,0.0,0.0,0.0,0.0,0.0,0.0,0.0,0.0,0.0,0.0,0.0,0.0,0.0,0.0,0.0,0.0,0.0,10
47115,111117530,1110089297,BROUN,PAUL,H,GA,M,R,10.0,voting,20091021,1946-05-14,1946,2009,63,0.0,2,0,7,0,0,0,0,1,0,0,0,0,0,0,0,0,0,0,0,0,0,0,0,0,0.2,0.0,0.7,0.0,0.0,0.0,0.0,0.1,0.0,0.0,0.0,0.0,0.0,0.0,0.0,0.0,0.0,0.0,0.0,0.0,0.0,0.0,0.0,0.0,10
