Unnamed: 0,speakerid,speech_id,lastname,firstname,chamber,state,gender,party,district,nonvoting,date,DOB,yob,year,age,procedural_prob,cluster_0,cluster_3,cluster_5,cluster_2,cluster_4,cluster_9,cluster_1,cluster_8,cluster_6,cluster_7,cluster_0_p,cluster_3_p,cluster_5_p,cluster_2_p,cluster_4_p,cluster_9_p,cluster_1_p,cluster_8_p,cluster_6_p,cluster_7_p,n
4246,44042251,440006437,BOGY,LEWIS,S,MO,M,D,,voting,18760125,1813-04-09,1813,1876,63,0.0,8,0,0,1,0,0,1,0,0,0,0.8,0.0,0.0,0.1,0.0,0.0,0.1,0.0,0.0,0.0,10
38626,44050340,440055155,MAGINNIS,MARTIN,H,MT,M,D,-1.0,nonvoting,18760627,1841-10-27,1841,1876,35,0.0,0,0,1,0,5,0,0,0,1,0,0.0,0.0,0.14285714285714285,0.0,0.7142857142857143,0.0,0.0,0.0,0.14285714285714285,0.0,7
39047,45054821,450057329,PLUMB,PRESTON,S,KS,M,R,,voting,18780502,1837-10-12,1837,1878,41,0.0,7,0,0,3,0,0,0,0,0,0,0.7,0.0,0.0,0.3,0.0,0.0,0.0,0.0,0.0,0.0,10
48223,45051381,450070772,EUSTIS,JAMES,S,LA,M,D,,voting,18780528,1834-08-27,1834,1878,44,3.4187982124439075e-10,7,0,0,3,0,0,0,0,0,0,0.7,0.0,0.0,0.3,0.0,0.0,0.0,0.0,0.0,0.0,10
65881,45054930,450096420,RYAN,THOMAS,H,KS,M,R,3.0,voting,18781213,1837-11-25,1837,1878,41,0.0,9,0,0,1,0,0,0,0,0,0,0.9,0.0,0.0,0.1,0.0,0.0,0.0,0.0,0.0,0.0,10
66972,45048460,450098014,GUNTER,THOMAS,H,AR,M,D,4.0,voting,18781218,1826-09-18,1826,1878,52,6.193540995902816e-16,8,0,0,2,0,0,0,0,0,0,0.8,0.0,0.0,0.2,0.0,0.0,0.0,0.0,0.0,0.0,10
75388,45046750,450110965,WIGGINTON,PETER,H,CA,M,D,4.0,voting,18790211,1839-09-06,1839,1879,40,0.0,0,0,1,6,1,0,0,0,2,0,0.0,0.0,0.1,0.6,0.1,0.0,0.0,0.0,0.2,0.0,10
39005,46064031,460055613,ALLISON,WILLIAM,S,IA,M,R,,voting,18800216,1829-03-02,1829,1880,51,0.0,8,0,0,1,0,0,0,1,0,0,0.8,0.0,0.0,0.1,0.0,0.0,0.0,0.1,0.0,0.0,10
39009,46064031,460055617,ALLISON,WILLIAM,S,IA,M,R,,voting,18800216,1829-03-02,1829,1880,51,1.7831799076984266e-31,9,0,0,1,0,0,0,0,0,0,0.9,0.0,0.0,0.1,0.0,0.0,0.0,0.0,0.0,0.0,10
39809,46048891,460056755,MCMILLAN,SAMUEL,S,MN,M,R,,voting,18800219,1826-02-22,1826,1880,54,0.0,4,0,0,5,1,0,0,0,0,0,0.4,0.0,0.0,0.5,0.1,0.0,0.0,0.0,0.0,0.0,10
94950,47052681,470144464,EDMUNDS,GEORGE,S,VT,M,R,,voting,18830104,1828-02-01,1828,1883,55,0.0,10,0,0,0,0,0,0,0,0,0,1.0,0.0,0.0,0.0,0.0,0.0,0.0,0.0,0.0,0.0,10
21747,48060930,480033867,HOLMAN,WILLIAM,H,IN,M,D,4.0,voting,18840328,1822-09-06,1822,1884,62,0.0002182058830749,9,0,0,1,0,0,0,0,0,0,0.9,0.0,0.0,0.1,0.0,0.0,0.0,0.0,0.0,0.0,10
29076,48053410,480045430,THOMAS,JOHN,H,IL,M,R,20.0,voting,18840418,1846-10-11,1846,1884,38,0.0,7,0,0,3,0,0,0,0,0,0,0.7,0.0,0.0,0.3,0.0,0.0,0.0,0.0,0.0,0.0,10
31375,48050410,480049179,MULDROW,HENRY,H,MS,M,D,1.0,voting,18840425,1837-02-08,1837,1884,47,0.0,9,0,0,1,0,0,0,0,0,0,0.9,0.0,0.0,0.1,0.0,0.0,0.0,0.0,0.0,0.0,10
58229,48054821,480090968,PLUMB,PRESTON,S,KS,M,R,,voting,18840705,1837-10-12,1837,1884,47,0.0,7,0,0,0,1,1,0,0,1,0,0.7,0.0,0.0,0.0,0.1,0.1,0.0,0.0,0.1,0.0,10
120843,49063481,490074576,MITCHELL,JOHN,S,OR,M,R,,voting,18860616,1835-06-22,1835,1886,51,0.0,5,0,0,4,1,0,0,0,0,0,0.5,0.0,0.0,0.4,0.1,0.0,0.0,0.0,0.0,0.0,10
109795,49054821,490074606,PLUMB,PRESTON,S,KS,M,R,,voting,18860616,1837-10-12,1837,1886,49,0.0,1,0,0,7,2,0,0,0,0,0,0.1,0.0,0.0,0.7,0.2,0.0,0.0,0.0,0.0,0.0,10
84306,49055070,490130027,THOMPSON,ALBERT,H,OH,M,R,12.0,voting,18870124,1842-01-23,1842,1887,45,0.0,5,0,0,5,0,0,0,0,0,0,0.5,0.0,0.0,0.5,0.0,0.0,0.0,0.0,0.0,0.0,10
36970,50053430,500057377,TOOLE,JOSEPH,H,MT,M,D,-1.0,nonvoting,18880524,1851-05-12,1851,1888,37,0.0,9,0,0,0,0,0,0,1,0,0,0.9,0.0,0.0,0.0,0.0,0.0,0.0,0.1,0.0,0.0,10
77296,51053181,510119324,PADDOCK,ALGERNON,S,NE,M,R,,voting,18900808,1830-11-09,1830,1890,60,0.0,3,0,0,7,0,0,0,0,0,0,0.3,0.0,0.0,0.7,0.0,0.0,0.0,0.0,0.0,0.0,10
77375,51053181,510119444,PADDOCK,ALGERNON,S,NE,M,R,,voting,18900808,1830-11-09,1830,1890,60,0.0,7,1,0,2,0,0,0,0,0,0,0.7,0.1,0.0,0.2,0.0,0.0,0.0,0.0,0.0,0.0,10
78919,51054631,510121707,MOODY,GIDEON,S,SD,M,R,,voting,18900812,1832-10-16,1832,1890,58,0.0,8,0,0,1,1,0,0,0,0,0,0.8,0.0,0.0,0.1,0.1,0.0,0.0,0.0,0.0,0.0,10
110610,51064951,510171404,TELLER,HENRY,S,CO,M,R,,voting,18901218,1830-05-23,1830,1890,60,0.0,9,0,0,0,1,0,0,0,0,0,0.9,0.0,0.0,0.0,0.1,0.0,0.0,0.0,0.0,0.0,10
142831,51052641,510222299,DAWES,HENRY,S,MA,M,R,,voting,18910227,1816-10-30,1816,1891,75,0.0,20,0,0,0,0,0,0,0,0,0,1.0,0.0,0.0,0.0,0.0,0.0,0.0,0.0,0.0,0.0,20
1477,52064951,520002395,TELLER,HENRY,S,CO,M,R,,voting,18920114,1830-05-23,1830,1892,62,0.0,2,1,0,5,0,2,0,0,0,0,0.2,0.1,0.0,0.5,0.0,0.2,0.0,0.0,0.0,0.0,10
64978,52078331,520097908,WARREN,FRANCIS,S,WY,M,R,,voting,18920721,1844-06-20,1844,1892,48,0.0,3,0,0,7,0,0,0,0,0,0,0.3,0.0,0.0,0.7,0.0,0.0,0.0,0.0,0.0,0.0,10
23958,53063880,530038016,TALBERT,WILLIAM,H,SC,M,D,2.0,voting,18931214,1846-10-06,1846,1893,47,0.0,6,0,0,4,0,0,0,0,0,0,0.6,0.0,0.0,0.4,0.0,0.0,0.0,0.0,0.0,0.0,10
47481,53054101,530076957,DOLPH,JOSEPH,S,OR,M,R,,voting,18940320,1835-10-19,1835,1894,59,0.0,7,0,0,3,0,0,0,0,0,0,0.7,0.0,0.0,0.3,0.0,0.0,0.0,0.0,0.0,0.0,10
66954,53054101,530110313,DOLPH,JOSEPH,S,OR,M,R,,voting,18940519,1835-10-19,1835,1894,59,0.0,4,0,0,6,0,0,0,0,0,0,0.4,0.0,0.0,0.6,0.0,0.0,0.0,0.0,0.0,0.0,10
106606,54060401,540133262,BROWN,ARTHUR,S,UT,M,R,,voting,18970223,1843-03-08,1843,1897,54,9.973722280171271e-12,5,0,0,1,2,2,0,0,0,0,0.5,0.0,0.0,0.1,0.2,0.2,0.0,0.0,0.0,0.0,10
106627,54060401,540133335,BROWN,ARTHUR,S,UT,M,R,,voting,18970223,1843-03-08,1843,1897,54,0.0,5,1,0,8,4,2,0,0,0,0,0.25,0.05,0.0,0.4,0.2,0.1,0.0,0.0,0.0,0.0,20
9169,55062820,550013841,BELL,JOHN,H,CO,M,P,2.0,voting,18970510,1851-12-11,1851,1897,46,0.0,0,1,0,0,6,0,1,0,2,0,0.0,0.1,0.0,0.0,0.6,0.0,0.1,0.0,0.2,0.0,10
11580,55063440,550017560,MCRAE,THOMAS,H,AR,M,D,3.0,voting,18970520,1851-12-21,1851,1897,46,0.0,15,0,0,5,0,0,0,0,0,0,0.75,0.0,0.0,0.25,0.0,0.0,0.0,0.0,0.0,0.0,20
65424,55065530,550102336,GROSVENOR,CHARLES,H,OH,M,R,11.0,voting,18980418,1833-09-20,1833,1898,65,0.0,12,0,0,1,6,0,1,0,0,0,0.6,0.0,0.0,0.05,0.3,0.0,0.05,0.0,0.0,0.0,20
65468,55062820,550102383,BELL,JOHN,H,CO,M,P,2.0,voting,18980418,1851-12-11,1851,1898,47,0.0,15,0,1,1,1,2,0,0,0,0,0.75,0.0,0.05,0.05,0.05,0.1,0.0,0.0,0.0,0.0,20
65473,55062820,550102388,BELL,JOHN,H,CO,M,P,2.0,voting,18980418,1851-12-11,1851,1898,47,0.0,0,0,0,0,9,0,1,0,0,0,0.0,0.0,0.0,0.0,0.9,0.0,0.1,0.0,0.0,0.0,10
24216,56065301,560037875,CARTER,THOMAS,S,MT,M,R,,voting,19000327,1854-10-30,1854,1900,46,0.0,2,0,0,1,1,6,0,0,0,0,0.2,0.0,0.0,0.1,0.1,0.6,0.0,0.0,0.0,0.0,10
24632,56068421,560038535,PERKINS,GEORGE,S,CA,M,R,,voting,19000328,1839-08-23,1839,1900,61,0.0,8,0,0,2,0,0,0,0,0,0,0.8,0.0,0.0,0.2,0.0,0.0,0.0,0.0,0.0,0.0,10
28220,56065301,560044007,CARTER,THOMAS,S,MT,M,R,,voting,19000404,1854-10-30,1854,1900,46,0.0,8,0,0,1,0,0,1,0,0,0,0.8,0.0,0.0,0.1,0.0,0.0,0.1,0.0,0.0,0.0,10
29874,56064471,560046986,HANSBROUGH,HENRY,S,ND,M,R,,voting,19000409,1848-01-30,1848,1900,52,0.0,5,0,0,3,1,0,0,0,1,0,0.5,0.0,0.0,0.3,0.1,0.0,0.0,0.0,0.1,0.0,10
32622,56064931,560051169,SPOONER,JOHN,S,WI,M,R,,voting,19000417,1843-01-06,1843,1900,57,0.0,6,0,0,11,1,0,2,0,0,0,0.3,0.0,0.0,0.55,0.05,0.0,0.1,0.0,0.0,0.0,20
32639,56064931,560051188,SPOONER,JOHN,S,WI,M,R,,voting,19000417,1843-01-06,1843,1900,57,0.0,0,0,0,2,0,0,8,0,0,0,0.0,0.0,0.0,0.2,0.0,0.0,0.8,0.0,0.0,0.0,10
32640,56065301,560051189,CARTER,THOMAS,S,MT,M,R,,voting,19000417,1854-10-30,1854,1900,46,0.0,9,0,0,1,0,0,0,0,0,0,0.9,0.0,0.0,0.1,0.0,0.0,0.0,0.0,0.0,0.0,10
107330,56062621,560051195,STEWART,WILLIAM,S,NV,M,R,,voting,19000417,1827-08-09,1827,1900,73,0.0,25,0,0,4,0,0,1,0,0,0,0.8333333333333334,0.0,0.0,0.13333333333333333,0.0,0.0,0.03333333333333333,0.0,0.0,0.0,30
32643,56065301,560051196,CARTER,THOMAS,S,MT,M,R,,voting,19000417,1854-10-30,1854,1900,46,7.113696038709638e-15,5,0,0,4,1,0,0,0,0,0,0.5,0.0,0.0,0.4,0.1,0.0,0.0,0.0,0.0,0.0,10
107374,56062621,560051859,STEWART,WILLIAM,S,NV,M,R,,voting,19000418,1827-08-09,1827,1900,73,0.0,10,0,0,0,0,0,0,0,0,0,1.0,0.0,0.0,0.0,0.0,0.0,0.0,0.0,0.0,0.0,10
107379,56062621,560051871,STEWART,WILLIAM,S,NV,M,R,,voting,19000418,1827-08-09,1827,1900,73,0.0,9,0,0,3,7,0,1,0,0,0,0.45,0.0,0.0,0.15,0.35,0.0,0.05,0.0,0.0,0.0,20
107381,56062621,560051875,STEWART,WILLIAM,S,NV,M,R,,voting,19000418,1827-08-09,1827,1900,73,0.0,8,0,0,2,0,0,0,0,0,0,0.8,0.0,0.0,0.2,0.0,0.0,0.0,0.0,0.0,0.0,10
107385,56062621,560051883,STEWART,WILLIAM,S,NV,M,R,,voting,19000418,1827-08-09,1827,1900,73,0.0,19,1,1,6,1,2,0,0,0,0,0.6333333333333333,0.03333333333333333,0.03333333333333333,0.2,0.03333333333333333,0.06666666666666667,0.0,0.0,0.0,0.0,30
107386,56062621,560051885,STEWART,WILLIAM,S,NV,M,R,,voting,19000418,1827-08-09,1827,1900,73,0.0,9,0,0,1,0,0,0,0,0,0,0.9,0.0,0.0,0.1,0.0,0.0,0.0,0.0,0.0,0.0,10
33130,56065301,560051939,CARTER,THOMAS,S,MT,M,R,,voting,19000418,1854-10-30,1854,1900,46,0.0,34,3,0,2,0,0,1,0,0,0,0.85,0.075,0.0,0.05,0.0,0.0,0.025,0.0,0.0,0.0,40
33140,56064951,560051949,TELLER,HENRY,S,CO,M,D,,voting,19000418,1830-05-23,1830,1900,70,0.0,9,0,0,1,0,0,0,0,0,0,0.9,0.0,0.0,0.1,0.0,0.0,0.0,0.0,0.0,0.0,10
33143,56065301,560051952,CARTER,THOMAS,S,MT,M,R,,voting,19000418,1854-10-30,1854,1900,46,0.0040491881899922,7,0,0,2,0,0,1,0,0,0,0.7,0.0,0.0,0.2,0.0,0.0,0.1,0.0,0.0,0.0,10
33144,56064951,560051953,TELLER,HENRY,S,CO,M,D,,voting,19000418,1830-05-23,1830,1900,70,0.0,1,0,0,8,0,0,0,0,1,0,0.1,0.0,0.0,0.8,0.0,0.0,0.0,0.0,0.1,0.0,10
33942,56065301,560053097,CARTER,THOMAS,S,MT,M,R,,voting,19000419,1854-10-30,1854,1900,46,0.0,10,0,0,0,0,0,0,0,0,0,1.0,0.0,0.0,0.0,0.0,0.0,0.0,0.0,0.0,0.0,10
33945,56065301,560053103,CARTER,THOMAS,S,MT,M,R,,voting,19000419,1854-10-30,1854,1900,46,0.0,6,0,0,1,0,0,3,0,0,0,0.6,0.0,0.0,0.1,0.0,0.0,0.3,0.0,0.0,0.0,10
107446,56062621,560053127,STEWART,WILLIAM,S,NV,M,R,,voting,19000419,1827-08-09,1827,1900,73,0.0,10,0,0,0,0,0,0,0,0,0,1.0,0.0,0.0,0.0,0.0,0.0,0.0,0.0,0.0,0.0,10
33956,56064931,560053128,SPOONER,JOHN,S,WI,M,R,,voting,19000419,1843-01-06,1843,1900,57,0.0,26,0,0,2,1,0,1,0,0,0,0.8666666666666667,0.0,0.0,0.06666666666666667,0.03333333333333333,0.0,0.03333333333333333,0.0,0.0,0.0,30
33960,56064931,560053132,SPOONER,JOHN,S,WI,M,R,,voting,19000419,1843-01-06,1843,1900,57,0.0,10,0,0,0,0,0,0,0,0,0,1.0,0.0,0.0,0.0,0.0,0.0,0.0,0.0,0.0,0.0,10
33965,56065301,560053137,CARTER,THOMAS,S,MT,M,R,,voting,19000419,1854-10-30,1854,1900,46,0.0,9,1,0,3,0,0,7,0,0,0,0.45,0.05,0.0,0.15,0.0,0.0,0.35,0.0,0.0,0.0,20
33967,56065301,560053139,CARTER,THOMAS,S,MT,M,R,,voting,19000419,1854-10-30,1854,1900,46,0.0,9,0,0,0,0,0,1,0,0,0,0.9,0.0,0.0,0.0,0.0,0.0,0.1,0.0,0.0,0.0,10
33979,56064931,560053151,SPOONER,JOHN,S,WI,M,R,,voting,19000419,1843-01-06,1843,1900,57,0.0,9,0,0,0,0,0,1,0,0,0,0.9,0.0,0.0,0.0,0.0,0.0,0.1,0.0,0.0,0.0,10
34897,56061821,560054359,BATE,WILLIAM,S,TN,M,D,,voting,19000420,1826-10-07,1826,1900,74,0.0,22,0,0,8,0,0,0,0,0,0,0.7333333333333333,0.0,0.0,0.26666666666666666,0.0,0.0,0.0,0.0,0.0,0.0,30
34900,56064471,560054363,HANSBROUGH,HENRY,S,ND,M,R,,voting,19000420,1848-01-30,1848,1900,52,5.216867671021096e-05,1,0,0,0,0,9,0,0,0,0,0.1,0.0,0.0,0.0,0.0,0.9,0.0,0.0,0.0,0.0,10
34905,56061821,560054368,BATE,WILLIAM,S,TN,M,D,,voting,19000420,1826-10-07,1826,1900,74,0.0,10,0,0,2,7,0,1,0,0,0,0.5,0.0,0.0,0.1,0.35,0.0,0.05,0.0,0.0,0.0,20
34907,56061821,560054370,BATE,WILLIAM,S,TN,M,D,,voting,19000420,1826-10-07,1826,1900,74,0.0,10,0,0,0,0,0,0,0,0,0,1.0,0.0,0.0,0.0,0.0,0.0,0.0,0.0,0.0,0.0,10
34910,56061361,560054374,RAWLINS,JOSEPH,S,UT,M,D,,voting,19000420,1850-03-28,1850,1900,50,0.0,10,0,0,0,0,0,0,0,0,0,1.0,0.0,0.0,0.0,0.0,0.0,0.0,0.0,0.0,0.0,10
37988,56061361,560058993,RAWLINS,JOSEPH,S,UT,M,D,,voting,19000427,1850-03-28,1850,1900,50,0.0,6,0,0,1,1,1,0,0,1,0,0.6,0.0,0.0,0.1,0.1,0.1,0.0,0.0,0.1,0.0,10
37994,56064951,560059002,TELLER,HENRY,S,CO,M,D,,voting,19000427,1830-05-23,1830,1900,70,0.0,10,0,0,0,0,0,0,0,0,0,1.0,0.0,0.0,0.0,0.0,0.0,0.0,0.0,0.0,0.0,10
107687,56062621,560059015,STEWART,WILLIAM,S,NV,M,R,,voting,19000427,1827-08-09,1827,1900,73,0.0544024057573353,4,0,0,0,6,0,0,0,0,0,0.4,0.0,0.0,0.0,0.6,0.0,0.0,0.0,0.0,0.0,10
38008,56061361,560059022,RAWLINS,JOSEPH,S,UT,M,D,,voting,19000427,1850-03-28,1850,1900,50,0.0,5,0,0,1,3,0,0,0,1,0,0.5,0.0,0.0,0.1,0.3,0.0,0.0,0.0,0.1,0.0,10
107795,56062621,560060407,STEWART,WILLIAM,S,NV,M,R,,voting,19000430,1827-08-09,1827,1900,73,0.0,12,1,0,7,0,0,0,0,0,0,0.6,0.05,0.0,0.35,0.0,0.0,0.0,0.0,0.0,0.0,20
107798,56061561,560060410,TURNER,GEORGE,S,WA,M,D,,voting,19000430,1850-02-25,1850,1900,50,5.223223018084004e-13,9,0,0,0,0,1,0,0,0,0,0.9,0.0,0.0,0.0,0.0,0.1,0.0,0.0,0.0,0.0,10
38922,56064471,560060515,HANSBROUGH,HENRY,S,ND,M,R,,voting,19000430,1848-01-30,1848,1900,52,0.0,8,0,0,1,0,0,1,0,0,0,0.8,0.0,0.0,0.1,0.0,0.0,0.1,0.0,0.0,0.0,10
38925,56064471,560060519,HANSBROUGH,HENRY,S,ND,M,R,,voting,19000430,1848-01-30,1848,1900,52,0.0,35,0,0,3,0,0,2,0,0,0,0.875,0.0,0.0,0.075,0.0,0.0,0.05,0.0,0.0,0.0,40
38927,56064471,560060521,HANSBROUGH,HENRY,S,ND,M,R,,voting,19000430,1848-01-30,1848,1900,52,0.0,14,3,0,1,1,0,0,1,0,0,0.7,0.15,0.0,0.05,0.05,0.0,0.0,0.05,0.0,0.0,20
38935,56064471,560060529,HANSBROUGH,HENRY,S,ND,M,R,,voting,19000430,1848-01-30,1848,1900,52,3.2301809743818843e-16,10,0,0,0,0,0,0,0,0,0,1.0,0.0,0.0,0.0,0.0,0.0,0.0,0.0,0.0,0.0,10
38936,56064471,560060531,HANSBROUGH,HENRY,S,ND,M,R,,voting,19000430,1848-01-30,1848,1900,52,0.0,36,5,1,1,1,0,5,0,1,0,0.72,0.1,0.02,0.02,0.02,0.0,0.1,0.0,0.02,0.0,50
38950,56062561,560060552,ROSS,JONATHAN,S,VT,M,R,,voting,19000430,1826-04-30,1826,1900,74,0.0,22,2,0,4,0,0,0,0,2,0,0.7333333333333333,0.06666666666666667,0.0,0.13333333333333333,0.0,0.0,0.0,0.0,0.06666666666666667,0.0,30
50184,56072100,560076560,LLOYD,JAMES,H,MO,M,D,1.0,voting,19000522,1857-08-28,1857,1900,43,0.0,1,0,0,9,0,0,0,0,0,0,0.1,0.0,0.0,0.9,0.0,0.0,0.0,0.0,0.0,0.0,10
50226,56065030,560076619,WARNER,VESPASIAN,H,IL,M,R,13.0,voting,19000522,1842-04-23,1842,1900,58,0.0,9,0,1,0,0,0,0,0,0,0,0.9,0.0,0.1,0.0,0.0,0.0,0.0,0.0,0.0,0.0,10
50240,56076210,560076643,MONDELL,FRANKLIN,H,WY,M,R,0.0,voting,19000522,1860-11-06,1860,1900,40,0.0,2,1,0,2,0,5,0,0,0,0,0.2,0.1,0.0,0.2,0.0,0.5,0.0,0.0,0.0,0.0,10
50247,56065360,560076650,DAYTON,ALSTON,H,WV,M,R,2.0,voting,19000522,1857-10-18,1857,1900,43,6.27382961436344e-08,9,0,0,0,0,0,1,0,0,0,0.9,0.0,0.0,0.0,0.0,0.0,0.1,0.0,0.0,0.0,10
113292,56062621,560146414,STEWART,WILLIAM,S,NV,M,R,,voting,19010226,1827-08-09,1827,1901,74,0.0,3,0,0,1,6,0,0,0,0,0,0.3,0.0,0.0,0.1,0.6,0.0,0.0,0.0,0.0,0.0,10
91221,57062621,570011133,STEWART,WILLIAM,S,NV,M,R,,voting,19020205,1827-08-09,1827,1902,75,0.0,5,0,0,5,0,0,0,0,0,0,0.5,0.0,0.0,0.5,0.0,0.0,0.0,0.0,0.0,0.0,10
84558,58063171,580048552,GIBSON,PARIS,S,MT,M,D,,voting,19040324,1830-07-01,1830,1904,74,0.0,3,0,0,6,0,0,1,0,0,0,0.3,0.0,0.0,0.6,0.0,0.0,0.1,0.0,0.0,0.0,10
44997,58065220,580068366,BROOKS,FRANKLIN,H,CO,M,R,-1.0,voting,19040420,1860-11-19,1860,1904,44,0.0,8,0,0,0,0,2,0,0,0,0,0.8,0.0,0.0,0.0,0.0,0.2,0.0,0.0,0.0,0.0,10
52332,58067931,580079224,HEYBURN,WELDON,S,ID,M,R,,voting,19041215,1852-05-23,1852,1904,52,0.0,53,4,2,17,11,12,1,0,0,0,0.53,0.04,0.02,0.17,0.11,0.12,0.01,0.0,0.0,0.0,100
52345,58063341,580079239,KEARNS,THOMAS,S,UT,M,R,,voting,19041215,1862-04-11,1862,1904,42,0.0,5,0,0,5,0,0,0,0,0,0,0.5,0.0,0.0,0.5,0.0,0.0,0.0,0.0,0.0,0.0,10
52350,58067931,580079244,HEYBURN,WELDON,S,ID,M,R,,voting,19041215,1852-05-23,1852,1904,52,0.0,11,1,1,3,3,0,0,1,0,0,0.55,0.05,0.05,0.15,0.15,0.0,0.0,0.05,0.0,0.0,20
70538,58065690,580106422,LACEY,JOHN,H,IA,M,R,6.0,voting,19050216,1841-05-30,1841,1905,64,1.479709473607394e-05,2,0,1,0,1,6,0,0,0,0,0.2,0.0,0.1,0.0,0.1,0.6,0.0,0.0,0.0,0.0,10
134437,59074130,590032337,CLARK,JAMES,H,MO,M,D,9.0,voting,19060223,1850-03-07,1850,1906,56,4.00281278558488e-09,7,0,0,2,0,0,0,0,1,0,0.7,0.0,0.0,0.2,0.0,0.0,0.0,0.0,0.1,0.0,10
137678,59069780,590065210,SMITH,SYLVESTER,H,CA,M,R,8.0,voting,19060417,1858-08-26,1858,1906,48,0.0,5,0,0,0,1,4,0,0,0,0,0.5,0.0,0.0,0.0,0.1,0.4,0.0,0.0,0.0,0.0,10
44373,59073010,590065301,FITZGERALD,JOHN,H,NY,M,D,7.0,voting,19060417,1872-03-10,1872,1906,34,3.3217475540753644e-12,9,0,0,1,0,0,0,0,0,0,0.9,0.0,0.0,0.1,0.0,0.0,0.0,0.0,0.0,0.0,10
137717,59069780,590065302,SMITH,SYLVESTER,H,CA,M,R,8.0,voting,19060417,1858-08-26,1858,1906,48,3.538166051273016e-11,1,0,0,1,8,0,0,0,0,0,0.1,0.0,0.0,0.1,0.8,0.0,0.0,0.0,0.0,0.0,10
99053,59067931,590149615,HEYBURN,WELDON,S,ID,M,R,,voting,19070131,1852-05-23,1852,1907,55,0.0,2,1,0,6,0,1,0,0,0,0,0.2,0.1,0.0,0.6,0.0,0.1,0.0,0.0,0.0,0.0,10
112594,59066350,590171625,BONYNGE,ROBERT,H,CO,M,R,1.0,voting,19070222,1863-09-08,1863,1907,44,0.0,15,2,0,12,2,0,2,7,0,0,0.375,0.05,0.0,0.3,0.05,0.0,0.05,0.175,0.0,0.0,40
678,60069831,600001163,SUTHERLAND,GEORGE,S,UT,M,R,,voting,19071218,1862-03-25,1862,1907,45,0.0,9,0,0,0,1,0,0,0,0,0,0.9,0.0,0.0,0.0,0.1,0.0,0.0,0.0,0.0,0.0,10
39640,60076210,600060292,MONDELL,FRANKLIN,H,WY,M,R,0.0,voting,19080421,1860-11-06,1860,1908,48,0.0,3,0,0,0,7,0,0,0,0,0,0.3,0.0,0.0,0.0,0.7,0.0,0.0,0.0,0.0,0.0,10
39642,60076210,600060295,MONDELL,FRANKLIN,H,WY,M,R,0.0,voting,19080421,1860-11-06,1860,1908,48,0.0,7,0,0,2,0,0,1,0,0,0,0.7,0.0,0.0,0.2,0.0,0.0,0.1,0.0,0.0,0.0,10
81960,60076210,600127685,MONDELL,FRANKLIN,H,WY,M,R,0.0,voting,19090210,1860-11-06,1860,1909,49,0.0,9,0,0,1,0,0,0,0,0,0,0.9,0.0,0.0,0.1,0.0,0.0,0.0,0.0,0.0,0.0,10
84596,60076210,600132432,MONDELL,FRANKLIN,H,WY,M,R,0.0,voting,19090216,1860-11-06,1860,1909,49,0.0,6,0,0,3,0,0,1,0,0,0,0.6,0.0,0.0,0.3,0.0,0.0,0.1,0.0,0.0,0.0,10
92437,60076210,600144443,MONDELL,FRANKLIN,H,WY,M,R,0.0,voting,19090225,1860-11-06,1860,1909,49,0.0,20,0,0,0,0,0,0,0,0,0,1.0,0.0,0.0,0.0,0.0,0.0,0.0,0.0,0.0,0.0,20
92483,60076210,600144492,MONDELL,FRANKLIN,H,WY,M,R,0.0,voting,19090225,1860-11-06,1860,1909,49,6.802495822744985e-05,12,0,0,5,1,1,0,1,0,0,0.6,0.0,0.0,0.25,0.05,0.05,0.0,0.05,0.0,0.0,20
112668,61068990,610165195,CRUMPACKER,EDGAR,H,IN,M,R,10.0,voting,19100504,1851-05-27,1851,1910,59,0.0,7,1,0,1,0,1,0,0,0,0,0.7,0.1,0.0,0.1,0.0,0.1,0.0,0.0,0.0,0.0,10
131702,61079101,610192642,SMOOT,REED,S,UT,M,R,,voting,19100607,1862-01-10,1862,1910,48,5.231497413202669e-17,6,0,0,2,1,0,0,0,1,0,0.6,0.0,0.0,0.2,0.1,0.0,0.0,0.0,0.1,0.0,10
131749,61079101,610192723,SMOOT,REED,S,UT,M,R,,voting,19100607,1862-01-10,1862,1910,48,0.0,0,0,0,8,2,0,0,0,0,0,0.0,0.0,0.0,0.8,0.2,0.0,0.0,0.0,0.0,0.0,10
131828,61065451,610192826,FLINT,FRANK,S,CA,M,R,,voting,19100607,1862-07-15,1862,1910,48,0.0,5,1,0,0,2,2,0,0,0,0,0.5,0.1,0.0,0.0,0.2,0.2,0.0,0.0,0.0,0.0,10
140081,61076210,610205399,MONDELL,FRANKLIN,H,WY,M,R,0.0,voting,19100621,1860-11-06,1860,1910,50,0.0,4,0,0,6,0,0,0,0,0,0,0.4,0.0,0.0,0.6,0.0,0.0,0.0,0.0,0.0,0.0,10
140189,61067720,610205532,ENGLEBRIGHT,WILLIAM,H,CA,M,R,1.0,voting,19100621,1855-11-23,1855,1910,55,0.0,2,0,1,7,0,0,0,0,0,0,0.2,0.0,0.1,0.7,0.0,0.0,0.0,0.0,0.0,0.0,10
154528,61068761,610227793,PURCELL,WILLIAM,S,ND,M,D,,voting,19110117,1856-08-03,1856,1911,55,0.0,1,0,0,8,0,0,0,0,1,0,0.1,0.0,0.0,0.8,0.0,0.0,0.0,0.0,0.1,0.0,10
161195,61079101,610238597,SMOOT,REED,S,UT,M,R,,voting,19110130,1862-01-10,1862,1911,49,0.0,16,1,0,7,3,3,0,0,0,0,0.5333333333333333,0.03333333333333333,0.0,0.23333333333333334,0.1,0.1,0.0,0.0,0.0,0.0,30
164952,61082380,610244896,WICKERSHAM,JAMES,H,AK,M,R,0.0,nonvoting,19110206,1857-08-24,1857,1911,54,0.0,5,1,0,1,3,0,0,0,0,0,0.5,0.1,0.0,0.1,0.3,0.0,0.0,0.0,0.0,0.0,10
224674,61070900,610245700,MARTIN,EBEN,H,SD,M,R,-1.0,voting,19110207,1855-04-12,1855,1911,56,0.0,0,0,0,0,3,7,0,0,0,0,0.0,0.0,0.0,0.0,0.3,0.7,0.0,0.0,0.0,0.0,10
165519,61076210,610245707,MONDELL,FRANKLIN,H,WY,M,R,0.0,voting,19110207,1860-11-06,1860,1911,51,0.0,9,0,0,1,0,0,0,0,0,0,0.9,0.0,0.0,0.1,0.0,0.0,0.0,0.0,0.0,0.0,10
165520,61076210,610245709,MONDELL,FRANKLIN,H,WY,M,R,0.0,voting,19110207,1860-11-06,1860,1911,51,3.734201513201032e-09,7,0,0,1,1,0,0,1,0,0,0.7,0.0,0.0,0.1,0.1,0.0,0.0,0.1,0.0,0.0,10
165521,61076210,610245711,MONDELL,FRANKLIN,H,WY,M,R,0.0,voting,19110207,1860-11-06,1860,1911,51,0.0014052538029944,8,0,0,2,0,0,0,0,0,0,0.8,0.0,0.0,0.2,0.0,0.0,0.0,0.0,0.0,0.0,10
224678,61070900,610245712,MARTIN,EBEN,H,SD,M,R,-1.0,voting,19110207,1855-04-12,1855,1911,56,2.6333020217412982e-09,0,0,0,0,10,0,0,0,0,0,0.0,0.0,0.0,0.0,1.0,0.0,0.0,0.0,0.0,0.0,10
165771,61076210,610246060,MONDELL,FRANKLIN,H,WY,M,R,0.0,voting,19110207,1860-11-06,1860,1911,51,0.0,7,1,0,3,2,4,0,2,1,0,0.35,0.05,0.0,0.15,0.1,0.2,0.0,0.1,0.05,0.0,20
165775,61076210,610246064,MONDELL,FRANKLIN,H,WY,M,R,0.0,voting,19110207,1860-11-06,1860,1911,51,0.0,0,0,0,0,1,0,8,0,1,0,0.0,0.0,0.0,0.0,0.1,0.0,0.8,0.0,0.1,0.0,10
165779,61076210,610246068,MONDELL,FRANKLIN,H,WY,M,R,0.0,voting,19110207,1860-11-06,1860,1911,51,1.2918630748842583e-24,9,0,0,0,0,1,0,0,0,0,0.9,0.0,0.0,0.0,0.0,0.1,0.0,0.0,0.0,0.0,10
224738,61070900,610246083,MARTIN,EBEN,H,SD,M,R,-1.0,voting,19110207,1855-04-12,1855,1911,56,5.793973985320658e-09,19,0,0,0,1,0,0,0,0,0,0.95,0.0,0.0,0.0,0.05,0.0,0.0,0.0,0.0,0.0,20
165823,61067580,610246138,CRAIG,WILLIAM,H,AL,M,D,4.0,voting,19110207,1877-11-02,1877,1911,34,0.0,18,0,4,4,21,12,1,0,0,0,0.3,0.0,0.06666666666666667,0.06666666666666667,0.35,0.2,0.016666666666666666,0.0,0.0,0.0,60
174550,61076210,610260420,MONDELL,FRANKLIN,H,WY,M,R,0.0,voting,19110221,1860-11-06,1860,1911,51,0.0,6,3,0,9,1,0,0,0,1,0,0.3,0.15,0.0,0.45,0.05,0.0,0.0,0.0,0.05,0.0,20
18282,62067931,620028039,HEYBURN,WELDON,S,ID,M,R,,voting,19110621,1852-05-23,1852,1911,59,0.0,2,0,0,8,0,0,0,0,0,0,0.2,0.0,0.0,0.8,0.0,0.0,0.0,0.0,0.0,0.0,10
18283,62067931,620028043,HEYBURN,WELDON,S,ID,M,R,,voting,19110621,1852-05-23,1852,1911,59,0.0,9,1,0,0,0,0,0,0,0,0,0.9,0.1,0.0,0.0,0.0,0.0,0.0,0.0,0.0,0.0,10
54128,62076210,620082700,MONDELL,FRANKLIN,H,WY,M,R,0.0,voting,19120202,1860-11-06,1860,1912,52,0.0,0,0,0,0,9,0,0,0,1,0,0.0,0.0,0.0,0.0,0.9,0.0,0.0,0.0,0.1,0.0,10
106980,62066451,620164101,BURNHAM,HENRY,S,NH,M,R,,voting,19120516,1844-11-08,1844,1912,68,8.890560688219279e-05,2,2,0,3,1,0,0,1,1,0,0.2,0.2,0.0,0.3,0.1,0.0,0.0,0.1,0.1,0.0,10
114459,62073411,620174513,MCCUMBER,PORTER,S,ND,M,R,,voting,19120525,1858-02-03,1858,1912,54,0.0,1,0,0,0,9,0,0,0,0,0,0.1,0.0,0.0,0.0,0.9,0.0,0.0,0.0,0.0,0.0,10
168871,62070770,620256839,LAFFERTY,ABRAHAM,H,OR,M,R,2.0,voting,19120824,1875-06-10,1875,1912,37,0.0,9,0,0,1,0,0,0,0,0,0,0.9,0.0,0.0,0.1,0.0,0.0,0.0,0.0,0.0,0.0,10
58305,63084681,630093382,PITTMAN,KEY,S,NV,M,D,,voting,19131203,1872-09-12,1872,1913,41,0.0,3,0,1,4,2,0,0,0,0,0,0.3,0.0,0.1,0.4,0.2,0.0,0.0,0.0,0.0,0.0,10
307057,63082331,630114902,WALSH,THOMAS,S,MT,M,D,,voting,19140112,1859-06-12,1859,1914,55,0.0,8,0,0,1,0,1,0,0,0,0,0.8,0.0,0.0,0.1,0.0,0.1,0.0,0.0,0.0,0.0,10
78156,63079281,630124083,BURTON,THEODORE,S,OH,M,R,,voting,19140122,1851-12-20,1851,1914,63,0.0,2,7,0,0,1,0,0,0,0,0,0.2,0.7,0.0,0.0,0.1,0.0,0.0,0.0,0.0,0.0,10
95775,63074301,630151169,FALL,ALBERT,S,NM,M,R,,voting,19140220,1861-11-26,1861,1914,53,0.0,6,0,0,2,1,0,1,0,0,0,0.6,0.0,0.0,0.2,0.1,0.0,0.1,0.0,0.0,0.0,10
310279,63082331,630151184,WALSH,THOMAS,S,MT,M,D,,voting,19140220,1859-06-12,1859,1914,55,0.0844328217341704,2,1,0,6,1,0,0,0,0,0,0.2,0.1,0.0,0.6,0.1,0.0,0.0,0.0,0.0,0.0,10
312409,63069831,630179115,SUTHERLAND,GEORGE,S,UT,M,R,,voting,19140323,1862-03-25,1862,1914,52,0.0,0,0,0,1,9,0,0,0,0,0,0.0,0.0,0.0,0.1,0.9,0.0,0.0,0.0,0.0,0.0,10
191700,63070400,630302654,FALCONER,JACOB,H,WA,M,P,-1.0,voting,19140729,1869-01-26,1869,1914,45,0.0,8,1,0,1,0,0,0,0,0,0,0.8,0.1,0.0,0.1,0.0,0.0,0.0,0.0,0.0,0.0,10
194486,63082840,630307238,CHURCH,DENVER,H,CA,M,D,7.0,voting,19140803,1862-12-11,1862,1914,52,0.0,30,0,2,7,11,0,0,0,0,0,0.6,0.0,0.04,0.14,0.22,0.0,0.0,0.0,0.0,0.0,50
208153,63074320,630329755,FERRIS,SCOTT,H,OK,M,D,5.0,voting,19140831,1877-11-03,1877,1914,37,1.2061210772881134e-12,10,0,0,0,0,0,0,0,0,0,1.0,0.0,0.0,0.0,0.0,0.0,0.0,0.0,0.0,0.0,10
208422,63082380,630330089,WICKERSHAM,JAMES,H,AK,M,R,0.0,nonvoting,19140831,1857-08-24,1857,1914,57,0.0,1,0,0,19,0,0,0,0,0,0,0.05,0.0,0.0,0.95,0.0,0.0,0.0,0.0,0.0,0.0,20
208423,63082380,630330091,WICKERSHAM,JAMES,H,AK,M,R,0.0,nonvoting,19140831,1857-08-24,1857,1914,57,0.0,10,0,0,0,0,0,0,0,0,0,1.0,0.0,0.0,0.0,0.0,0.0,0.0,0.0,0.0,0.0,10
212200,63078110,630335894,RAKER,JOHN,H,CA,M,D,2.0,voting,19140905,1863-02-22,1863,1914,51,0.0,10,0,0,0,0,0,0,0,0,0,1.0,0.0,0.0,0.0,0.0,0.0,0.0,0.0,0.0,0.0,10
212206,63078110,630335901,RAKER,JOHN,H,CA,M,D,2.0,voting,19140905,1863-02-22,1863,1914,51,2.5692721903250834e-09,9,0,0,0,0,1,0,0,0,0,0.9,0.0,0.0,0.0,0.0,0.1,0.0,0.0,0.0,0.0,10
212261,63078110,630335975,RAKER,JOHN,H,CA,M,D,2.0,voting,19140905,1863-02-22,1863,1914,51,0.0,7,0,0,6,7,0,0,0,0,0,0.35,0.0,0.0,0.3,0.35,0.0,0.0,0.0,0.0,0.0,20
219236,63076130,630346832,MANN,JAMES,H,IL,M,R,2.0,voting,19140917,1856-10-20,1856,1914,58,0.0,3,1,0,0,1,7,1,0,7,0,0.15,0.05,0.0,0.0,0.05,0.35,0.05,0.0,0.35,0.0,20
219263,63082840,630346867,CHURCH,DENVER,H,CA,M,D,7.0,voting,19140917,1862-12-11,1862,1914,52,0.0,20,0,0,0,0,0,0,0,0,0,1.0,0.0,0.0,0.0,0.0,0.0,0.0,0.0,0.0,0.0,20
329894,63082331,630354136,WALSH,THOMAS,S,MT,M,D,,voting,19140925,1859-06-12,1859,1914,55,0.0,10,0,0,0,0,0,0,0,0,0,1.0,0.0,0.0,0.0,0.0,0.0,0.0,0.0,0.0,0.0,10
223676,63084681,630354223,PITTMAN,KEY,S,NV,M,D,,voting,19140925,1872-09-12,1872,1914,42,0.0,16,1,0,12,0,0,0,0,1,0,0.5333333333333333,0.03333333333333333,0.0,0.4,0.0,0.0,0.0,0.0,0.03333333333333333,0.0,30
223677,63084681,630354226,PITTMAN,KEY,S,NV,M,D,,voting,19140925,1872-09-12,1872,1914,42,0.0,9,1,0,0,0,0,0,0,0,0,0.9,0.1,0.0,0.0,0.0,0.0,0.0,0.0,0.0,0.0,10
330012,63082331,630354965,WALSH,THOMAS,S,MT,M,D,,voting,19140926,1859-06-12,1859,1914,55,0.0,6,0,0,1,2,0,0,0,1,0,0.6,0.0,0.0,0.1,0.2,0.0,0.0,0.0,0.1,0.0,10
6088,64076210,640009646,MONDELL,FRANKLIN,H,WY,M,R,0.0,voting,19160114,1860-11-06,1860,1916,56,0.0,8,0,0,1,1,0,0,0,0,0,0.8,0.0,0.0,0.1,0.1,0.0,0.0,0.0,0.0,0.0,10
35299,64071231,640054310,SHAFROTH,JOHN,S,CO,M,D,,voting,19160314,1854-06-09,1854,1916,62,0.0,9,0,0,1,0,0,0,0,0,0,0.9,0.0,0.0,0.1,0.0,0.0,0.0,0.0,0.0,0.0,10
204373,64072561,640054722,THOMAS,CHARLES,S,CO,M,D,,voting,19160314,1849-12-06,1849,1916,67,0.0,6,0,0,2,1,0,0,1,0,0,0.6,0.0,0.0,0.2,0.1,0.0,0.0,0.1,0.0,0.0,10
209527,64072561,640126735,THOMAS,CHARLES,S,CO,M,D,,voting,19160523,1849-12-06,1849,1916,67,0.0,10,0,0,0,0,0,0,0,0,0,1.0,0.0,0.0,0.0,0.0,0.0,0.0,0.0,0.0,0.0,10
84195,64076150,640128259,MCARTHUR,CLIFTON,H,OR,M,R,3.0,voting,19160524,1879-06-10,1879,1916,37,0.0,6,0,0,0,4,0,0,0,0,0,0.6,0.0,0.0,0.0,0.4,0.0,0.0,0.0,0.0,0.0,10
139916,64082380,640218366,WICKERSHAM,JAMES,H,AK,M,R,0.0,nonvoting,19161213,1857-08-24,1857,1916,59,0.0,10,0,0,0,0,0,0,0,0,0,1.0,0.0,0.0,0.0,0.0,0.0,0.0,0.0,0.0,0.0,10
139935,64082380,640218390,WICKERSHAM,JAMES,H,AK,M,R,0.0,nonvoting,19161213,1857-08-24,1857,1916,59,0.0,8,0,0,2,0,0,0,0,0,0,0.8,0.0,0.0,0.2,0.0,0.0,0.0,0.0,0.0,0.0,10
140296,64072040,640218786,KENT,WILLIAM,H,CA,M,I,1.0,voting,19161213,1864-03-29,1864,1916,52,0.0475976728749773,10,0,0,0,0,0,0,0,0,0,1.0,0.0,0.0,0.0,0.0,0.0,0.0,0.0,0.0,0.0,10
140297,64074920,640218787,SAUNDERS,EDWARD,H,VA,M,D,5.0,voting,19161213,1860-10-20,1860,1916,56,0.0,9,0,0,0,1,0,0,0,0,0,0.9,0.0,0.0,0.0,0.1,0.0,0.0,0.0,0.0,0.0,10
219275,64072561,640226294,THOMAS,CHARLES,S,CO,M,D,,voting,19161221,1849-12-06,1849,1916,67,0.0,15,1,0,2,1,0,0,1,0,0,0.75,0.05,0.0,0.1,0.05,0.0,0.0,0.05,0.0,0.0,20
220298,64072561,640240934,THOMAS,CHARLES,S,CO,M,D,,voting,19170115,1849-12-06,1849,1917,68,0.0,10,0,0,0,0,0,0,0,0,0,1.0,0.0,0.0,0.0,0.0,0.0,0.0,0.0,0.0,0.0,10
220307,64072561,640240948,THOMAS,CHARLES,S,CO,M,D,,voting,19170115,1849-12-06,1849,1917,68,2.1746755251357774e-20,3,1,0,2,2,2,0,0,0,0,0.3,0.1,0.0,0.2,0.2,0.2,0.0,0.0,0.0,0.0,10
166815,64071231,640259979,SHAFROTH,JOHN,S,CO,M,D,,voting,19170201,1854-06-09,1854,1917,63,0.0,9,0,0,0,0,1,0,0,0,0,0.9,0.0,0.0,0.0,0.0,0.1,0.0,0.0,0.0,0.0,10
166868,64071231,640260049,SHAFROTH,JOHN,S,CO,M,D,,voting,19170201,1854-06-09,1854,1917,63,0.0,14,1,0,5,0,0,0,0,0,0,0.7,0.05,0.0,0.25,0.0,0.0,0.0,0.0,0.0,0.0,20
166924,64071231,640260120,SHAFROTH,JOHN,S,CO,M,D,,voting,19170201,1854-06-09,1854,1917,63,0.0,7,0,0,0,3,0,0,0,0,0,0.7,0.0,0.0,0.0,0.3,0.0,0.0,0.0,0.0,0.0,10
49080,65076210,650074426,MONDELL,FRANKLIN,H,WY,M,R,0.0,voting,19170628,1860-11-06,1860,1917,57,3.0856425129926e-10,1,0,0,7,1,0,1,0,0,0,0.1,0.0,0.0,0.7,0.1,0.0,0.1,0.0,0.0,0.0,10
62362,65079101,650095092,SMOOT,REED,S,UT,M,R,,voting,19170804,1862-01-10,1862,1917,55,0.0,8,0,0,0,1,1,0,0,0,0,0.8,0.0,0.0,0.0,0.1,0.1,0.0,0.0,0.0,0.0,10
78425,65076210,650119374,MONDELL,FRANKLIN,H,WY,M,R,0.0,voting,19170921,1860-11-06,1860,1917,57,0.0,6,0,0,1,6,5,2,0,0,0,0.3,0.0,0.0,0.05,0.3,0.25,0.1,0.0,0.0,0.0,20
80908,65079901,650123275,KENDRICK,JOHN,S,WY,M,D,,voting,19171001,1857-09-06,1857,1917,60,0.0,2,2,0,6,0,0,0,0,0,0,0.2,0.2,0.0,0.6,0.0,0.0,0.0,0.0,0.0,0.0,10
80947,65079901,650123340,KENDRICK,JOHN,S,WY,M,D,,voting,19171001,1857-09-06,1857,1917,60,3.076343841598645e-18,10,0,0,0,0,0,0,0,0,0,1.0,0.0,0.0,0.0,0.0,0.0,0.0,0.0,0.0,0.0,10
87334,65079101,650133625,SMOOT,REED,S,UT,M,R,,voting,19171214,1862-01-10,1862,1917,55,0.0,9,0,0,1,0,0,0,0,0,0,0.9,0.0,0.0,0.1,0.0,0.0,0.0,0.0,0.0,0.0,10
277449,65084501,650135391,KING,WILLIAM,S,UT,M,D,,voting,19171217,1863-06-03,1863,1917,54,0.0,4,0,0,3,1,2,0,0,0,0,0.4,0.0,0.0,0.3,0.1,0.2,0.0,0.0,0.0,0.0,10
88885,65079101,650136140,SMOOT,REED,S,UT,M,R,,voting,19171218,1862-01-10,1862,1917,55,0.0,8,1,0,7,2,1,0,0,1,0,0.4,0.05,0.0,0.35,0.1,0.05,0.0,0.0,0.05,0.0,20
89479,65079101,650137125,SMOOT,REED,S,UT,M,R,,voting,19180104,1862-01-10,1862,1918,56,0.0,3,0,0,6,1,0,0,0,0,0,0.3,0.0,0.0,0.6,0.1,0.0,0.0,0.0,0.0,0.0,10
89522,65079901,650137181,KENDRICK,JOHN,S,WY,M,D,,voting,19180104,1857-09-06,1857,1918,61,0.0,10,0,0,0,0,0,0,0,0,0,1.0,0.0,0.0,0.0,0.0,0.0,0.0,0.0,0.0,0.0,10
89540,65084681,650137212,PITTMAN,KEY,S,NV,M,D,,voting,19180104,1872-09-12,1872,1918,46,9.012365582840087e-10,5,0,0,3,1,0,1,0,0,0,0.5,0.0,0.0,0.3,0.1,0.0,0.1,0.0,0.0,0.0,10
89541,65084681,650137213,PITTMAN,KEY,S,NV,M,D,,voting,19180104,1872-09-12,1872,1918,46,0.0,10,0,0,0,0,0,0,0,0,0,1.0,0.0,0.0,0.0,0.0,0.0,0.0,0.0,0.0,0.0,10
277557,65084501,650137290,KING,WILLIAM,S,UT,M,D,,voting,19180104,1863-06-03,1863,1918,55,0.0,4,0,0,4,2,0,0,0,0,0,0.4,0.0,0.0,0.4,0.2,0.0,0.0,0.0,0.0,0.0,10
277596,65072561,650138183,THOMAS,CHARLES,S,CO,M,D,,voting,19180107,1849-12-06,1849,1918,69,0.0,7,0,0,2,1,0,0,0,0,0,0.7,0.0,0.0,0.2,0.1,0.0,0.0,0.0,0.0,0.0,10
90251,65079101,650138394,SMOOT,REED,S,UT,M,R,,voting,19180107,1862-01-10,1862,1918,56,0.0,7,0,0,3,0,0,0,0,0,0,0.7,0.0,0.0,0.3,0.0,0.0,0.0,0.0,0.0,0.0,10
90261,65071231,650138415,SHAFROTH,JOHN,S,CO,M,D,,voting,19180107,1854-06-09,1854,1918,64,0.0,5,2,0,2,0,0,0,0,1,0,0.5,0.2,0.0,0.2,0.0,0.0,0.0,0.0,0.1,0.0,10
90298,65079101,650138510,SMOOT,REED,S,UT,M,R,,voting,19180107,1862-01-10,1862,1918,56,0.0,2,0,0,8,0,0,0,0,0,0,0.2,0.0,0.0,0.8,0.0,0.0,0.0,0.0,0.0,0.0,10
90299,65079101,650138513,SMOOT,REED,S,UT,M,R,,voting,19180107,1862-01-10,1862,1918,56,0.0,18,0,0,11,0,1,0,0,0,0,0.6,0.0,0.0,0.36666666666666664,0.0,0.03333333333333333,0.0,0.0,0.0,0.0,30
91259,65079101,650140051,SMOOT,REED,S,UT,M,R,,voting,19180110,1862-01-10,1862,1918,56,0.0,2,1,0,6,1,0,0,0,0,0,0.2,0.1,0.0,0.6,0.1,0.0,0.0,0.0,0.0,0.0,10
146701,65076210,650227678,MONDELL,FRANKLIN,H,WY,M,R,0.0,voting,19180426,1860-11-06,1860,1918,58,0.0,1,1,0,6,1,1,0,0,0,0,0.1,0.1,0.0,0.6,0.1,0.1,0.0,0.0,0.0,0.0,10
162323,65076210,650253105,MONDELL,FRANKLIN,H,WY,M,R,0.0,voting,19180523,1860-11-06,1860,1918,58,0.0,10,4,0,6,0,0,0,0,0,0,0.5,0.2,0.0,0.3,0.0,0.0,0.0,0.0,0.0,0.0,20
162325,65076210,650253107,MONDELL,FRANKLIN,H,WY,M,R,0.0,voting,19180523,1860-11-06,1860,1918,58,0.0,10,0,0,0,0,0,0,0,0,0,1.0,0.0,0.0,0.0,0.0,0.0,0.0,0.0,0.0,0.0,10
162332,65076210,650253115,MONDELL,FRANKLIN,H,WY,M,R,0.0,voting,19180523,1860-11-06,1860,1918,58,0.0,25,0,0,1,0,3,1,0,0,0,0.8333333333333334,0.0,0.0,0.03333333333333333,0.0,0.1,0.03333333333333333,0.0,0.0,0.0,30
162333,65076210,650253118,MONDELL,FRANKLIN,H,WY,M,R,0.0,voting,19180523,1860-11-06,1860,1918,58,0.0,10,0,0,0,0,0,0,0,0,0,1.0,0.0,0.0,0.0,0.0,0.0,0.0,0.0,0.0,0.0,10
163123,65076210,650254426,MONDELL,FRANKLIN,H,WY,M,R,0.0,voting,19180524,1860-11-06,1860,1918,58,0.0,6,0,0,1,0,1,0,2,0,0,0.6,0.0,0.0,0.1,0.0,0.1,0.0,0.2,0.0,0.0,10
163140,65078110,650254458,RAKER,JOHN,H,CA,M,D,2.0,voting,19180524,1863-02-22,1863,1918,55,0.0,3,0,1,5,1,0,0,0,0,0,0.3,0.0,0.1,0.5,0.1,0.0,0.0,0.0,0.0,0.0,10
337313,65078110,650255058,RAKER,JOHN,H,CA,M,D,2.0,voting,19180525,1863-02-22,1863,1918,55,0.0,17,1,0,2,0,0,0,0,0,0,0.85,0.05,0.0,0.1,0.0,0.0,0.0,0.0,0.0,0.0,20
163551,65076210,650255086,MONDELL,FRANKLIN,H,WY,M,R,0.0,voting,19180525,1860-11-06,1860,1918,58,0.0,19,0,0,1,0,0,0,0,0,0,0.95,0.0,0.0,0.05,0.0,0.0,0.0,0.0,0.0,0.0,20
163733,65076210,650255378,MONDELL,FRANKLIN,H,WY,M,R,0.0,voting,19180525,1860-11-06,1860,1918,58,0.0,24,0,0,6,0,0,0,0,0,0,0.8,0.0,0.0,0.2,0.0,0.0,0.0,0.0,0.0,0.0,30
172860,65071231,650270010,SHAFROTH,JOHN,S,CO,M,D,,voting,19180618,1854-06-09,1854,1918,64,0.0,10,0,0,0,0,0,0,0,0,0,1.0,0.0,0.0,0.0,0.0,0.0,0.0,0.0,0.0,0.0,10
193234,65076081,650303298,LENROOT,IRVINE,S,WI,M,R,,voting,19180903,1869-01-31,1869,1918,49,0.0,6,0,0,1,2,0,0,0,1,0,0.6,0.0,0.0,0.1,0.2,0.0,0.0,0.0,0.1,0.0,10
198177,65071231,650311335,SHAFROTH,JOHN,S,CO,M,D,,voting,19180917,1854-06-09,1854,1918,64,0.0,1,1,0,8,0,0,0,0,0,0,0.1,0.1,0.0,0.8,0.0,0.0,0.0,0.0,0.0,0.0,10
338544,65071231,650331609,SHAFROTH,JOHN,S,CO,M,D,,voting,19181118,1854-06-09,1854,1918,64,0.0,4,1,0,4,0,1,0,0,0,0,0.4,0.1,0.0,0.4,0.0,0.1,0.0,0.0,0.0,0.0,10
253695,65076210,650397949,MONDELL,FRANKLIN,H,WY,M,R,0.0,voting,19190218,1860-11-06,1860,1919,59,0.0,7,0,0,2,0,1,0,0,0,0,0.7,0.0,0.0,0.2,0.0,0.1,0.0,0.0,0.0,0.0,10
11426,66079170,660018992,VAILE,WILLIAM,H,CO,M,R,1.0,voting,19190616,1876-06-22,1876,1919,43,0.0117536471626466,9,0,0,0,1,0,0,0,0,0,0.9,0.0,0.0,0.0,0.1,0.0,0.0,0.0,0.0,0.0,10
215212,66072561,660056221,THOMAS,CHARLES,S,CO,M,D,,voting,19190807,1849-12-06,1849,1919,70,0.0,9,1,0,0,0,0,0,0,0,0,0.9,0.1,0.0,0.0,0.0,0.0,0.0,0.0,0.0,0.0,10
33907,66078091,660056222,PHIPPS,LAWRENCE,S,CO,M,R,,voting,19190807,1862-08-30,1862,1919,57,1.478024064121526e-13,9,0,0,0,1,0,0,0,0,0,0.9,0.0,0.0,0.0,0.1,0.0,0.0,0.0,0.0,0.0,10
215243,66072561,660056349,THOMAS,CHARLES,S,CO,M,D,,voting,19190808,1849-12-06,1849,1919,70,0.0,7,0,0,0,3,0,0,0,0,0,0.7,0.0,0.0,0.0,0.3,0.0,0.0,0.0,0.0,0.0,10
215788,66072561,660064222,THOMAS,CHARLES,S,CO,M,D,,voting,19190823,1849-12-06,1849,1919,70,0.0,9,0,0,0,0,0,0,1,0,0,0.9,0.0,0.0,0.0,0.0,0.0,0.0,0.1,0.0,0.0,10
215797,66072561,660064236,THOMAS,CHARLES,S,CO,M,D,,voting,19190823,1849-12-06,1849,1919,70,0.0,14,0,0,4,2,0,0,0,0,0,0.7,0.0,0.0,0.2,0.1,0.0,0.0,0.0,0.0,0.0,20
38542,66076081,660064371,LENROOT,IRVINE,S,WI,M,R,,voting,19190825,1869-01-31,1869,1919,50,1.72954899519915e-09,8,0,0,1,1,0,0,0,0,0,0.8,0.0,0.0,0.1,0.1,0.0,0.0,0.0,0.0,0.0,10
215833,66072561,660064372,THOMAS,CHARLES,S,CO,M,D,,voting,19190825,1849-12-06,1849,1919,70,0.0,10,0,0,0,0,0,0,0,0,0,1.0,0.0,0.0,0.0,0.0,0.0,0.0,0.0,0.0,0.0,10
38549,66079101,660064387,SMOOT,REED,S,UT,M,R,,voting,19190825,1862-01-10,1862,1919,57,0.0,17,0,0,1,1,0,1,0,0,0,0.85,0.0,0.0,0.05,0.05,0.0,0.05,0.0,0.0,0.0,20
215856,66084501,660064421,KING,WILLIAM,S,UT,M,D,,voting,19190825,1863-06-03,1863,1919,56,0.0,10,0,0,0,0,0,0,0,0,0,1.0,0.0,0.0,0.0,0.0,0.0,0.0,0.0,0.0,0.0,10
243521,66082331,660064434,WALSH,THOMAS,S,MT,M,D,,voting,19190825,1859-06-12,1859,1919,60,0.0,10,0,0,0,0,0,0,0,0,0,1.0,0.0,0.0,0.0,0.0,0.0,0.0,0.0,0.0,0.0,10
38690,66074301,660064649,FALL,ALBERT,S,NM,M,R,,voting,19190825,1861-11-26,1861,1919,58,0.0,9,0,0,0,1,0,0,0,0,0,0.9,0.0,0.0,0.0,0.1,0.0,0.0,0.0,0.0,0.0,10
38713,66072621,660064684,KIRBY,WILLIAM,S,AR,M,D,,voting,19190825,1867-11-16,1867,1919,52,0.0,9,1,0,0,0,0,0,0,0,0,0.9,0.1,0.0,0.0,0.0,0.0,0.0,0.0,0.0,0.0,10
216027,66072561,660067011,THOMAS,CHARLES,S,CO,M,D,,voting,19190828,1849-12-06,1849,1919,70,0.0,12,2,0,6,0,0,0,0,0,0,0.6,0.1,0.0,0.3,0.0,0.0,0.0,0.0,0.0,0.0,20
41157,66076081,660068433,LENROOT,IRVINE,S,WI,M,R,,voting,19190830,1869-01-31,1869,1919,50,1.0960662261598833e-20,8,0,0,2,0,0,0,0,0,0,0.8,0.0,0.0,0.2,0.0,0.0,0.0,0.0,0.0,0.0,10
41189,66079101,660068480,SMOOT,REED,S,UT,M,R,,voting,19190830,1862-01-10,1862,1919,57,0.0,0,1,0,8,0,1,0,0,0,0,0.0,0.1,0.0,0.8,0.0,0.1,0.0,0.0,0.0,0.0,10
41193,66076081,660068487,LENROOT,IRVINE,S,WI,M,R,,voting,19190830,1869-01-31,1869,1919,50,0.0,11,3,1,5,8,1,0,0,1,0,0.36666666666666664,0.1,0.03333333333333333,0.16666666666666666,0.26666666666666666,0.03333333333333333,0.0,0.0,0.03333333333333333,0.0,30
41201,66076081,660068504,LENROOT,IRVINE,S,WI,M,R,,voting,19190830,1869-01-31,1869,1919,50,0.0,10,0,0,0,0,0,0,0,0,0,1.0,0.0,0.0,0.0,0.0,0.0,0.0,0.0,0.0,0.0,10
41204,66079101,660068518,SMOOT,REED,S,UT,M,R,,voting,19190830,1862-01-10,1862,1919,57,0.0,3,0,0,6,0,1,0,0,0,0,0.3,0.0,0.0,0.6,0.0,0.1,0.0,0.0,0.0,0.0,10
243991,66077101,660068565,JONES,ANDRIEUS,S,NM,M,D,,voting,19190830,1862-05-16,1862,1919,57,0.0,1,0,0,0,9,0,0,0,0,0,0.1,0.0,0.0,0.0,0.9,0.0,0.0,0.0,0.0,0.0,10
64045,66079170,660106769,VAILE,WILLIAM,H,CO,M,R,1.0,voting,19191025,1876-06-22,1876,1919,43,0.0,14,0,0,11,1,4,0,0,0,0,0.4666666666666667,0.0,0.0,0.36666666666666664,0.03333333333333333,0.13333333333333333,0.0,0.0,0.0,0.0,30
275020,66080660,660106779,BARBOUR,HENRY,H,CA,M,R,7.0,voting,19191025,1877-03-08,1877,1919,42,0.0,15,1,0,2,0,1,1,0,0,0,0.75,0.05,0.0,0.1,0.0,0.05,0.05,0.0,0.0,0.0,20
64701,66079170,660107835,VAILE,WILLIAM,H,CO,M,R,1.0,voting,19191027,1876-06-22,1876,1919,43,0.0,1,1,0,8,0,0,0,0,0,0,0.1,0.1,0.0,0.8,0.0,0.0,0.0,0.0,0.0,0.0,10
89884,66078091,660151389,PHIPPS,LAWRENCE,S,CO,M,R,,voting,19200114,1862-08-30,1862,1920,58,0.0,7,0,1,0,2,0,0,0,0,0,0.7,0.0,0.1,0.0,0.2,0.0,0.0,0.0,0.0,0.0,10
89887,66078091,660151393,PHIPPS,LAWRENCE,S,CO,M,R,,voting,19200114,1862-08-30,1862,1920,58,0.0,4,0,0,0,5,0,0,0,1,0,0.4,0.0,0.0,0.0,0.5,0.0,0.0,0.0,0.1,0.0,10
89891,66078091,660151398,PHIPPS,LAWRENCE,S,CO,M,R,,voting,19200114,1862-08-30,1862,1920,58,0.0,8,0,0,1,1,0,0,0,0,0,0.8,0.0,0.0,0.1,0.1,0.0,0.0,0.0,0.0,0.0,10
89897,66078091,660151404,PHIPPS,LAWRENCE,S,CO,M,R,,voting,19200114,1862-08-30,1862,1920,58,3.776829915761961e-20,10,0,0,0,0,0,0,0,0,0,1.0,0.0,0.0,0.0,0.0,0.0,0.0,0.0,0.0,0.0,10
265353,66081150,660281036,EVANS,JOHN,H,MT,M,D,1.0,voting,19201220,1863-01-07,1863,1920,57,4.883219787660877e-21,8,0,0,0,2,0,0,0,0,0,0.8,0.0,0.0,0.0,0.2,0.0,0.0,0.0,0.0,0.0,10
265355,66081150,660281038,EVANS,JOHN,H,MT,M,D,1.0,voting,19201220,1863-01-07,1863,1920,57,0.0,9,0,0,0,0,1,0,0,0,0,0.9,0.0,0.0,0.0,0.0,0.1,0.0,0.0,0.0,0.0,10
235052,66072561,660312164,THOMAS,CHARLES,S,CO,M,D,,voting,19210202,1849-12-06,1849,1921,72,0.0,1,0,0,9,0,0,0,0,0,0,0.1,0.0,0.0,0.9,0.0,0.0,0.0,0.0,0.0,0.0,10
255547,67079090,670407830,SINNOTT,NICHOLAS,H,OR,M,R,2.0,voting,19230227,1870-12-06,1870,1923,53,0.0,6,0,0,0,4,0,0,0,0,0,0.6,0.0,0.0,0.0,0.4,0.0,0.0,0.0,0.0,0.0,10
73705,69076081,690124727,LENROOT,IRVINE,S,WI,M,R,,voting,19260514,1869-01-31,1869,1926,57,7.854879064657592e-07,7,0,0,1,0,1,0,0,1,0,0.7,0.0,0.0,0.1,0.0,0.1,0.0,0.0,0.1,0.0,10
90624,70080620,700152019,ARENTZ,SAMUEL,H,NV,M,R,0.0,voting,19290124,1879-01-08,1879,1929,50,0.0,6,0,0,7,6,1,0,0,0,0,0.3,0.0,0.0,0.35,0.3,0.05,0.0,0.0,0.0,0.0,20
145396,70081150,700152022,EVANS,JOHN,H,MT,M,D,1.0,voting,19290124,1863-01-07,1863,1929,66,4.915697198135846e-10,9,0,0,1,0,0,0,0,0,0,0.9,0.0,0.0,0.1,0.0,0.0,0.0,0.0,0.0,0.0,10
145398,70081150,700152029,EVANS,JOHN,H,MT,M,D,1.0,voting,19290124,1863-01-07,1863,1929,66,1.511554923982727e-16,9,0,0,0,0,1,0,0,0,0,0.9,0.0,0.0,0.0,0.0,0.1,0.0,0.0,0.0,0.0,10
258859,71081090,710292046,EATON,WILLIAM,H,CO,M,R,1.0,voting,19310209,1877-12-17,1877,1931,54,0.0,9,0,0,1,0,0,0,0,0,0,0.9,0.0,0.0,0.1,0.0,0.0,0.0,0.0,0.0,0.0,10
260301,71082331,710310406,WALSH,THOMAS,S,MT,M,D,,voting,19310226,1859-06-12,1859,1931,72,0.0,10,0,0,0,0,0,0,0,0,0,1.0,0.0,0.0,0.0,0.0,0.0,0.0,0.0,0.0,0.0,10
204692,71080890,710320464,COLTON,DON,H,UT,M,R,1.0,voting,19310303,1876-09-15,1876,1931,55,0.0,10,0,0,0,0,0,0,0,0,0,1.0,0.0,0.0,0.0,0.0,0.0,0.0,0.0,0.0,0.0,10
181903,72081150,720065300,EVANS,JOHN,H,MT,M,D,1.0,voting,19320323,1863-01-07,1863,1932,69,0.0,1,0,0,0,9,0,0,0,0,0,0.1,0.0,0.0,0.0,0.9,0.0,0.0,0.0,0.0,0.0,10
190409,72081090,720176035,EATON,WILLIAM,H,CO,M,R,1.0,voting,19321216,1877-12-17,1877,1932,55,2.969529363669426e-16,9,0,0,0,0,0,0,1,0,0,0.9,0.0,0.0,0.0,0.0,0.0,0.0,0.1,0.0,0.0,10
200685,74090681,740209197,THOMAS,JOHN,S,OK,M,D,,voting,19360424,1876-09-08,1876,1936,60,0.0,2,0,0,0,8,0,0,0,0,0,0.2,0.0,0.0,0.0,0.8,0.0,0.0,0.0,0.0,0.0,10
104264,76083881,760155136,ASHURST,HENRY,S,AZ,M,D,,voting,19400219,1874-09-13,1874,1940,66,0.0,2,0,0,0,7,0,0,0,1,0,0.2,0.0,0.0,0.0,0.7,0.0,0.0,0.0,0.1,0.0,10
185923,79088111,790213997,MURDOCK,ORRICE,S,UT,M,D,,voting,19460601,1893-07-18,1893,1946,53,0.0,17,0,0,0,2,1,0,0,0,0,0.85,0.0,0.0,0.0,0.1,0.05,0.0,0.0,0.0,0.0,20
138235,79093541,790213998,MILLIKIN,EUGENE,S,CO,M,R,,voting,19460601,1891-02-12,1891,1946,55,0.0,9,0,0,1,0,0,0,0,0,0,0.9,0.0,0.0,0.1,0.0,0.0,0.0,0.0,0.0,0.0,10
185924,79088111,790213999,MURDOCK,ORRICE,S,UT,M,D,,voting,19460601,1893-07-18,1893,1946,53,0.0,0,0,0,0,0,0,0,10,0,0,0.0,0.0,0.0,0.0,0.0,0.0,0.0,1.0,0.0,0.0,10
185926,79088111,790214003,MURDOCK,ORRICE,S,UT,M,D,,voting,19460601,1893-07-18,1893,1946,53,6.804446314832052e-13,10,0,0,0,0,0,0,0,0,0,1.0,0.0,0.0,0.0,0.0,0.0,0.0,0.0,0.0,0.0,10
210136,83094051,830190358,BUTLER,HUGH,S,NE,M,R,,voting,19540615,1878-02-28,1878,1954,76,0.0,2,0,0,0,7,1,0,0,0,0,0.2,0.0,0.0,0.0,0.7,0.1,0.0,0.0,0.0,0.0,10
186565,83093961,830190368,BARRETT,FRANK,S,WY,M,R,,voting,19540615,1892-11-10,1892,1954,62,0.0,6,0,0,1,1,1,0,0,1,0,0.6,0.0,0.0,0.1,0.1,0.1,0.0,0.0,0.1,0.0,10
119023,83098531,830190369,MORSE,WAYNE,S,OR,M,I,,voting,19540615,1900-10-20,1900,1954,54,1.4535623914907816e-12,13,0,1,6,0,0,0,0,0,0,0.65,0.0,0.05,0.3,0.0,0.0,0.0,0.0,0.0,0.0,20
186566,83093961,830190370,BARRETT,FRANK,S,WY,M,R,,voting,19540615,1892-11-10,1892,1954,62,0.0,1,1,0,16,0,1,0,0,1,0,0.05,0.05,0.0,0.8,0.0,0.05,0.0,0.0,0.05,0.0,20
119024,83098531,830190371,MORSE,WAYNE,S,OR,M,I,,voting,19540615,1900-10-20,1900,1954,54,1.1531184822808791e-11,8,0,0,2,0,0,0,0,0,0,0.8,0.0,0.0,0.2,0.0,0.0,0.0,0.0,0.0,0.0,10
119026,83098531,830190375,MORSE,WAYNE,S,OR,M,I,,voting,19540615,1900-10-20,1900,1954,54,0.0,13,0,0,7,0,0,0,0,0,0,0.65,0.0,0.0,0.35,0.0,0.0,0.0,0.0,0.0,0.0,20
187914,83093961,830208264,BARRETT,FRANK,S,WY,M,R,,voting,19540708,1892-11-10,1892,1954,62,1.7450963119896418e-07,9,0,0,0,1,0,0,0,0,0,0.9,0.0,0.0,0.0,0.1,0.0,0.0,0.0,0.0,0.0,10
129849,83094361,830208265,MALONE,GEORGE,S,NV,M,R,,voting,19540708,1890-08-07,1890,1954,64,0.0,6,1,1,1,1,0,0,0,0,0,0.6,0.1,0.1,0.1,0.1,0.0,0.0,0.0,0.0,0.0,10
129850,83094361,830208267,MALONE,GEORGE,S,NV,M,R,,voting,19540708,1890-08-07,1890,1954,64,6.437080420124593e-09,9,0,0,1,0,0,0,0,0,0,0.9,0.0,0.0,0.1,0.0,0.0,0.0,0.0,0.0,0.0,10
187937,83095431,830208300,CASE,FRANCIS,S,SD,M,R,,voting,19540708,1896-12-09,1896,1954,58,2.4033253325818983e-14,10,0,0,0,0,0,0,0,0,0,1.0,0.0,0.0,0.0,0.0,0.0,0.0,0.0,0.0,0.0,10
136598,83101070,830218557,ASPINALL,WAYNE,H,CO,M,D,4.0,voting,19540719,1896-04-03,1896,1954,58,0.0,22,0,0,3,0,5,0,0,0,0,0.7333333333333333,0.0,0.0,0.1,0.0,0.16666666666666666,0.0,0.0,0.0,0.0,30
136618,83101070,830218577,ASPINALL,WAYNE,H,CO,M,D,4.0,voting,19540719,1896-04-03,1896,1954,58,0.0,8,0,0,2,0,0,0,0,0,0,0.8,0.0,0.0,0.2,0.0,0.0,0.0,0.0,0.0,0.0,10
149415,83094361,830240324,MALONE,GEORGE,S,NV,M,R,,voting,19540730,1890-08-07,1890,1954,64,0.0,4,0,0,2,1,3,0,0,0,0,0.4,0.0,0.0,0.2,0.1,0.3,0.0,0.0,0.0,0.0,10
136886,84095260,840062814,YOUNG,CLARENCE,H,NV,M,R,0.0,voting,19550620,1922-11-07,1922,1955,33,0.0,5,0,0,1,4,0,0,0,0,0,0.5,0.0,0.0,0.1,0.4,0.0,0.0,0.0,0.0,0.0,10
34554,84094361,840067567,MALONE,GEORGE,S,NV,M,R,,voting,19550628,1890-08-07,1890,1955,65,0.0,9,0,2,2,5,1,0,0,1,0,0.45,0.0,0.1,0.1,0.25,0.05,0.0,0.0,0.05,0.0,20
34579,84099851,840067655,ANDERSON,CLINTON,S,NM,M,D,,voting,19550628,1895-10-23,1895,1955,60,0.0,10,0,0,0,0,0,0,0,0,0,1.0,0.0,0.0,0.0,0.0,0.0,0.0,0.0,0.0,0.0,10
65147,85100421,850113005,BIBLE,ALAN,S,NV,M,D,,voting,19570805,1909-11-20,1909,1957,48,0.0,7,0,0,1,1,1,0,0,0,0,0.7,0.0,0.0,0.1,0.1,0.1,0.0,0.0,0.0,0.0,10
87526,85095161,850154559,NEUBERGER,RICHARD,S,OR,M,D,,voting,19580206,1912-12-26,1912,1958,46,0.0,2,1,0,0,0,7,0,0,0,0,0.2,0.1,0.0,0.0,0.0,0.7,0.0,0.0,0.0,0.0,10
133852,85099841,850235049,ALLOTT,GORDON,S,CO,M,R,,voting,19580624,1907-01-02,1907,1958,51,0.0,2,0,0,3,1,0,0,0,4,0,0.2,0.0,0.0,0.3,0.1,0.0,0.0,0.0,0.4,0.0,10
188887,87099231,870073790,HOLLAND,SPESSARD,S,FL,M,D,,voting,19610627,1892-07-10,1892,1961,69,0.0,2,0,0,0,8,0,0,0,0,0,0.2,0.0,0.0,0.0,0.8,0.0,0.0,0.0,0.0,0.0,10
89767,87100421,870152019,BIBLE,ALAN,S,NV,M,D,,voting,19620125,1909-11-20,1909,1962,53,0.0,4,0,0,0,4,1,0,0,1,0,0.4,0.0,0.0,0.0,0.4,0.1,0.0,0.0,0.1,0.0,10
214989,87095431,870152052,CASE,FRANCIS,S,SD,M,R,,voting,19620125,1896-12-09,1896,1962,66,0.0,1,1,0,0,7,1,0,0,0,0,0.1,0.1,0.0,0.0,0.7,0.1,0.0,0.0,0.0,0.0,10
197599,87103151,870212875,CHURCH,FRANK,S,ID,M,D,,voting,19620620,1924-07-25,1924,1962,38,0.0,13,0,0,0,2,5,0,0,0,0,0.65,0.0,0.0,0.0,0.1,0.25,0.0,0.0,0.0,0.0,20
222322,87105120,870280316,JOHNSON,HAROLD,H,CA,M,D,2.0,voting,19620917,1907-12-02,1907,1962,55,0.0,18,0,0,2,0,0,0,0,0,0,0.9,0.0,0.0,0.1,0.0,0.0,0.0,0.0,0.0,0.0,20
11674,88102810,880022635,SAYLOR,JOHN,H,PA,M,R,22.0,voting,19630328,1908-07-23,1908,1963,55,0.0,9,0,0,0,1,0,0,0,0,0,0.9,0.0,0.0,0.0,0.1,0.0,0.0,0.0,0.0,0.0,10
189190,88101691,880084116,MOSS,FRANK,S,UT,M,D,,voting,19630828,1911-09-23,1911,1963,52,0.0,4,0,0,4,2,0,0,0,0,0,0.4,0.0,0.0,0.4,0.2,0.0,0.0,0.0,0.0,0.0,10
69194,88098521,880119587,MONRONEY,ALMER,S,OK,M,D,,voting,19631118,1902-03-02,1902,1963,61,0.0,0,9,1,0,0,0,0,0,0,0,0.0,0.9,0.1,0.0,0.0,0.0,0.0,0.0,0.0,0.0,10
98044,88105000,880168077,FLOOD,DANIEL,H,PA,M,D,11.0,voting,19640225,1903-11-26,1903,1964,61,0.0,10,0,0,0,0,0,0,0,0,0,1.0,0.0,0.0,0.0,0.0,0.0,0.0,0.0,0.0,0.0,10
104264,88102810,880177372,SAYLOR,JOHN,H,PA,M,R,22.0,voting,19640310,1908-07-23,1908,1964,56,0.0,4,1,0,2,3,0,0,0,0,0,0.4,0.1,0.0,0.2,0.3,0.0,0.0,0.0,0.0,0.0,10
178552,89101691,890000650,MOSS,FRANK,S,UT,M,D,,voting,19650106,1911-09-23,1911,1965,54,0.0,4,0,0,4,2,0,0,0,0,0,0.4,0.0,0.0,0.4,0.2,0.0,0.0,0.0,0.0,0.0,10
5459,89101310,890010261,DWYER,FLORENCE,H,NJ,F,R,6.0,voting,19650209,1902-07-04,1902,1965,63,0.0,0,27,3,0,0,0,0,0,0,0,0.0,0.9,0.1,0.0,0.0,0.0,0.0,0.0,0.0,0.0,30
202136,89103460,890032194,JOHNSON,ALBERT,H,PA,M,R,23.0,voting,19650405,1906-04-17,1906,1965,59,4.565139951370466e-09,0,0,0,0,0,10,0,0,0,0,0.0,0.0,0.0,0.0,0.0,1.0,0.0,0.0,0.0,0.0,10
56634,89105290,890102729,PATTEN,EDWARD,H,NJ,M,D,15.0,voting,19650728,1905-08-22,1905,1965,60,0.0,3,0,0,1,0,4,0,1,1,0,0.3,0.0,0.0,0.1,0.0,0.4,0.0,0.1,0.1,0.0,10
103557,89101430,890188347,HALL,DURWARD,H,MO,M,R,7.0,voting,19660314,1910-09-14,1910,1966,56,0.0,0,8,0,0,0,0,0,2,0,0,0.0,0.8,0.0,0.0,0.0,0.0,0.0,0.2,0.0,0.0,10
57948,90100531,900100651,DOMINICK,PETER,S,CO,M,R,,voting,19670807,1915-07-07,1915,1967,52,0.0,0,6,51,0,2,0,0,0,1,0,0.0,0.1,0.85,0.0,0.03333333333333333,0.0,0.0,0.0,0.016666666666666666,0.0,60
63808,90100531,900110343,DOMINICK,PETER,S,CO,M,R,,voting,19670818,1915-07-07,1915,1967,52,0.0,0,0,10,0,0,0,0,0,0,0,0.0,0.0,1.0,0.0,0.0,0.0,0.0,0.0,0.0,0.0,10
79240,90106870,900135807,OTTINGER,RICHARD,H,NY,M,D,25.0,voting,19671004,1929-01-27,1929,1967,38,0.0,0,1,8,0,0,0,0,0,1,0,0.0,0.1,0.8,0.0,0.0,0.0,0.0,0.0,0.1,0.0,10
80287,90100531,900137983,DOMINICK,PETER,S,CO,M,R,,voting,19671006,1915-07-07,1915,1967,52,0.0,0,4,35,1,0,0,0,0,0,0,0.0,0.1,0.875,0.025,0.0,0.0,0.0,0.0,0.0,0.0,40
81672,90100531,900140316,DOMINICK,PETER,S,CO,M,R,,voting,19671011,1915-07-07,1915,1967,52,5.863815802447104e-08,0,1,9,0,0,0,0,0,0,0,0.0,0.1,0.9,0.0,0.0,0.0,0.0,0.0,0.0,0.0,10
136093,90103541,900237583,MAGNUSON,WARREN,S,WA,M,D,,voting,19680503,1905-04-12,1905,1968,63,0.0,0,1,19,0,0,0,0,0,0,0,0.0,0.05,0.95,0.0,0.0,0.0,0.0,0.0,0.0,0.0,20
169344,90100531,900295068,DOMINICK,PETER,S,CO,M,R,,voting,19680725,1915-07-07,1915,1968,53,0.0,0,3,26,0,1,0,0,0,0,0,0.0,0.1,0.8666666666666667,0.0,0.03333333333333333,0.0,0.0,0.0,0.0,0.0,30
7044,91103541,910014371,MAGNUSON,WARREN,S,WA,M,D,,voting,19690307,1905-04-12,1905,1969,64,0.0,0,2,1,0,1,6,0,0,0,0,0.0,0.2,0.1,0.0,0.1,0.6,0.0,0.0,0.0,0.0,10
8125,91106870,910016108,OTTINGER,RICHARD,H,NY,M,D,25.0,voting,19690312,1929-01-27,1929,1969,40,0.0,0,13,77,0,0,0,0,0,0,0,0.0,0.14444444444444443,0.8555555555555555,0.0,0.0,0.0,0.0,0.0,0.0,0.0,90
15492,91100820,910030103,OLSEN,ARNOLD,H,MT,M,D,1.0,voting,19690506,1916-12-17,1916,1969,53,0.0,0,5,25,0,0,0,0,0,0,0,0.0,0.16666666666666666,0.8333333333333334,0.0,0.0,0.0,0.0,0.0,0.0,0.0,30
232005,91101360,910094470,FULTON,JAMES,H,PA,M,R,27.0,voting,19691007,1903-03-01,1903,1969,66,0.0,0,6,0,0,1,0,0,6,7,0,0.0,0.3,0.0,0.0,0.05,0.0,0.0,0.3,0.35,0.0,20
98448,91100531,910169231,DOMINICK,PETER,S,CO,M,R,,voting,19700225,1915-07-07,1915,1970,55,0.0,0,1,9,0,0,0,0,0,0,0,0.0,0.1,0.9,0.0,0.0,0.0,0.0,0.0,0.0,0.0,10
99012,91100531,910170162,DOMINICK,PETER,S,CO,M,R,,voting,19700226,1915-07-07,1915,1970,55,0.0,0,1,9,0,0,0,0,0,0,0,0.0,0.1,0.9,0.0,0.0,0.0,0.0,0.0,0.0,0.0,10
213722,91106051,910170173,GOLDWATER,BARRY,S,AZ,M,R,,voting,19700226,1909-01-01,1909,1970,61,0.0,0,1,9,0,0,0,0,0,0,0,0.0,0.1,0.9,0.0,0.0,0.0,0.0,0.0,0.0,0.0,10
99022,91100531,910170178,DOMINICK,PETER,S,CO,M,R,,voting,19700226,1915-07-07,1915,1970,55,0.0,0,1,9,0,0,0,0,0,0,0,0.0,0.1,0.9,0.0,0.0,0.0,0.0,0.0,0.0,0.0,10
99027,91099841,910170183,ALLOTT,GORDON,S,CO,M,R,,voting,19700226,1907-01-02,1907,1970,63,0.0,0,0,10,0,0,0,0,0,0,0,0.0,0.0,1.0,0.0,0.0,0.0,0.0,0.0,0.0,0.0,10
99035,91100531,910170192,DOMINICK,PETER,S,CO,M,R,,voting,19700226,1915-07-07,1915,1970,55,0.0,0,0,10,0,0,0,0,0,0,0,0.0,0.0,1.0,0.0,0.0,0.0,0.0,0.0,0.0,0.0,10
99041,91104041,910170198,CANNON,HOWARD,S,NV,M,D,,voting,19700226,1912-01-26,1912,1970,58,0.0,0,1,9,0,0,0,0,0,0,0,0.0,0.1,0.9,0.0,0.0,0.0,0.0,0.0,0.0,0.0,10
121203,91100531,910206707,DOMINICK,PETER,S,CO,M,R,,voting,19700512,1915-07-07,1915,1970,55,0.0,0,1,9,0,0,0,0,0,0,0,0.0,0.1,0.9,0.0,0.0,0.0,0.0,0.0,0.0,0.0,10
124414,91100531,910212282,DOMINICK,PETER,S,CO,M,R,,voting,19700521,1915-07-07,1915,1970,55,0.0,0,0,10,0,0,0,0,0,0,0,0.0,0.0,1.0,0.0,0.0,0.0,0.0,0.0,0.0,0.0,10
178826,91100531,910303152,DOMINICK,PETER,S,CO,M,R,,voting,19701117,1915-07-07,1915,1970,55,0.0,0,6,23,0,1,0,0,0,0,0,0.0,0.2,0.7666666666666667,0.0,0.03333333333333333,0.0,0.0,0.0,0.0,0.0,30
178830,91100531,910303161,DOMINICK,PETER,S,CO,M,R,,voting,19701117,1915-07-07,1915,1970,55,0.0,0,1,9,0,0,0,0,0,0,0,0.0,0.1,0.9,0.0,0.0,0.0,0.0,0.0,0.0,0.0,10
221366,91106051,910303174,GOLDWATER,BARRY,S,AZ,M,R,,voting,19701117,1909-01-01,1909,1970,61,0.0,0,1,9,0,0,0,0,0,0,0,0.0,0.1,0.9,0.0,0.0,0.0,0.0,0.0,0.0,0.0,10
178842,91100531,910303179,DOMINICK,PETER,S,CO,M,R,,voting,19701117,1915-07-07,1915,1970,55,0.0,0,1,9,0,0,0,0,0,0,0,0.0,0.1,0.9,0.0,0.0,0.0,0.0,0.0,0.0,0.0,10
178847,91099841,910303184,ALLOTT,GORDON,S,CO,M,R,,voting,19701117,1907-01-02,1907,1970,63,0.0,0,0,10,0,0,0,0,0,0,0,0.0,0.0,1.0,0.0,0.0,0.0,0.0,0.0,0.0,0.0,10
178855,91100531,910303193,DOMINICK,PETER,S,CO,M,R,,voting,19701117,1915-07-07,1915,1970,55,0.0,0,0,10,0,0,0,0,0,0,0,0.0,0.0,1.0,0.0,0.0,0.0,0.0,0.0,0.0,0.0,10
178861,91104041,910303199,CANNON,HOWARD,S,NV,M,D,,voting,19701117,1912-01-26,1912,1970,58,0.0,0,1,9,0,0,0,0,0,0,0,0.0,0.1,0.9,0.0,0.0,0.0,0.0,0.0,0.0,0.0,10
246687,91104711,910323507,WILLIAMS,HARRISON,S,NJ,M,D,,voting,19701216,1919-12-10,1919,1970,51,0.0,0,1,9,0,0,0,0,0,0,0,0.0,0.1,0.9,0.0,0.0,0.0,0.0,0.0,0.0,0.0,10
1915,92104041,920004039,CANNON,HOWARD,S,NV,M,D,,voting,19710204,1912-01-26,1912,1971,59,0.0,0,0,9,0,0,0,0,1,0,0,0.0,0.0,0.9,0.0,0.0,0.0,0.0,0.1,0.0,0.0,10
3505,92102631,920007699,METCALF,LEE,S,MT,M,D,,voting,19710223,1911-01-28,1911,1971,60,0.0,7,0,0,2,0,0,0,0,1,0,0.7,0.0,0.0,0.2,0.0,0.0,0.0,0.0,0.1,0.0,10
188004,92101691,920100956,MOSS,FRANK,S,UT,M,D,,voting,19710917,1911-09-23,1911,1971,60,0.0,10,0,0,0,0,0,0,0,0,0,1.0,0.0,0.0,0.0,0.0,0.0,0.0,0.0,0.0,0.0,10
59611,92100531,920112478,DOMINICK,PETER,S,CO,M,R,,voting,19711008,1915-07-07,1915,1971,56,0.0,0,1,9,0,0,0,0,0,0,0,0.0,0.1,0.9,0.0,0.0,0.0,0.0,0.0,0.0,0.0,10
12876,93104251,930024848,HUMPHREY,HUBERT,S,MN,M,D,,voting,19730326,1911-05-27,1911,1973,62,0.0,1,2,0,0,7,0,0,0,0,0,0.1,0.2,0.0,0.0,0.7,0.0,0.0,0.0,0.0,0.0,10
233899,93106051,930097873,GOLDWATER,BARRY,S,AZ,M,R,,voting,19730727,1909-01-01,1909,1973,64,0.0,7,0,0,1,0,0,0,1,1,0,0.7,0.0,0.0,0.1,0.0,0.0,0.0,0.1,0.1,0.0,10
85092,93100531,930146921,DOMINICK,PETER,S,CO,M,R,,voting,19731119,1915-07-07,1915,1973,58,0.0,0,1,9,0,0,0,0,0,0,0,0.0,0.1,0.9,0.0,0.0,0.0,0.0,0.0,0.0,0.0,10
97295,93104041,930166638,CANNON,HOWARD,S,NV,M,D,,voting,19731214,1912-01-26,1912,1973,61,0.0,0,1,19,0,0,0,0,0,0,0,0.0,0.05,0.95,0.0,0.0,0.0,0.0,0.0,0.0,0.0,20
97346,93100531,930166707,DOMINICK,PETER,S,CO,M,R,,voting,19731214,1915-07-07,1915,1973,58,0.0,0,1,9,0,0,0,0,0,0,0,0.0,0.1,0.9,0.0,0.0,0.0,0.0,0.0,0.0,0.0,10
138131,93104251,930234663,HUMPHREY,HUBERT,S,MN,M,D,,voting,19740516,1911-05-27,1911,1974,63,0.0,0,10,0,0,0,0,0,0,0,0,0.0,1.0,0.0,0.0,0.0,0.0,0.0,0.0,0.0,0.0,10
176314,93102510,930298287,KUYKENDALL,DAN,H,TN,M,R,8.0,voting,19740910,1924-07-09,1924,1974,50,0.0,0,8,2,0,0,0,0,0,0,0,0.0,0.8,0.2,0.0,0.0,0.0,0.0,0.0,0.0,0.0,10
243376,93106221,930354925,LONG,RUSSELL,S,LA,M,D,,voting,19741220,1918-11-03,1918,1974,56,0.0,0,10,0,0,0,0,0,0,0,0,0.0,1.0,0.0,0.0,0.0,0.0,0.0,0.0,0.0,0.0,10
62852,94101341,940104916,FANNIN,PAUL,S,AZ,M,R,,voting,19750716,1907-01-29,1907,1975,68,0.0,0,1,0,0,1,0,0,0,8,0,0.0,0.1,0.0,0.0,0.1,0.0,0.0,0.0,0.8,0.0,10
65585,94104910,940109638,CORMAN,JAMES,H,CA,M,D,21.0,voting,19750721,1920-10-20,1920,1975,55,0.0,0,10,0,0,0,0,0,0,0,0,0.0,1.0,0.0,0.0,0.0,0.0,0.0,0.0,0.0,0.0,10
65586,94109900,940109639,VANDER JAGT,GUY,H,MI,M,R,9.0,voting,19750721,1931-08-26,1931,1975,44,0.0,0,20,0,0,0,0,0,0,0,0,0.0,1.0,0.0,0.0,0.0,0.0,0.0,0.0,0.0,0.0,20
65598,94109950,940109651,WYLIE,CHALMERS,H,OH,M,R,15.0,voting,19750721,1920-11-23,1920,1975,55,0.0,0,9,0,0,0,0,0,0,1,0,0.0,0.9,0.0,0.0,0.0,0.0,0.0,0.0,0.1,0.0,10
73897,94104390,940123244,MILFORD,DALE,H,TX,M,D,24.0,voting,19750730,1926-02-18,1926,1975,49,0.0,0,10,60,0,0,0,0,0,0,0,0.0,0.14285714285714285,0.8571428571428571,0.0,0.0,0.0,0.0,0.0,0.0,0.0,70
77144,94102121,940128594,CURTIS,CARL,S,NE,M,R,,voting,19750801,1905-03-15,1905,1975,70,0.0,0,10,0,0,0,0,0,0,0,0,0.0,1.0,0.0,0.0,0.0,0.0,0.0,0.0,0.0,0.0,10
77686,94104910,940129568,CORMAN,JAMES,H,CA,M,D,21.0,voting,19750801,1920-10-20,1920,1975,55,0.0,0,10,0,0,0,0,0,0,0,0,0.0,1.0,0.0,0.0,0.0,0.0,0.0,0.0,0.0,0.0,10
274978,94108680,940220985,ANDERSON,GLENN,H,CA,M,D,32.0,voting,19760217,1913-02-21,1913,1976,63,9.802580913231825e-05,0,0,10,0,0,0,0,0,0,0,0.0,0.0,1.0,0.0,0.0,0.0,0.0,0.0,0.0,0.0,10
274979,94108680,940220990,ANDERSON,GLENN,H,CA,M,D,32.0,voting,19760217,1913-02-21,1913,1976,63,0.0,0,1,19,0,0,0,0,0,0,0,0.0,0.05,0.95,0.0,0.0,0.0,0.0,0.0,0.0,0.0,20
133189,94107490,940220991,SNYDER,MARION,H,KY,M,R,4.0,voting,19760217,1928-01-26,1928,1976,48,0.0,0,1,9,0,0,0,0,0,0,0,0.0,0.1,0.9,0.0,0.0,0.0,0.0,0.0,0.0,0.0,10
274985,94103470,940220997,JONES,ROBERT,H,AL,M,D,5.0,voting,19760217,1912-06-12,1912,1976,64,0.0,0,0,10,0,0,0,0,0,0,0,0.0,0.0,1.0,0.0,0.0,0.0,0.0,0.0,0.0,0.0,10
256745,94106060,940220998,GOLDWATER,BARRY,H,CA,M,R,20.0,voting,19760217,1938-07-15,1938,1976,38,0.0,0,1,8,0,1,0,0,0,0,0,0.0,0.1,0.8,0.0,0.1,0.0,0.0,0.0,0.0,0.0,10
192589,94103691,940321509,RIBICOFF,ABRAHAM,S,CT,M,D,,voting,19760727,1910-04-09,1910,1976,66,0.0,0,38,1,0,1,0,0,0,0,0,0.0,0.95,0.025,0.0,0.025,0.0,0.0,0.0,0.0,0.0,40
192599,94105301,940321526,PERCY,CHARLES,S,IL,M,R,,voting,19760727,1919-09-27,1919,1976,57,0.0,1,9,0,0,0,0,0,0,0,0,0.1,0.9,0.0,0.0,0.0,0.0,0.0,0.0,0.0,0.0,10
192602,94104411,940321530,MUSKIE,EDMUND,S,ME,M,D,,voting,19760727,1914-03-28,1914,1976,62,0.0,0,10,0,0,0,0,0,0,0,0,0.0,1.0,0.0,0.0,0.0,0.0,0.0,0.0,0.0,0.0,10
262489,94106221,940321533,LONG,RUSSELL,S,LA,M,D,,voting,19760727,1918-11-03,1918,1976,58,0.0,0,10,0,0,0,0,0,0,0,0,0.0,1.0,0.0,0.0,0.0,0.0,0.0,0.0,0.0,0.0,10
192604,94104411,940321534,MUSKIE,EDMUND,S,ME,M,D,,voting,19760727,1914-03-28,1914,1976,62,0.0,0,10,0,0,0,0,0,0,0,0,0.0,1.0,0.0,0.0,0.0,0.0,0.0,0.0,0.0,0.0,10
192606,94105301,940321537,PERCY,CHARLES,S,IL,M,R,,voting,19760727,1919-09-27,1919,1976,57,0.0,1,9,0,0,0,0,0,0,0,0,0.1,0.9,0.0,0.0,0.0,0.0,0.0,0.0,0.0,0.0,10
194693,94105301,940325037,PERCY,CHARLES,S,IL,M,R,,voting,19760729,1919-09-27,1919,1976,57,0.0,0,28,0,2,0,0,0,0,0,0,0.0,0.9333333333333333,0.0,0.06666666666666667,0.0,0.0,0.0,0.0,0.0,0.0,30
194694,94105301,940325039,PERCY,CHARLES,S,IL,M,R,,voting,19760729,1919-09-27,1919,1976,57,0.0,1,45,1,1,1,0,0,0,1,0,0.02,0.9,0.02,0.02,0.02,0.0,0.0,0.0,0.02,0.0,50
262885,94106051,940325043,GOLDWATER,BARRY,S,AZ,M,R,,voting,19760729,1909-01-01,1909,1976,67,0.0,0,8,1,0,1,0,0,0,0,0,0.0,0.8,0.1,0.0,0.1,0.0,0.0,0.0,0.0,0.0,10
194696,94105301,940325044,PERCY,CHARLES,S,IL,M,R,,voting,19760729,1919-09-27,1919,1976,57,0.0,1,31,0,0,8,0,0,0,0,0,0.025,0.775,0.0,0.0,0.2,0.0,0.0,0.0,0.0,0.0,40
194706,94105301,940325069,PERCY,CHARLES,S,IL,M,R,,voting,19760729,1919-09-27,1919,1976,57,0.0,1,20,0,1,0,0,0,0,0,8,0.03333333333333333,0.6666666666666666,0.0,0.03333333333333333,0.0,0.0,0.0,0.0,0.0,0.26666666666666666,30
279774,94108680,940377208,ANDERSON,GLENN,H,CA,M,D,32.0,voting,19760930,1913-02-21,1913,1976,63,8.173688261295143e-10,0,0,10,0,0,0,0,0,0,0,0.0,0.0,1.0,0.0,0.0,0.0,0.0,0.0,0.0,0.0,10
279779,94108680,940377214,ANDERSON,GLENN,H,CA,M,D,32.0,voting,19760930,1913-02-21,1913,1976,63,0.0,0,1,9,0,0,0,0,0,0,0,0.0,0.1,0.9,0.0,0.0,0.0,0.0,0.0,0.0,0.0,10
226103,94104041,940378956,CANNON,HOWARD,S,NV,M,D,,voting,19761001,1912-01-26,1912,1976,64,0.0,0,0,10,0,0,0,0,0,0,0,0.0,0.0,1.0,0.0,0.0,0.0,0.0,0.0,0.0,0.0,10
226105,94104041,940378961,CANNON,HOWARD,S,NV,M,D,,voting,19761001,1912-01-26,1912,1976,64,0.0,0,1,9,0,0,0,0,0,0,0,0.0,0.1,0.9,0.0,0.0,0.0,0.0,0.0,0.0,0.0,10
272452,95106051,950001238,GOLDWATER,BARRY,S,AZ,M,R,,voting,19770111,1909-01-01,1909,1977,68,0.0,0,1,9,0,0,0,0,0,0,0,0.0,0.1,0.9,0.0,0.0,0.0,0.0,0.0,0.0,0.0,10
285450,95105120,950011475,JOHNSON,HAROLD,H,CA,M,D,1.0,voting,19770209,1907-12-02,1907,1977,70,0.0,0,1,9,0,0,0,0,0,0,0,0.0,0.1,0.9,0.0,0.0,0.0,0.0,0.0,0.0,0.0,10
7036,95108650,950012722,WRIGHT,JAMES,H,TX,M,D,12.0,voting,19770217,1922-12-22,1922,1977,55,0.0,0,0,10,0,0,0,0,0,0,0,0.0,0.0,1.0,0.0,0.0,0.0,0.0,0.0,0.0,0.0,10
285506,95108680,950013528,ANDERSON,GLENN,H,CA,M,D,32.0,voting,19770222,1913-02-21,1913,1977,64,0.0005236340270524,0,1,9,0,0,0,0,0,0,0,0.0,0.1,0.9,0.0,0.0,0.0,0.0,0.0,0.0,0.0,10
285507,95108680,950013533,ANDERSON,GLENN,H,CA,M,D,32.0,voting,19770222,1913-02-21,1913,1977,64,0.0,0,0,20,0,0,0,0,0,0,0,0.0,0.0,1.0,0.0,0.0,0.0,0.0,0.0,0.0,0.0,20
7406,95107490,950013534,SNYDER,MARION,H,KY,M,R,4.0,voting,19770222,1928-01-26,1928,1977,49,0.0,0,0,10,0,0,0,0,0,0,0,0.0,0.0,1.0,0.0,0.0,0.0,0.0,0.0,0.0,0.0,10
7407,95106870,950013536,OTTINGER,RICHARD,H,NY,M,D,24.0,voting,19770222,1929-01-27,1929,1977,48,0.0,0,2,28,0,0,0,0,0,0,0,0.0,0.06666666666666667,0.9333333333333333,0.0,0.0,0.0,0.0,0.0,0.0,0.0,30
7409,95106870,950013540,OTTINGER,RICHARD,H,NY,M,D,24.0,voting,19770222,1929-01-27,1929,1977,48,0.0,0,1,28,0,1,0,0,10,0,0,0.0,0.025,0.7,0.0,0.025,0.0,0.0,0.25,0.0,0.0,40
58820,95102121,950098934,CURTIS,CARL,S,NE,M,R,,voting,19770628,1905-03-15,1905,1977,72,0.0,0,10,0,0,0,0,0,0,0,0,0.0,1.0,0.0,0.0,0.0,0.0,0.0,0.0,0.0,0.0,10
82053,95102121,950137752,CURTIS,CARL,S,NE,M,R,,voting,19770909,1905-03-15,1905,1977,72,0.0,0,9,1,0,0,0,0,0,0,0,0.0,0.9,0.1,0.0,0.0,0.0,0.0,0.0,0.0,0.0,10
104937,95104041,950176927,CANNON,HOWARD,S,NV,M,D,,voting,19771020,1912-01-26,1912,1977,65,0.0,0,1,9,0,0,0,0,0,0,0,0.0,0.1,0.9,0.0,0.0,0.0,0.0,0.0,0.0,0.0,10
290627,95108680,950189326,ANDERSON,GLENN,H,CA,M,D,32.0,voting,19771102,1913-02-21,1913,1977,64,0.0,0,0,10,0,0,0,0,0,0,0,0.0,0.0,1.0,0.0,0.0,0.0,0.0,0.0,0.0,0.0,10
112310,95107490,950189363,SNYDER,MARION,H,KY,M,R,4.0,voting,19771102,1928-01-26,1928,1977,49,0.0,0,0,20,0,0,0,0,0,0,0,0.0,0.0,1.0,0.0,0.0,0.0,0.0,0.0,0.0,0.0,20
112320,95109110,950189373,HAMMERSCHMIDT,JOHN,H,AR,M,R,3.0,voting,19771102,1922-05-04,1922,1977,55,0.0,0,1,19,0,0,0,0,0,0,0,0.0,0.05,0.95,0.0,0.0,0.0,0.0,0.0,0.0,0.0,20
120199,95108621,950203153,WALLOP,MALCOLM,S,WY,M,R,,voting,19780125,1933-02-27,1933,1978,45,0.0,0,18,1,1,0,0,0,0,0,0,0.0,0.9,0.05,0.05,0.0,0.0,0.0,0.0,0.0,0.0,20
127271,95103111,950214964,BELLMON,HENRY,S,OK,M,R,,voting,19780209,1921-09-03,1921,1978,57,0.0,0,9,0,0,0,0,0,0,1,0,0.0,0.9,0.0,0.0,0.0,0.0,0.0,0.0,0.1,0.0,10
143624,95106591,950241791,CHILES,LAWTON,S,FL,M,D,,voting,19780323,1930-04-03,1930,1978,48,0.0,0,0,0,0,0,0,10,0,0,0,0.0,0.0,0.0,0.0,0.0,0.0,1.0,0.0,0.0,0.0,10
164428,95102611,950275772,MCINTYRE,THOMAS,S,NH,M,D,,voting,19780525,1915-02-20,1915,1978,63,0.0,0,25,5,0,0,0,0,0,0,0,0.0,0.8333333333333334,0.16666666666666666,0.0,0.0,0.0,0.0,0.0,0.0,0.0,30
164429,95105071,950275773,HUDDLESTON,WALTER,S,KY,M,D,,voting,19780525,1926-04-15,1926,1978,52,0.0,0,10,0,0,0,0,0,0,0,0,0.0,1.0,0.0,0.0,0.0,0.0,0.0,0.0,0.0,0.0,10
558,96103561,960001253,MCGOVERN,GEORGE,S,SD,M,D,,voting,19790123,1922-07-19,1922,1979,57,0.0,2,45,1,1,0,0,0,0,1,0,0.04,0.9,0.02,0.02,0.0,0.0,0.0,0.0,0.02,0.0,50
27600,96114941,960046363,KENNEDY,EDWARD,S,MA,M,D,,voting,19790521,1932-02-22,1932,1979,47,0.0,0,10,0,0,0,0,0,0,0,0,0.0,1.0,0.0,0.0,0.0,0.0,0.0,0.0,0.0,0.0,10
30419,96108930,960051211,DICKINSON,WILLIAM,H,AL,M,R,2.0,voting,19790531,1925-06-05,1925,1979,54,0.0,0,3,7,0,0,0,0,0,0,0,0.0,0.3,0.7,0.0,0.0,0.0,0.0,0.0,0.0,0.0,10
30453,96105090,960051247,ICHORD,RICHARD,H,MO,M,D,8.0,voting,19790531,1926-06-27,1926,1979,53,0.0,0,0,10,0,0,0,0,0,0,0,0.0,0.0,1.0,0.0,0.0,0.0,0.0,0.0,0.0,0.0,10
42375,96108181,960070494,DANFORTH,JOHN,S,MO,M,R,,voting,19790626,1936-09-05,1936,1979,43,0.0,0,10,0,0,0,0,0,0,0,0,0.0,1.0,0.0,0.0,0.0,0.0,0.0,0.0,0.0,0.0,10
258990,96109311,960085381,KASSEBAUM,NANCY,S,KS,F,R,,voting,19790718,1932-07-29,1932,1979,47,0.0,1,7,2,0,0,0,0,0,0,0,0.1,0.7,0.2,0.0,0.0,0.0,0.0,0.0,0.0,0.0,10
80725,96105301,960132480,PERCY,CHARLES,S,IL,M,R,,voting,19791015,1919-09-27,1919,1979,60,0.0,0,16,1,1,0,1,0,0,1,0,0.0,0.8,0.05,0.05,0.0,0.05,0.0,0.0,0.05,0.0,20
254267,96113040,960198195,HALL,TONY,H,OH,M,D,3.0,voting,19800212,1942-01-16,1942,1980,38,0.0,0,39,1,0,0,0,0,0,0,0,0.0,0.975,0.025,0.0,0.0,0.0,0.0,0.0,0.0,0.0,40
128521,96110080,960211318,BROOKS,JACK,H,TX,M,D,9.0,voting,19800324,1922-12-18,1922,1980,58,0.0,0,19,1,0,0,0,0,0,0,0,0.0,0.95,0.05,0.0,0.0,0.0,0.0,0.0,0.0,0.0,20
128522,96109210,960211319,HORTON,FRANK,H,NY,M,R,34.0,voting,19800324,1919-12-12,1919,1980,61,0.0,0,20,0,0,0,0,0,0,0,0,0.0,1.0,0.0,0.0,0.0,0.0,0.0,0.0,0.0,0.0,20
128524,96105420,960211321,STEED,THOMAS,H,OK,M,D,4.0,voting,19800324,1904-03-02,1904,1980,76,0.0,0,10,0,0,0,0,0,0,0,0,0.0,1.0,0.0,0.0,0.0,0.0,0.0,0.0,0.0,0.0,10
254701,96112310,960211323,BROWN,GEORGE,H,CA,M,D,36.0,voting,19800324,1920-03-06,1920,1980,60,0.0,0,20,0,0,0,0,0,0,0,0,0.0,1.0,0.0,0.0,0.0,0.0,0.0,0.0,0.0,0.0,20
135048,96103091,960222672,BAYH,BIRCH,S,IN,M,D,,voting,19800424,1928-01-22,1928,1980,52,0.0,0,9,1,0,0,0,0,0,0,0,0.0,0.9,0.1,0.0,0.0,0.0,0.0,0.0,0.0,0.0,10
243618,96103621,960224963,NELSON,GAYLORD,S,WI,M,D,,voting,19800430,1916-06-04,1916,1980,64,0.0,0,20,0,0,0,0,0,0,0,0,0.0,1.0,0.0,0.0,0.0,0.0,0.0,0.0,0.0,0.0,20
139843,96105301,960230123,PERCY,CHARLES,S,IL,M,R,,voting,19800507,1919-09-27,1919,1980,61,0.0,0,9,1,0,0,0,0,0,0,0,0.0,0.9,0.1,0.0,0.0,0.0,0.0,0.0,0.0,0.0,10
151963,96109141,960250020,HATFIELD,MARK,S,OR,M,R,,voting,19800612,1922-07-12,1922,1980,58,0.0,2,47,3,8,0,0,0,0,0,0,0.03333333333333333,0.7833333333333333,0.05,0.13333333333333333,0.0,0.0,0.0,0.0,0.0,0.0,60
180553,96108621,960296519,WALLOP,MALCOLM,S,WY,M,R,,voting,19800825,1933-02-27,1933,1980,47,0.0,0,78,1,0,0,0,0,0,1,0,0.0,0.975,0.0125,0.0,0.0,0.0,0.0,0.0,0.0125,0.0,80
180554,96108621,960296521,WALLOP,MALCOLM,S,WY,M,R,,voting,19800825,1933-02-27,1933,1980,47,0.0,0,18,1,0,0,1,0,0,0,0,0.0,0.9,0.05,0.0,0.0,0.05,0.0,0.0,0.0,0.0,20
180555,96108621,960296523,WALLOP,MALCOLM,S,WY,M,R,,voting,19800825,1933-02-27,1933,1980,47,0.0,1,46,0,2,1,0,0,0,0,0,0.02,0.92,0.0,0.04,0.02,0.0,0.0,0.0,0.0,0.0,50
197766,96114240,960323858,HYDE,HENRY,H,IL,M,R,6.0,voting,19801001,1924-04-18,1924,1980,56,0.0,2,17,0,1,0,0,0,0,0,0,0.1,0.85,0.0,0.05,0.0,0.0,0.0,0.0,0.0,0.0,20
197769,96104910,960323861,CORMAN,JAMES,H,CA,M,D,21.0,voting,19801001,1920-10-20,1920,1980,60,0.0,0,10,0,0,0,0,0,0,0,0,0.0,1.0,0.0,0.0,0.0,0.0,0.0,0.0,0.0,0.0,10
202425,96108181,960331375,DANFORTH,JOHN,S,MO,M,R,,voting,19801119,1936-09-05,1936,1980,44,0.0,0,20,0,0,0,0,0,0,0,0,0.0,1.0,0.0,0.0,0.0,0.0,0.0,0.0,0.0,0.0,20
245717,96108401,960335109,MITCHELL,GEORGE,S,ME,M,D,,voting,19801125,1933-08-20,1933,1980,47,0.0,0,10,0,0,0,0,0,0,0,0,0.0,1.0,0.0,0.0,0.0,0.0,0.0,0.0,0.0,0.0,10
208367,96108511,960340968,SASSER,JAMES,S,TN,M,D,,voting,19801204,1936-09-30,1936,1980,44,0.0,0,3,0,1,1,0,0,0,5,0,0.0,0.3,0.0,0.1,0.1,0.0,0.0,0.0,0.5,0.0,10
210019,96108621,960344173,WALLOP,MALCOLM,S,WY,M,R,,voting,19801209,1933-02-27,1933,1980,47,0.0,0,39,1,0,0,0,0,0,0,0,0.0,0.975,0.025,0.0,0.0,0.0,0.0,0.0,0.0,0.0,40
98,97108511,970000209,SASSER,JAMES,S,TN,M,D,,voting,19810105,1936-09-30,1936,1981,45,0.0,0,6,1,1,0,0,0,0,2,0,0.0,0.6,0.1,0.1,0.0,0.0,0.0,0.0,0.2,0.0,10
45547,97109801,970072061,SIMPSON,ALAN,S,WY,M,R,,voting,19810731,1931-09-02,1931,1981,50,0.0,0,9,0,0,0,0,0,0,1,0,0.0,0.9,0.0,0.0,0.0,0.0,0.0,0.0,0.1,0.0,10
54052,98108211,980080856,DURENBERGER,DAVID,S,MN,M,R,,voting,19830727,1934-08-19,1934,1983,49,0.0,0,10,0,0,0,0,0,0,0,0,0.0,1.0,0.0,0.0,0.0,0.0,0.0,0.0,0.0,0.0,10
194079,98106111,980239329,HAWKINS,PAULA,S,FL,F,R,,voting,19840801,1927-01-24,1927,1984,57,0.0,0,10,0,0,0,0,0,0,0,0,0.0,1.0,0.0,0.0,0.0,0.0,0.0,0.0,0.0,0.0,10
11364,99107500,990017776,STRANG,MICHAEL,H,CO,M,R,3.0,voting,19850402,1929-06-17,1929,1985,56,0.0,0,8,0,0,1,0,0,0,1,0,0.0,0.8,0.0,0.0,0.1,0.0,0.0,0.0,0.1,0.0,10
50972,99118171,990076944,HATCH,ORRIN,S,UT,M,R,,voting,19850801,1934-03-22,1934,1985,51,0.0,8,0,0,2,0,0,0,0,0,0,0.8,0.0,0.0,0.2,0.0,0.0,0.0,0.0,0.0,0.0,10
131720,99109330,990197719,KOSTMAYER,PETER,H,PA,M,D,8.0,voting,19860611,1946-09-27,1946,1986,40,0.0,0,7,0,0,2,0,0,0,1,0,0.0,0.7,0.0,0.0,0.2,0.0,0.0,0.0,0.1,0.0,10
160905,99108621,990240597,WALLOP,MALCOLM,S,WY,M,R,,voting,19860813,1933-02-27,1933,1986,53,0.0,0,10,0,0,0,0,0,0,0,0,0.0,1.0,0.0,0.0,0.0,0.0,0.0,0.0,0.0,0.0,10
183618,99105871,990274274,DENTON,JEREMIAH,S,AL,M,R,,voting,19861009,1924-07-15,1924,1986,62,0.0,0,10,0,0,0,0,0,0,0,0,0.0,1.0,0.0,0.0,0.0,0.0,0.0,0.0,0.0,0.0,10
8128,100113260,1000013448,ROUKEMA,MARGE,H,NJ,F,R,5.0,voting,19870312,1929-09-19,1929,1987,58,0.0,0,28,1,0,1,0,0,0,0,0,0.0,0.9333333333333333,0.03333333333333333,0.0,0.03333333333333333,0.0,0.0,0.0,0.0,0.0,30
108090,100114990,1000167358,LANTOS,TOM,H,CA,M,D,11.0,voting,19880328,1928-02-01,1928,1988,60,0.0,1,7,2,0,0,0,0,0,0,0,0.1,0.7,0.2,0.0,0.0,0.0,0.0,0.0,0.0,0.0,10
157798,100108851,1000245175,COHEN,WILLIAM,S,ME,M,R,,voting,19880920,1940-08-28,1940,1988,48,0.0,0,10,0,0,0,0,0,0,0,0,0.0,1.0,0.0,0.0,0.0,0.0,0.0,0.0,0.0,0.0,10
122030,101111410,1010202618,MONTGOMERY,GILLESPIE,H,MS,M,D,3.0,voting,19900910,1920-08-05,1920,1990,70,0.0,0,10,0,0,0,0,0,0,0,0,0.0,1.0,0.0,0.0,0.0,0.0,0.0,0.0,0.0,0.0,10
66138,102109641,1020109292,PRESSLER,LARRY,S,SD,M,R,,voting,19911112,1942-03-29,1942,1991,49,0.0,1,7,2,0,0,0,8,0,12,0,0.03333333333333333,0.23333333333333334,0.06666666666666667,0.0,0.0,0.0,0.26666666666666666,0.0,0.4,0.0,30
68118,102109641,1020112360,PRESSLER,LARRY,S,SD,M,R,,voting,19911115,1942-03-29,1942,1991,49,0.0,2,1,2,0,1,0,6,0,8,0,0.1,0.05,0.1,0.0,0.05,0.0,0.3,0.0,0.4,0.0,20
116503,102118361,1020192659,MCCONNELL,MITCH,S,KY,M,R,,voting,19920728,1942-02-20,1942,1992,50,0.0,0,19,0,0,0,0,0,0,1,0,0.0,0.95,0.0,0.0,0.0,0.0,0.0,0.0,0.05,0.0,20
127946,102110970,1020211184,BREWSTER,WILLIAM,H,OK,M,D,3.0,voting,19920915,1941-11-08,1941,1992,51,0.0,0,7,2,0,0,0,0,0,1,0,0.0,0.7,0.2,0.0,0.0,0.0,0.0,0.0,0.1,0.0,10
133417,102110661,1020219872,PACKWOOD,ROBERT,S,OR,M,R,,voting,19920924,1932-09-11,1932,1992,60,0.0,0,3,0,7,0,0,0,0,0,0,0.0,0.3,0.0,0.7,0.0,0.0,0.0,0.0,0.0,0.0,10
133437,102118361,1020219903,MCCONNELL,MITCH,S,KY,M,R,,voting,19920924,1942-02-20,1942,1992,50,0.0,1,64,1,1,1,0,0,0,2,0,0.014285714285714285,0.9142857142857143,0.014285714285714285,0.014285714285714285,0.014285714285714285,0.0,0.0,0.0,0.02857142857142857,0.0,70
139791,103116040,1030227544,SKELTON,IKE,H,MO,M,D,4.0,voting,19941004,1931-12-20,1931,1994,63,0.0,0,18,0,0,0,0,0,0,2,0,0.0,0.9,0.0,0.0,0.0,0.0,0.0,0.0,0.1,0.0,20
139793,103111540,1030227546,SCHROEDER,PATRICIA,H,CO,F,D,1.0,voting,19941004,1940-07-30,1940,1994,54,0.0,1,19,2,0,1,0,0,0,7,0,0.03333333333333333,0.6333333333333333,0.06666666666666667,0.0,0.03333333333333333,0.0,0.0,0.0,0.23333333333333334,0.0,30
139795,103116300,1030227548,HARMAN,JANE,H,CA,F,D,36.0,voting,19941004,1945-06-28,1945,1994,49,0.0,0,20,0,0,0,0,0,0,0,0,0.0,1.0,0.0,0.0,0.0,0.0,0.0,0.0,0.0,0.0,20
4012,104110281,1040006838,GLENN,JOHN,S,OH,M,D,,voting,19950119,1921-07-18,1921,1995,74,0.0,0,9,1,0,0,0,0,0,0,0,0.0,0.9,0.1,0.0,0.0,0.0,0.0,0.0,0.0,0.0,10
8289,104111540,1040013576,SCHROEDER,PATRICIA,H,CO,F,D,1.0,voting,19950131,1940-07-30,1940,1995,55,0.0,1,19,0,0,0,0,0,0,0,0,0.05,0.95,0.0,0.0,0.0,0.0,0.0,0.0,0.0,0.0,20
9210,104113380,1040014916,THURMAN,KAREN,H,FL,F,D,5.0,voting,19950201,1951-01-12,1951,1995,44,0.0,0,14,0,1,8,0,0,0,7,0,0.0,0.4666666666666667,0.0,0.03333333333333333,0.26666666666666666,0.0,0.0,0.0,0.23333333333333334,0.0,30
16782,104116501,1040025822,SNOWE,OLYMPIA,S,ME,F,R,,voting,19950216,1947-02-21,1947,1995,48,0.0,0,10,0,0,0,0,0,0,0,0,0.0,1.0,0.0,0.0,0.0,0.0,0.0,0.0,0.0,0.0,10
22032,104114080,1040033526,DELAY,THOMAS,H,TX,M,R,22.0,voting,19950303,1947-04-08,1947,1995,48,0.0,0,9,1,0,0,0,0,0,0,0,0.0,0.9,0.1,0.0,0.0,0.0,0.0,0.0,0.0,0.0,10
22218,104110281,1040033858,GLENN,JOHN,S,OH,M,D,,voting,19950306,1921-07-18,1921,1995,74,0.0,0,9,1,0,0,0,0,0,0,0,0.0,0.9,0.1,0.0,0.0,0.0,0.0,0.0,0.0,0.0,10
24724,104119830,1040037645,HOYER,STENY,H,MD,M,D,5.0,voting,19950309,1939-06-14,1939,1995,56,0.0,0,10,0,0,0,0,0,0,0,0,0.0,1.0,0.0,0.0,0.0,0.0,0.0,0.0,0.0,0.0,10
27483,104113620,1040041979,DUNN,JENNIFER,H,WA,F,R,8.0,voting,19950321,1941-07-29,1941,1995,54,0.0,0,10,0,0,0,0,0,0,0,0,0.0,1.0,0.0,0.0,0.0,0.0,0.0,0.0,0.0,0.0,10
30672,104115351,1040046859,BIDEN,JOSEPH,S,DE,M,D,,voting,19950328,1942-11-20,1942,1995,53,0.0,0,10,0,0,0,0,0,0,0,0,0.0,1.0,0.0,0.0,0.0,0.0,0.0,0.0,0.0,0.0,10
34496,104110281,1040052810,GLENN,JOHN,S,OH,M,D,,voting,19950406,1921-07-18,1921,1995,74,0.0,0,9,1,0,0,0,0,0,0,0,0.0,0.9,0.1,0.0,0.0,0.0,0.0,0.0,0.0,0.0,10
37314,104111400,1040057837,MINETA,NORMAN,H,CA,M,D,15.0,voting,19950509,1931-11-12,1931,1995,64,0.0,0,0,9,0,0,1,0,0,0,0,0.0,0.0,0.9,0.0,0.0,0.1,0.0,0.0,0.0,0.0,10
75074,104112971,1040117697,DEWINE,MICHAEL,S,OH,M,R,,voting,19950907,1947-01-05,1947,1995,48,0.0,0,10,0,0,0,0,0,0,0,0,0.0,1.0,0.0,0.0,0.0,0.0,0.0,0.0,0.0,0.0,10
79985,104116501,1040125563,SNOWE,OLYMPIA,S,ME,F,R,,voting,19950919,1947-02-21,1947,1995,48,0.0,0,10,0,0,0,0,0,0,0,0,0.0,1.0,0.0,0.0,0.0,0.0,0.0,0.0,0.0,0.0,10
180528,104111531,1040164225,ROTH,WILLIAM,S,DE,M,R,,voting,19951208,1921-07-22,1921,1995,74,0.0,0,10,0,0,0,0,0,0,0,0,0.0,1.0,0.0,0.0,0.0,0.0,0.0,0.0,0.0,0.0,10
180777,104111531,1040171916,ROTH,WILLIAM,S,DE,M,R,,voting,19951221,1921-07-22,1921,1995,74,0.0,0,10,0,0,0,0,0,0,0,0,0.0,1.0,0.0,0.0,0.0,0.0,0.0,0.0,0.0,0.0,10
112029,104112580,1040175479,LIVINGSTON,ROBERT,H,LA,M,R,1.0,voting,19960105,1943-04-30,1943,1996,53,0.0,0,10,0,0,0,0,0,0,0,0,0.0,1.0,0.0,0.0,0.0,0.0,0.0,0.0,0.0,0.0,10
112064,104111820,1040175516,FOX,JON,H,PA,M,R,13.0,voting,19960105,1947-04-22,1947,1996,49,0.0,0,10,0,0,0,0,0,0,0,0,0.0,1.0,0.0,0.0,0.0,0.0,0.0,0.0,0.0,0.0,10
123171,104114171,1040193437,GREGG,JUDD,S,NH,M,R,,voting,19960326,1947-02-14,1947,1996,49,0.0,0,10,0,0,0,0,0,0,0,0,0.0,1.0,0.0,0.0,0.0,0.0,0.0,0.0,0.0,0.0,10
59932,105113561,1050101782,CRAIG,LARRY,S,ID,M,R,,voting,19971113,1945-07-20,1945,1997,52,0.0,0,10,0,0,0,0,0,0,0,0,0.0,1.0,0.0,0.0,0.0,0.0,0.0,0.0,0.0,0.0,10
65838,105114740,1050112146,ENGLISH,PHILIP,H,PA,M,R,21.0,voting,19980305,1956-06-20,1956,1998,42,0.0,0,9,0,0,1,0,0,0,0,0,0.0,0.9,0.0,0.0,0.1,0.0,0.0,0.0,0.0,0.0,10
139038,105116471,1050121787,LIEBERMAN,JOSEPH,S,CT,M,D,,voting,19980330,1942-02-24,1942,1998,56,0.0,0,2,28,0,10,0,0,0,0,0,0.0,0.05,0.7,0.0,0.25,0.0,0.0,0.0,0.0,0.0,40
127653,105112511,1050159189,GRAHAM,BOB,S,FL,M,D,,voting,19980626,1936-11-09,1936,1998,62,0.0,0,20,0,0,0,0,0,0,0,0,0.0,1.0,0.0,0.0,0.0,0.0,0.0,0.0,0.0,0.0,20
104211,105115190,1050179618,SHAYS,CHRISTOPHER,H,CT,M,R,4.0,voting,19980804,1945-10-18,1945,1998,53,0.0,0,1,19,0,0,0,0,0,0,0,0.0,0.05,0.95,0.0,0.0,0.0,0.0,0.0,0.0,0.0,20
25936,106115190,1060044587,SHAYS,CHRISTOPHER,H,CT,M,R,4.0,voting,19990615,1945-10-18,1945,1999,54,0.0,0,0,10,0,0,0,0,0,0,0,0.0,0.0,1.0,0.0,0.0,0.0,0.0,0.0,0.0,0.0,10
52109,106111231,1060087494,GORTON,T.,S,WA,M,R,,voting,19991004,1928-01-08,1928,1999,71,0.0,0,0,10,0,0,0,0,0,0,0,0.0,0.0,1.0,0.0,0.0,0.0,0.0,0.0,0.0,0.0,10
52748,106120391,1060088482,MCCAIN,JOHN,S,AZ,M,R,,voting,19991005,1936-08-29,1936,1999,63,0.0,0,0,10,0,0,0,0,0,0,0,0.0,0.0,1.0,0.0,0.0,0.0,0.0,0.0,0.0,0.0,10
52761,106120391,1060088517,MCCAIN,JOHN,S,AZ,M,R,,voting,19991005,1936-08-29,1936,1999,63,0.0,0,1,9,0,0,0,0,0,0,0,0.0,0.1,0.9,0.0,0.0,0.0,0.0,0.0,0.0,0.0,10
62160,106119591,1060103336,GRASSLEY,CHARLES,S,IA,M,R,,voting,19991104,1933-09-17,1933,1999,66,0.0,0,10,0,0,0,0,0,0,0,0,0.0,1.0,0.0,0.0,0.0,0.0,0.0,0.0,0.0,0.0,10
71795,106113330,1060120952,SHUSTER,ELMER,H,PA,M,R,9.0,voting,20000315,1932-01-23,1932,2000,68,0.0,0,0,10,0,0,0,0,0,0,0,0.0,0.0,1.0,0.0,0.0,0.0,0.0,0.0,0.0,0.0,10
71845,106115190,1060121010,SHAYS,CHRISTOPHER,H,CT,M,R,4.0,voting,20000315,1945-10-18,1945,2000,55,0.0,0,0,10,0,0,0,0,0,0,0,0.0,0.0,1.0,0.0,0.0,0.0,0.0,0.0,0.0,0.0,10
71857,106116600,1060121026,BASS,CHARLES,H,NH,M,R,2.0,voting,20000315,1952-01-08,1952,2000,48,0.0,0,0,10,0,0,0,0,0,0,0,0.0,0.0,1.0,0.0,0.0,0.0,0.0,0.0,0.0,0.0,10
118807,106120531,1060200716,MIKULSKI,BARBARA,S,MD,F,D,,voting,20001026,1936-07-20,1936,2000,64,0.0,0,0,0,0,0,0,0,0,10,0,0.0,0.0,0.0,0.0,0.0,0.0,0.0,0.0,1.0,0.0,10
118823,106113101,1060200745,JEFFORDS,JAMES,S,VT,M,R,,voting,20001026,1934-05-11,1934,2000,66,0.0,0,8,0,1,1,0,0,0,0,0,0.0,0.8,0.0,0.1,0.1,0.0,0.0,0.0,0.0,0.0,10
13747,108115670,1080023742,HOEKSTRA,PETER,H,MI,M,R,2.0,voting,20030327,1953-10-30,1953,2003,50,0.0,1,8,0,0,1,0,0,0,0,0,0.1,0.8,0.0,0.0,0.1,0.0,0.0,0.0,0.0,0.0,10
16958,108115670,1080029866,HOEKSTRA,PETER,H,MI,M,R,2.0,voting,20030410,1953-10-30,1953,2003,50,0.0,0,9,0,0,1,0,0,0,0,0,0.0,0.9,0.0,0.0,0.1,0.0,0.0,0.0,0.0,0.0,10
101840,108119920,1080186115,JACKSON LEE,SHEILA,H,TX,F,D,18.0,voting,20041005,1950-01-12,1950,2004,54,0.0,0,10,0,0,0,0,0,0,0,0,0.0,1.0,0.0,0.0,0.0,0.0,0.0,0.0,0.0,0.0,10
35280,109116391,1090066142,OBAMA,BARACK,S,IL,M,D,,voting,20050907,1961-08-04,1961,2005,44,0.0,2,14,2,1,1,0,0,0,0,0,0.1,0.7,0.1,0.05,0.05,0.0,0.0,0.0,0.0,0.0,20
114131,109120060,1090097126,KING,STEVE,H,IA,M,R,5.0,voting,20051213,1949-05-28,1949,2005,56,0.0,1,0,0,0,0,0,0,1,8,0,0.1,0.0,0.0,0.0,0.0,0.0,0.0,0.1,0.8,0.0,10
59914,109114101,1090111115,DORGAN,BYRON,S,ND,M,D,,voting,20060307,1942-05-14,1942,2006,64,0.0,1,2,0,0,0,0,0,0,7,0,0.1,0.2,0.0,0.0,0.0,0.0,0.0,0.0,0.7,0.0,10
81320,109118331,1090151770,ENZI,MICHAEL,S,WY,M,R,,voting,20060627,1944-02-01,1944,2006,62,0.0,0,9,1,0,0,0,0,0,0,0,0.0,0.9,0.1,0.0,0.0,0.0,0.0,0.0,0.0,0.0,10
84816,109116391,1090157975,OBAMA,BARACK,S,IL,M,D,,voting,20060713,1961-08-04,1961,2006,45,0.0,0,10,0,0,0,0,0,0,0,0,0.0,1.0,0.0,0.0,0.0,0.0,0.0,0.0,0.0,0.0,10
108362,109117441,1090179891,LEVIN,CARL,S,MI,M,D,,voting,20060929,1934-06-28,1934,2006,72,0.0,0,9,1,0,0,0,0,0,0,0,0.0,0.9,0.1,0.0,0.0,0.0,0.0,0.0,0.0,0.0,10
97397,109118331,1090180114,ENZI,MICHAEL,S,WY,M,R,,voting,20060929,1944-02-01,1944,2006,62,0.0,0,9,1,0,0,0,0,0,0,0,0.0,0.9,0.1,0.0,0.0,0.0,0.0,0.0,0.0,0.0,10
39209,110120181,1100077341,LEAHY,PATRICK,S,VT,M,D,,voting,20070719,1940-03-31,1940,2007,67,0.0,0,9,1,0,0,0,0,0,0,0,0.0,0.9,0.1,0.0,0.0,0.0,0.0,0.0,0.0,0.0,10
59268,110119600,1100115851,GRAVES,SAM,H,MO,M,R,6.0,voting,20071106,1963-11-07,1963,2007,44,0.0,0,19,1,0,0,0,0,0,0,0,0.0,0.95,0.05,0.0,0.0,0.0,0.0,0.0,0.0,0.0,20
60099,111114101,1110111924,DORGAN,BYRON,S,ND,M,D,,voting,20091217,1942-05-14,1942,2009,67,0.0,0,1,1,0,0,0,0,0,8,0,0.0,0.1,0.1,0.0,0.0,0.0,0.0,0.0,0.8,0.0,10
