Unnamed: 0,speakerid,speech_id,lastname,firstname,chamber,state,gender,party,district,nonvoting,date,DOB,yob,year,age,procedural_prob,cluster_2,cluster_1,cluster_6,cluster_0,cluster_9,cluster_3,cluster_4,cluster_11,cluster_14,cluster_12,cluster_5,cluster_7,cluster_10,cluster_15,cluster_8,cluster_13,cluster_16,cluster_2_p,cluster_1_p,cluster_6_p,cluster_0_p,cluster_9_p,cluster_3_p,cluster_4_p,cluster_11_p,cluster_14_p,cluster_12_p,cluster_5_p,cluster_7_p,cluster_10_p,cluster_15_p,cluster_8_p,cluster_13_p,cluster_16_p,n
77917,43061251,430002478,MORRILL,JUSTIN,S,VT,M,R,,voting,18731203,1810-04-14,1810,1873,63,0.0,6,1,0,0,0,2,0,0,0,0,1,0,0,0,0,0,0,0.6,0.1,0.0,0.0,0.0,0.2,0.0,0.0,0.0,0.0,0.1,0.0,0.0,0.0,0.0,0.0,0.0,10
92869,43047111,430049780,CONKLING,ROSCOE,S,NY,M,R,,voting,18740505,1829-10-30,1829,1874,45,0.0,0,1,0,0,0,0,0,0,0,0,0,0,0,0,9,0,0,0.0,0.1,0.0,0.0,0.0,0.0,0.0,0.0,0.0,0.0,0.0,0.0,0.0,0.0,0.9,0.0,0.0,10
67859,43042400,430110831,COBURN,JOHN,H,IN,M,R,5.0,voting,18750226,1825-10-27,1825,1875,50,0.0,3,1,0,5,0,1,0,0,0,0,0,0,0,0,0,0,0,0.3,0.1,0.0,0.5,0.0,0.1,0.0,0.0,0.0,0.0,0.0,0.0,0.0,0.0,0.0,0.0,0.0,10
90027,43075440,430111543,CANNON,JOSEPH,H,IL,M,R,14.0,voting,18750227,1836-05-07,1836,1875,39,0.0,2,2,0,5,0,0,0,0,0,0,0,1,0,0,0,0,0,0.2,0.2,0.0,0.5,0.0,0.0,0.0,0.0,0.0,0.0,0.0,0.1,0.0,0.0,0.0,0.0,0.0,10
13001,44055961,440018748,GORDON,JOHN,S,GA,M,D,,voting,18760309,1832-02-06,1832,1876,44,0.0,5,1,0,2,1,1,0,0,0,0,0,0,0,0,0,0,0,0.5,0.1,0.0,0.2,0.1,0.1,0.0,0.0,0.0,0.0,0.0,0.0,0.0,0.0,0.0,0.0,0.0,10
30413,44053990,440043262,COX,SAMUEL,H,NY,M,D,6.0,voting,18760603,1824-09-30,1824,1876,52,0.0,2,4,1,1,1,0,0,0,0,0,0,0,1,0,0,0,0,0.2,0.4,0.1,0.1,0.1,0.0,0.0,0.0,0.0,0.0,0.0,0.0,0.1,0.0,0.0,0.0,0.0,10
107566,45063481,450011932,MITCHELL,JOHN,S,OR,M,R,,voting,18771207,1835-06-22,1835,1877,42,0.0,3,5,1,0,0,0,0,1,0,0,0,0,0,0,0,0,0,0.3,0.5,0.1,0.0,0.0,0.0,0.0,0.1,0.0,0.0,0.0,0.0,0.0,0.0,0.0,0.0,0.0,10
11349,45046120,450016912,HUNTER,MORTON,H,IN,M,R,8.0,voting,18780118,1825-02-05,1825,1878,53,0.0,10,0,0,0,0,0,0,0,0,0,0,0,0,0,0,0,0,1.0,0.0,0.0,0.0,0.0,0.0,0.0,0.0,0.0,0.0,0.0,0.0,0.0,0.0,0.0,0.0,0.0,10
40887,45051641,450060052,INGALLS,JOHN,S,KS,M,R,,voting,18780507,1833-12-29,1833,1878,45,0.0,3,4,1,0,1,0,0,0,0,0,1,0,0,0,0,0,0,0.3,0.4,0.1,0.0,0.1,0.0,0.0,0.0,0.0,0.0,0.1,0.0,0.0,0.0,0.0,0.0,0.0,10
65533,45045461,450095848,BLAINE,JAMES,S,ME,M,R,,voting,18781212,1830-01-31,1830,1878,48,0.0,0,0,0,0,0,0,0,0,8,0,1,0,0,0,1,0,0,0.0,0.0,0.0,0.0,0.0,0.0,0.0,0.0,0.8,0.0,0.1,0.0,0.0,0.0,0.1,0.0,0.0,10
68232,45047111,450100029,CONKLING,ROSCOE,S,NY,M,R,,voting,18790115,1829-10-30,1829,1879,50,0.0,3,4,0,1,0,1,0,0,0,0,0,1,0,0,0,0,0,0.3,0.4,0.0,0.1,0.0,0.1,0.0,0.0,0.0,0.0,0.0,0.1,0.0,0.0,0.0,0.0,0.0,10
69671,45047111,450102086,CONKLING,ROSCOE,S,NY,M,R,,voting,18790121,1829-10-30,1829,1879,50,0.0,0,0,0,0,0,0,0,0,0,0,0,0,0,10,0,0,0,0.0,0.0,0.0,0.0,0.0,0.0,0.0,0.0,0.0,0.0,0.0,0.0,0.0,1.0,0.0,0.0,0.0,10
76148,45044081,450112094,BOOTH,NEWTON,S,CA,M,R,,voting,18790213,1825-12-30,1825,1879,54,0.0,3,0,0,5,1,1,0,0,0,0,0,0,0,0,0,0,0,0.3,0.0,0.0,0.5,0.1,0.1,0.0,0.0,0.0,0.0,0.0,0.0,0.0,0.0,0.0,0.0,0.0,10
35611,46050620,460050983,ROBINSON,GEORGE,H,MA,M,R,11.0,voting,18800129,1834-01-20,1834,1880,46,8.368501232882726e-10,3,1,0,1,0,0,3,0,1,0,1,0,0,0,0,0,0,0.3,0.1,0.0,0.1,0.0,0.0,0.3,0.0,0.1,0.0,0.1,0.0,0.0,0.0,0.0,0.0,0.0,10
64111,46051460,460091342,GEDDES,GEORGE,H,OH,M,D,15.0,voting,18800429,1824-07-16,1824,1880,56,3.6755324299207796e-08,7,3,0,0,0,0,0,0,0,0,0,0,0,0,0,0,0,0.7,0.3,0.0,0.0,0.0,0.0,0.0,0.0,0.0,0.0,0.0,0.0,0.0,0.0,0.0,0.0,0.0,10
79495,46049850,460113788,DIBRELL,GEORGE,H,TN,M,D,3.0,voting,18800602,1822-04-12,1822,1880,58,0.0,3,4,0,0,1,0,0,0,0,0,2,0,0,0,0,0,0,0.3,0.4,0.0,0.0,0.1,0.0,0.0,0.0,0.0,0.0,0.2,0.0,0.0,0.0,0.0,0.0,0.0,10
85847,46047111,460123941,CONKLING,ROSCOE,S,NY,M,R,,voting,18800615,1829-10-30,1829,1880,51,0.0,7,0,1,0,0,0,0,0,0,0,1,1,0,0,0,0,0,0.7,0.0,0.1,0.0,0.0,0.0,0.0,0.0,0.0,0.0,0.1,0.1,0.0,0.0,0.0,0.0,0.0,10
104540,46045281,460150848,WALLACE,WILLIAM,S,PA,M,D,,voting,18810211,1827-11-28,1827,1881,54,0.0,4,2,1,0,0,2,0,0,0,0,0,1,0,0,0,0,0,0.4,0.2,0.1,0.0,0.0,0.2,0.0,0.0,0.0,0.0,0.0,0.1,0.0,0.0,0.0,0.0,0.0,10
109504,46051050,460158292,AIKEN,DAVID,H,SC,M,D,3.0,voting,18810219,1828-03-17,1828,1881,53,0.0,1,6,3,0,0,0,0,0,0,0,0,0,0,0,0,0,0,0.1,0.6,0.3,0.0,0.0,0.0,0.0,0.0,0.0,0.0,0.0,0.0,0.0,0.0,0.0,0.0,0.0,10
1563,47047231,470002580,FARLEY,JAMES,S,CA,M,D,,voting,18810331,1829-08-06,1829,1881,52,1.8060469946685443e-14,5,1,1,1,1,0,0,0,0,0,1,0,0,0,0,0,0,0.5,0.1,0.1,0.1,0.1,0.0,0.0,0.0,0.0,0.0,0.1,0.0,0.0,0.0,0.0,0.0,0.0,10
23102,47049700,470037889,CASSIDY,GEORGE,H,NV,M,D,0.0,voting,18820316,1836-04-25,1836,1882,46,0.0,1,9,0,0,0,0,0,0,0,0,0,0,0,0,0,0,0,0.1,0.9,0.0,0.0,0.0,0.0,0.0,0.0,0.0,0.0,0.0,0.0,0.0,0.0,0.0,0.0,0.0,10
28584,47051641,470046056,INGALLS,JOHN,S,KS,M,R,,voting,18820403,1833-12-29,1833,1882,49,0.0,1,3,5,0,0,0,0,1,0,0,0,0,0,0,0,0,0,0.1,0.3,0.5,0.0,0.0,0.0,0.0,0.1,0.0,0.0,0.0,0.0,0.0,0.0,0.0,0.0,0.0,10
151354,47049420,470085128,WILLIAMS,CHARLES,H,WI,M,R,1.0,voting,18820614,1829-10-18,1829,1882,53,0.0,3,2,0,1,0,3,0,0,0,0,1,0,0,0,0,0,0,0.3,0.2,0.0,0.1,0.0,0.3,0.0,0.0,0.0,0.0,0.1,0.0,0.0,0.0,0.0,0.0,0.0,10
56256,47048221,470087770,CONGER,OMAR,S,MI,M,R,,voting,18820619,1818-04-01,1818,1882,64,0.0,3,2,3,1,0,0,0,0,0,0,1,0,0,0,0,0,0,0.3,0.2,0.3,0.1,0.0,0.0,0.0,0.0,0.0,0.0,0.1,0.0,0.0,0.0,0.0,0.0,0.0,10
60556,47055250,470094351,WHITTHORNE,WASHINGTON,H,TN,M,D,7.0,voting,18820628,1825-04-19,1825,1882,57,0.0,8,1,0,1,0,0,0,0,0,0,0,0,0,0,0,0,0,0.8,0.1,0.0,0.1,0.0,0.0,0.0,0.0,0.0,0.0,0.0,0.0,0.0,0.0,0.0,0.0,0.0,10
75907,47050070,470116632,HASKELL,DUDLEY,H,KS,M,R,2.0,voting,18820726,1842-03-23,1842,1882,40,0.0,0,5,0,1,0,0,1,0,2,0,1,0,0,0,0,0,0,0.0,0.5,0.0,0.1,0.0,0.0,0.1,0.0,0.2,0.0,0.1,0.0,0.0,0.0,0.0,0.0,0.0,10
107475,48061251,480011850,MORRILL,JUSTIN,S,VT,M,R,,voting,18840207,1810-04-14,1810,1884,74,0.0,0,0,0,0,0,10,0,0,0,0,0,0,0,0,0,0,0,0.0,0.0,0.0,0.0,0.0,1.0,0.0,0.0,0.0,0.0,0.0,0.0,0.0,0.0,0.0,0.0,0.0,10
95510,48063250,480020177,HENDERSON,DAVID,H,IA,M,R,3.0,voting,18840227,1840-03-14,1840,1884,44,0.0,4,1,0,1,3,0,1,0,0,0,0,0,0,0,0,0,0,0.4,0.1,0.0,0.1,0.3,0.0,0.1,0.0,0.0,0.0,0.0,0.0,0.0,0.0,0.0,0.0,0.0,10
106814,49054821,490024310,PLUMB,PRESTON,S,KS,M,R,,voting,18860310,1837-10-12,1837,1886,49,1.7954518705610347e-11,8,1,0,0,0,1,0,0,0,0,0,0,0,0,0,0,0,0.8,0.1,0.0,0.0,0.0,0.1,0.0,0.0,0.0,0.0,0.0,0.0,0.0,0.0,0.0,0.0,0.0,10
40710,49051390,490063643,EVANS,ISAAC,H,PA,M,R,7.0,voting,18860601,1827-07-29,1827,1886,59,0.0,8,1,0,1,0,0,0,0,0,0,0,0,0,0,0,0,0,0.8,0.1,0.0,0.1,0.0,0.0,0.0,0.0,0.0,0.0,0.0,0.0,0.0,0.0,0.0,0.0,0.0,10
110523,49051161,490088319,BROWN,JOSEPH,S,GA,M,D,,voting,18860703,1821-04-15,1821,1886,65,0.0,0,8,0,0,0,1,0,1,0,0,0,0,0,0,0,0,0,0.0,0.8,0.0,0.0,0.0,0.1,0.0,0.1,0.0,0.0,0.0,0.0,0.0,0.0,0.0,0.0,0.0,10
74176,49051860,490114549,MORRISON,WILLIAM,H,IL,M,D,18.0,voting,18860805,1824-09-14,1824,1886,62,6.773033088778386e-05,3,4,1,0,0,0,0,0,0,0,1,0,1,0,0,0,0,0.3,0.4,0.1,0.0,0.0,0.0,0.0,0.0,0.0,0.0,0.1,0.0,0.1,0.0,0.0,0.0,0.0,10
90753,49050471,490139783,PALMER,THOMAS,S,MI,M,R,,voting,18870208,1830-01-25,1830,1887,57,0.0,2,1,0,1,3,0,3,0,0,0,0,0,0,0,0,0,0,0.2,0.1,0.0,0.1,0.3,0.0,0.3,0.0,0.0,0.0,0.0,0.0,0.0,0.0,0.0,0.0,0.0,10
123280,50061251,500000584,MORRILL,JUSTIN,S,VT,M,R,,voting,18871214,1810-04-14,1810,1887,77,0.0,1,0,0,0,0,1,0,0,8,0,0,0,0,0,0,0,0,0.1,0.0,0.0,0.0,0.0,0.1,0.0,0.0,0.8,0.0,0.0,0.0,0.0,0.0,0.0,0.0,0.0,10
65372,50056230,500100038,MCKINNEY,LUTHER,H,NH,M,D,1.0,voting,18880802,1841-04-25,1841,1888,47,0.0,1,8,0,0,0,0,0,1,0,0,0,0,0,0,0,0,0,0.1,0.8,0.0,0.0,0.0,0.0,0.0,0.1,0.0,0.0,0.0,0.0,0.0,0.0,0.0,0.0,0.0,10
70728,50065530,500108500,GROSVENOR,CHARLES,H,OH,M,R,15.0,voting,18880820,1833-09-20,1833,1888,55,0.0,9,1,0,0,0,0,0,0,0,0,0,0,0,0,0,0,0,0.9,0.1,0.0,0.0,0.0,0.0,0.0,0.0,0.0,0.0,0.0,0.0,0.0,0.0,0.0,0.0,0.0,10
115528,50062880,500176858,BOUTELLE,CHARLES,H,ME,M,R,4.0,voting,18890222,1839-02-09,1839,1889,50,0.0,1,0,2,0,1,1,5,0,0,0,0,0,0,0,0,0,0,0.1,0.0,0.2,0.0,0.1,0.1,0.5,0.0,0.0,0.0,0.0,0.0,0.0,0.0,0.0,0.0,0.0,10
7991,52061961,520011729,COCKRELL,FRANCIS,S,MO,M,D,,voting,18920210,1834-10-01,1834,1892,58,0.4819400634749957,0,0,0,0,1,0,0,9,0,0,0,0,0,0,0,0,0,0.0,0.0,0.0,0.0,0.1,0.0,0.0,0.9,0.0,0.0,0.0,0.0,0.0,0.0,0.0,0.0,0.0,10
56551,52056381,520084760,PEFFER,WILLIAM,S,KS,M,P,,voting,18920705,1831-09-10,1831,1892,61,0.0,2,2,4,0,0,0,0,2,0,0,0,0,0,0,0,0,0,0.2,0.2,0.4,0.0,0.0,0.0,0.0,0.2,0.0,0.0,0.0,0.0,0.0,0.0,0.0,0.0,0.0,10
58045,52055590,520087204,BUNTING,THOMAS,H,NY,M,D,33.0,voting,18920708,1844-04-24,1844,1892,48,0.0,1,0,0,0,2,1,6,0,0,0,0,0,0,0,0,0,0,0.1,0.0,0.0,0.0,0.2,0.1,0.6,0.0,0.0,0.0,0.0,0.0,0.0,0.0,0.0,0.0,0.0,10
159207,53062820,530006117,BELL,JOHN,H,CO,M,P,2.0,voting,18930823,1851-12-11,1851,1893,42,0.0,7,1,0,0,0,1,0,0,1,0,0,0,0,0,0,0,0,0.7,0.1,0.0,0.0,0.0,0.1,0.0,0.0,0.1,0.0,0.0,0.0,0.0,0.0,0.0,0.0,0.0,10
161389,53057310,530027624,COOPER,GEORGE,H,IN,M,D,5.0,voting,18931018,1851-05-21,1851,1893,42,0.0,3,2,4,0,0,1,0,0,0,0,0,0,0,0,0,0,0,0.3,0.2,0.4,0.0,0.0,0.1,0.0,0.0,0.0,0.0,0.0,0.0,0.0,0.0,0.0,0.0,0.0,10
41709,53068600,530067772,TAWNEY,JAMES,H,MN,M,R,1.0,voting,18940305,1855-01-03,1855,1894,39,0.0,0,2,0,0,0,0,0,0,0,0,0,0,0,0,8,0,0,0.0,0.2,0.0,0.0,0.0,0.0,0.0,0.0,0.0,0.0,0.0,0.0,0.0,0.0,0.8,0.0,0.0,10
56640,53059980,530093162,POST,PHILIP,H,IL,M,R,10.0,voting,18940425,1833-03-19,1833,1894,61,0.0,8,0,1,0,0,0,0,1,0,0,0,0,0,0,0,0,0,0.8,0.0,0.1,0.0,0.0,0.0,0.0,0.1,0.0,0.0,0.0,0.0,0.0,0.0,0.0,0.0,0.0,10
98078,53064951,530164180,TELLER,HENRY,S,CO,M,R,,voting,18940806,1830-05-23,1830,1894,64,0.0,3,2,4,0,0,1,0,0,0,0,0,0,0,0,0,0,0,0.3,0.2,0.4,0.0,0.0,0.1,0.0,0.0,0.0,0.0,0.0,0.0,0.0,0.0,0.0,0.0,0.0,10
119080,53060290,530199768,WASHINGTON,JOSEPH,H,TN,M,D,6.0,voting,18950204,1851-11-10,1851,1895,44,0.0,2,7,0,0,0,0,0,0,0,0,1,0,0,0,0,0,0,0.2,0.7,0.0,0.0,0.0,0.0,0.0,0.0,0.0,0.0,0.1,0.0,0.0,0.0,0.0,0.0,0.0,10
6684,54065530,540012250,GROSVENOR,CHARLES,H,OH,M,R,11.0,voting,18960129,1833-09-20,1833,1896,63,1.0185367075597136e-15,3,3,1,1,0,2,0,0,0,0,0,0,0,0,0,0,0,0.3,0.3,0.1,0.1,0.0,0.2,0.0,0.0,0.0,0.0,0.0,0.0,0.0,0.0,0.0,0.0,0.0,10
6685,54071080,540012251,PAYNE,SERENO,H,NY,M,R,28.0,voting,18960129,1843-06-26,1843,1896,53,4.880086101787775e-12,3,0,1,6,0,0,0,0,0,0,0,0,0,0,0,0,0,0.3,0.0,0.1,0.6,0.0,0.0,0.0,0.0,0.0,0.0,0.0,0.0,0.0,0.0,0.0,0.0,0.0,10
109844,54058890,540021014,BAKER,HENRY,H,NH,M,R,2.0,voting,18960215,1841-01-11,1841,1896,55,0.0,1,6,2,0,0,0,0,1,0,0,0,0,0,0,0,0,0,0.1,0.6,0.2,0.0,0.0,0.0,0.0,0.1,0.0,0.0,0.0,0.0,0.0,0.0,0.0,0.0,0.0,10
32941,54065530,540054013,GROSVENOR,CHARLES,H,OH,M,R,11.0,voting,18960410,1833-09-20,1833,1896,63,0.0,0,5,3,0,1,0,1,0,0,0,0,0,0,0,0,0,0,0.0,0.5,0.3,0.0,0.1,0.0,0.1,0.0,0.0,0.0,0.0,0.0,0.0,0.0,0.0,0.0,0.0,10
33511,54066420,540054831,BRUMM,CHARLES,H,PA,M,R,13.0,voting,18960411,1838-06-09,1838,1896,58,0.0,1,1,0,1,1,0,0,0,0,6,0,0,0,0,0,0,0,0.1,0.1,0.0,0.1,0.1,0.0,0.0,0.0,0.0,0.6,0.0,0.0,0.0,0.0,0.0,0.0,0.0,10
115203,54080920,540100742,COOPER,HENRY,H,WI,M,R,1.0,voting,18961210,1850-09-08,1850,1896,46,0.0,0,0,0,0,0,0,0,0,0,0,0,0,0,0,0,10,0,0.0,0.0,0.0,0.0,0.0,0.0,0.0,0.0,0.0,0.0,0.0,0.0,0.0,0.0,0.0,1.0,0.0,10
62200,54061350,540100747,QUIGG,LEMUEL,H,NY,M,R,14.0,voting,18961210,1863-02-12,1863,1896,33,0.0,6,2,2,0,0,0,0,0,0,0,0,0,0,0,0,0,0,0.6,0.2,0.2,0.0,0.0,0.0,0.0,0.0,0.0,0.0,0.0,0.0,0.0,0.0,0.0,0.0,0.0,10
60731,55071381,550095473,TILLMAN,BENJAMIN,S,SC,M,D,,voting,18980407,1847-08-11,1847,1898,51,2.8582736016100824e-10,7,0,0,1,1,0,0,0,0,1,0,0,0,0,0,0,0,0.7,0.0,0.0,0.1,0.1,0.0,0.0,0.0,0.0,0.1,0.0,0.0,0.0,0.0,0.0,0.0,0.0,10
86945,55064790,550133801,RHEA,JOHN,H,KY,M,D,3.0,voting,18980615,1855-03-09,1855,1898,43,0.0,1,0,0,0,1,0,0,0,0,0,0,0,8,0,0,0,0,0.1,0.0,0.0,0.0,0.1,0.0,0.0,0.0,0.0,0.0,0.0,0.0,0.8,0.0,0.0,0.0,0.0,10
114676,55072640,550172867,ADAMSON,WILLIAM,H,GA,M,D,4.0,voting,18990210,1854-08-13,1854,1899,45,0.0,1,1,8,0,0,0,0,0,0,0,0,0,0,0,0,0,0,0.1,0.1,0.8,0.0,0.0,0.0,0.0,0.0,0.0,0.0,0.0,0.0,0.0,0.0,0.0,0.0,0.0,10
120562,55066090,550181121,SOUTHARD,JAMES,H,OH,M,R,9.0,voting,18990221,1851-01-20,1851,1899,48,0.0,0,3,3,1,1,1,0,0,0,0,0,1,0,0,0,0,0,0.0,0.3,0.3,0.1,0.1,0.1,0.0,0.0,0.0,0.0,0.0,0.1,0.0,0.0,0.0,0.0,0.0,10
692,56062820,560001116,BELL,JOHN,H,CO,M,P,2.0,voting,18991213,1851-12-11,1851,1899,48,0.0,4,2,0,0,0,2,1,0,0,0,0,0,0,1,0,0,0,0.4,0.2,0.0,0.0,0.0,0.2,0.1,0.0,0.0,0.0,0.0,0.0,0.0,0.1,0.0,0.0,0.0,10
32067,56071381,560050396,TILLMAN,BENJAMIN,S,SC,M,D,,voting,19000416,1847-08-11,1847,1900,53,0.0,2,3,0,1,0,1,0,1,0,0,2,0,0,0,0,0,0,0.2,0.3,0.0,0.1,0.0,0.1,0.0,0.1,0.0,0.0,0.2,0.0,0.0,0.0,0.0,0.0,0.0,10
55381,56065530,560084375,GROSVENOR,CHARLES,H,OH,M,R,11.0,voting,19000531,1833-09-20,1833,1900,67,0.0,2,2,5,0,0,0,0,0,0,0,1,0,0,0,0,0,0,0.2,0.2,0.5,0.0,0.0,0.0,0.0,0.0,0.0,0.0,0.1,0.0,0.0,0.0,0.0,0.0,0.0,10
14537,57071381,570020685,TILLMAN,BENJAMIN,S,SC,M,D,,voting,19020222,1847-08-11,1847,1902,55,0.0,0,1,0,0,2,2,0,2,1,0,2,0,0,0,0,0,0,0.0,0.1,0.0,0.0,0.2,0.2,0.0,0.2,0.1,0.0,0.2,0.0,0.0,0.0,0.0,0.0,0.0,10
23809,57071930,570034862,HAY,JAMES,H,VA,M,D,7.0,voting,19020326,1856-01-09,1856,1902,46,0.0,8,0,1,1,0,0,0,0,0,0,0,0,0,0,0,0,0,0.8,0.0,0.1,0.1,0.0,0.0,0.0,0.0,0.0,0.0,0.0,0.0,0.0,0.0,0.0,0.0,0.0,10
28798,57075571,570041806,DILLINGHAM,WILLIAM,S,VT,M,R,,voting,19020409,1843-12-12,1843,1902,59,0.0,8,0,0,1,0,1,0,0,0,0,0,0,0,0,0,0,0,0.8,0.0,0.0,0.1,0.0,0.1,0.0,0.0,0.0,0.0,0.0,0.0,0.0,0.0,0.0,0.0,0.0,10
44086,57065530,570064695,GROSVENOR,CHARLES,H,OH,M,R,11.0,voting,19020521,1833-09-20,1833,1902,69,0.0,1,8,8,0,1,0,1,1,0,0,0,0,0,0,0,0,0,0.05,0.4,0.4,0.0,0.05,0.0,0.05,0.05,0.0,0.0,0.0,0.0,0.0,0.0,0.0,0.0,0.0,20
81729,57067010,570121635,LITTLEFIELD,CHARLES,H,ME,M,R,2.0,voting,19030216,1851-06-21,1851,1903,52,0.0,1,8,0,0,0,0,0,1,0,0,0,0,0,0,0,0,0,0.1,0.8,0.0,0.0,0.0,0.0,0.0,0.1,0.0,0.0,0.0,0.0,0.0,0.0,0.0,0.0,0.0,10
89879,58073220,580018298,HILL,EBENEZER,H,CT,M,R,4.0,voting,19040128,1845-08-04,1845,1904,59,0.0,5,11,1,0,0,0,0,0,0,0,3,0,0,0,0,0,0,0.25,0.55,0.05,0.0,0.0,0.0,0.0,0.0,0.0,0.0,0.15,0.0,0.0,0.0,0.0,0.0,0.0,20
19942,58066581,580030138,CULLOM,SHELBY,S,IL,M,R,,voting,19040225,1829-11-22,1829,1904,75,0.0,1,2,0,0,0,0,0,0,0,0,0,0,6,0,1,0,0,0.1,0.2,0.0,0.0,0.0,0.0,0.0,0.0,0.0,0.0,0.0,0.0,0.6,0.0,0.1,0.0,0.0,10
38775,58067640,580058070,DE ARMOND,DAVID,H,MO,M,D,6.0,voting,19040405,1844-03-18,1844,1904,60,0.0,2,2,1,3,2,0,0,0,0,0,0,0,0,0,0,0,0,0.2,0.2,0.1,0.3,0.2,0.0,0.0,0.0,0.0,0.0,0.0,0.0,0.0,0.0,0.0,0.0,0.0,10
133284,59066710,590022210,GAINES,JOHN,H,TN,M,D,6.0,voting,19060205,1860-08-24,1860,1906,46,0.0,2,0,8,0,0,0,0,0,0,0,0,0,0,0,0,0,0,0.2,0.0,0.8,0.0,0.0,0.0,0.0,0.0,0.0,0.0,0.0,0.0,0.0,0.0,0.0,0.0,0.0,10
133338,59066710,590023501,GAINES,JOHN,H,TN,M,D,6.0,voting,19060207,1860-08-24,1860,1906,46,0.0,1,3,0,2,2,0,0,0,0,0,1,0,0,1,0,0,0,0.1,0.3,0.0,0.2,0.2,0.0,0.0,0.0,0.0,0.0,0.1,0.0,0.0,0.1,0.0,0.0,0.0,10
133486,59069850,590024737,TAYLOR,EDWARD,H,OH,M,R,12.0,voting,19060212,1869-08-10,1869,1906,37,0.0,1,1,0,0,0,5,0,1,1,0,0,0,0,0,1,0,0,0.1,0.1,0.0,0.0,0.0,0.5,0.0,0.1,0.1,0.0,0.0,0.0,0.0,0.0,0.1,0.0,0.0,10
27858,59063071,590040394,DUBOIS,FRED,S,ID,M,D,,voting,19060309,1851-05-29,1851,1906,55,0.0,4,4,0,0,2,0,0,0,0,0,0,0,0,0,0,0,0,0.4,0.4,0.0,0.0,0.2,0.0,0.0,0.0,0.0,0.0,0.0,0.0,0.0,0.0,0.0,0.0,0.0,10
58808,59071381,590086741,TILLMAN,BENJAMIN,S,SC,M,D,,voting,19060516,1847-08-11,1847,1906,59,0.0,0,0,2,0,0,5,2,0,0,0,1,0,0,0,0,0,0,0.0,0.0,0.2,0.0,0.0,0.5,0.2,0.0,0.0,0.0,0.1,0.0,0.0,0.0,0.0,0.0,0.0,10
58818,59065911,590086752,PILES,SAMUEL,S,WA,M,R,,voting,19060516,1858-12-28,1858,1906,48,0.0,0,3,6,0,0,0,1,0,0,0,0,0,0,0,0,0,0,0.0,0.3,0.6,0.0,0.0,0.0,0.1,0.0,0.0,0.0,0.0,0.0,0.0,0.0,0.0,0.0,0.0,10
68122,59068600,590101424,TAWNEY,JAMES,H,MN,M,R,1.0,voting,19060606,1855-01-03,1855,1906,51,0.0,10,0,0,0,0,0,0,0,0,0,0,0,0,0,0,0,0,1.0,0.0,0.0,0.0,0.0,0.0,0.0,0.0,0.0,0.0,0.0,0.0,0.0,0.0,0.0,0.0,0.0,10
93270,59068990,590140774,CRUMPACKER,EDGAR,H,IN,M,R,10.0,voting,19070117,1851-05-27,1851,1907,56,0.0,1,4,2,0,1,0,0,0,0,0,1,0,0,1,0,0,0,0.1,0.4,0.2,0.0,0.1,0.0,0.0,0.0,0.0,0.0,0.1,0.0,0.0,0.1,0.0,0.0,0.0,10
149323,59071381,590183406,TILLMAN,BENJAMIN,S,SC,M,D,,voting,19070303,1847-08-11,1847,1907,60,0.0,0,0,0,0,0,0,0,0,0,0,0,0,0,0,0,0,10,0.0,0.0,0.0,0.0,0.0,0.0,0.0,0.0,0.0,0.0,0.0,0.0,0.0,0.0,0.0,0.0,1.0,10
112556,60073220,600014338,HILL,EBENEZER,H,CT,M,R,4.0,voting,19080204,1845-08-04,1845,1908,63,0.0,0,15,1,0,0,0,0,0,0,0,2,2,0,0,0,0,0,0.0,0.75,0.05,0.0,0.0,0.0,0.0,0.0,0.0,0.0,0.1,0.1,0.0,0.0,0.0,0.0,0.0,20
112557,60073220,600014340,HILL,EBENEZER,H,CT,M,R,4.0,voting,19080204,1845-08-04,1845,1908,63,0.0,1,8,0,0,0,1,0,0,0,0,0,0,0,0,0,0,0,0.1,0.8,0.0,0.0,0.0,0.1,0.0,0.0,0.0,0.0,0.0,0.0,0.0,0.0,0.0,0.0,0.0,10
38139,60065121,600058044,ALDRICH,NELSON,S,RI,M,R,,voting,19080417,1841-11-06,1841,1908,67,0.0,0,9,0,0,0,0,0,1,0,0,0,0,0,0,0,0,0,0.0,0.9,0.0,0.0,0.0,0.0,0.0,0.1,0.0,0.0,0.0,0.0,0.0,0.0,0.0,0.0,0.0,10
38596,60066550,600058686,COUSINS,ROBERT,H,IA,M,R,5.0,voting,19080418,1859-01-31,1859,1908,49,1.2730968095487851e-20,0,0,0,6,2,0,0,0,0,0,2,0,0,0,0,0,0,0.0,0.0,0.0,0.6,0.2,0.0,0.0,0.0,0.0,0.0,0.2,0.0,0.0,0.0,0.0,0.0,0.0,10
45323,60066191,600069237,WARNER,WILLIAM,S,MO,M,R,,voting,19080505,1840-06-11,1840,1908,68,0.0,4,4,1,1,0,0,0,0,0,0,0,0,0,0,0,0,0,0.4,0.4,0.1,0.1,0.0,0.0,0.0,0.0,0.0,0.0,0.0,0.0,0.0,0.0,0.0,0.0,0.0,10
46272,60066641,600070742,DOLLIVER,JONATHAN,S,IA,M,R,,voting,19080506,1858-02-06,1858,1908,50,0.0,3,1,1,3,2,0,0,0,0,0,0,0,0,0,0,0,0,0.3,0.1,0.1,0.3,0.2,0.0,0.0,0.0,0.0,0.0,0.0,0.0,0.0,0.0,0.0,0.0,0.0,10
117591,60073220,600078526,HILL,EBENEZER,H,CT,M,R,4.0,voting,19080514,1845-08-04,1845,1908,63,0.0,0,1,0,0,0,0,0,0,0,0,9,0,0,0,0,0,0,0.0,0.1,0.0,0.0,0.0,0.0,0.0,0.0,0.0,0.0,0.9,0.0,0.0,0.0,0.0,0.0,0.0,10
234200,61069760,610043355,RUCKER,ATTERSON,H,CO,M,D,1.0,voting,19090607,1847-04-03,1847,1909,62,0.0,3,2,0,0,0,0,0,3,1,1,0,0,0,0,0,0,0,0.3,0.2,0.0,0.0,0.0,0.0,0.0,0.3,0.1,0.1,0.0,0.0,0.0,0.0,0.0,0.0,0.0,10
64156,61075950,610092307,KINKAID,MOSES,H,NE,M,R,6.0,voting,19100201,1856-01-24,1856,1910,54,0.0,3,1,1,0,0,0,0,1,3,0,1,0,0,0,0,0,0,0.3,0.1,0.1,0.0,0.0,0.0,0.0,0.1,0.3,0.0,0.1,0.0,0.0,0.0,0.0,0.0,0.0,10
81277,61072670,610118739,BARNHART,HENRY,H,IN,M,D,13.0,voting,19100310,1858-09-11,1858,1910,52,0.0,1,2,4,0,0,1,0,1,0,0,1,0,0,0,0,0,0,0.1,0.2,0.4,0.0,0.0,0.1,0.0,0.1,0.0,0.0,0.1,0.0,0.0,0.0,0.0,0.0,0.0,10
83692,61068160,610122537,LIVINGSTON,LEONIDAS,H,GA,M,D,5.0,voting,19100315,1832-04-03,1832,1910,78,1.3609599168895082e-10,0,1,1,6,1,0,0,0,0,0,1,0,0,0,0,0,0,0.0,0.1,0.1,0.6,0.1,0.0,0.0,0.0,0.0,0.0,0.1,0.0,0.0,0.0,0.0,0.0,0.0,10
195323,61067431,610155962,BRADLEY,WILLIAM,S,KY,M,R,,voting,19100423,1847-03-18,1847,1910,63,0.0,4,6,0,0,2,2,2,1,1,2,0,0,0,0,0,0,0,0.2,0.3,0.0,0.0,0.1,0.1,0.1,0.05,0.05,0.1,0.0,0.0,0.0,0.0,0.0,0.0,0.0,20
114213,61073630,610167779,SHACKLEFORD,DORSEY,H,MO,M,D,8.0,voting,19100507,1853-08-27,1853,1910,57,0.0,8,0,1,0,1,0,0,0,0,0,0,0,0,0,0,0,0,0.8,0.0,0.1,0.0,0.1,0.0,0.0,0.0,0.0,0.0,0.0,0.0,0.0,0.0,0.0,0.0,0.0,10
127560,61068600,610186420,TAWNEY,JAMES,H,MN,M,R,1.0,voting,19100531,1855-01-03,1855,1910,55,0.0,1,5,0,0,0,1,1,1,0,0,1,0,0,0,0,0,0,0.1,0.5,0.0,0.0,0.0,0.1,0.1,0.1,0.0,0.0,0.1,0.0,0.0,0.0,0.0,0.0,0.0,10
136292,61068990,610199306,CRUMPACKER,EDGAR,H,IN,M,R,10.0,voting,19100615,1851-05-27,1851,1910,59,0.0,0,0,6,0,0,1,2,1,0,0,0,0,0,0,0,0,0,0.0,0.0,0.6,0.0,0.0,0.1,0.2,0.1,0.0,0.0,0.0,0.0,0.0,0.0,0.0,0.0,0.0,10
149707,61068160,610220617,LIVINGSTON,LEONIDAS,H,GA,M,D,5.0,voting,19101220,1832-04-03,1832,1910,78,0.0,1,6,0,0,1,1,0,0,0,0,0,1,0,0,0,0,0,0.1,0.6,0.0,0.0,0.1,0.1,0.0,0.0,0.0,0.0,0.0,0.1,0.0,0.0,0.0,0.0,0.0,10
173529,61065841,610258720,MONEY,HERNANDO,S,MS,M,D,,voting,19110220,1839-08-26,1839,1911,72,0.0,0,0,0,0,10,0,0,0,0,0,0,0,0,0,0,0,0,0.0,0.0,0.0,0.0,1.0,0.0,0.0,0.0,0.0,0.0,0.0,0.0,0.0,0.0,0.0,0.0,0.0,10
181999,61073220,610272689,HILL,EBENEZER,H,CT,M,R,4.0,voting,19110301,1845-08-04,1845,1911,66,0.0,0,0,0,0,0,10,0,0,0,0,0,0,0,0,0,0,0,0.0,0.0,0.0,0.0,0.0,1.0,0.0,0.0,0.0,0.0,0.0,0.0,0.0,0.0,0.0,0.0,0.0,10
234961,62073580,620042657,ROBERTS,EDWIN,H,NV,M,R,0.0,voting,19110728,1870-12-12,1870,1911,41,0.0,4,3,1,0,1,0,0,0,0,1,0,0,0,0,0,0,0,0.4,0.3,0.1,0.0,0.1,0.0,0.0,0.0,0.0,0.1,0.0,0.0,0.0,0.0,0.0,0.0,0.0,10
34829,62071810,620053430,CULLOP,WILLIAM,H,IN,M,D,2.0,voting,19110816,1853-03-28,1853,1911,58,0.0,0,5,0,1,1,0,1,0,1,0,1,0,0,0,0,0,0,0.0,0.5,0.0,0.1,0.1,0.0,0.1,0.0,0.1,0.0,0.1,0.0,0.0,0.0,0.0,0.0,0.0,10
42516,62083070,620065731,GARNER,JOHN,H,TX,M,D,15.0,voting,19111221,1868-11-22,1868,1911,43,0.0,2,5,2,0,0,0,0,0,1,0,0,0,0,0,0,0,0,0.2,0.5,0.2,0.0,0.0,0.0,0.0,0.0,0.1,0.0,0.0,0.0,0.0,0.0,0.0,0.0,0.0,10
69977,62071750,620107837,CALLAWAY,OSCAR,H,TX,M,D,12.0,voting,19120308,1872-10-02,1872,1912,40,0.0,5,0,2,0,1,0,1,1,0,0,0,0,0,0,0,0,0,0.5,0.0,0.2,0.0,0.1,0.0,0.1,0.1,0.0,0.0,0.0,0.0,0.0,0.0,0.0,0.0,0.0,10
241281,62073580,620113867,ROBERTS,EDWIN,H,NV,M,R,0.0,voting,19120315,1870-12-12,1870,1912,42,1.846526262069554e-15,0,1,0,0,0,0,8,0,1,0,0,0,0,0,0,0,0,0.0,0.1,0.0,0.0,0.0,0.0,0.8,0.0,0.1,0.0,0.0,0.0,0.0,0.0,0.0,0.0,0.0,10
74635,62080421,620114616,SWANSON,CLAUDE,S,VA,M,D,,voting,19120316,1862-03-31,1862,1912,50,0.0,0,0,2,0,2,1,1,2,0,0,2,0,0,0,0,0,0,0.0,0.0,0.2,0.0,0.2,0.1,0.1,0.2,0.0,0.0,0.2,0.0,0.0,0.0,0.0,0.0,0.0,10
80494,62073241,620123620,HITCHCOCK,GILBERT,S,NE,M,D,,voting,19120402,1859-09-18,1859,1912,53,0.0,1,4,3,0,0,0,0,2,0,0,0,0,0,0,0,0,0,0.1,0.4,0.3,0.0,0.0,0.0,0.0,0.2,0.0,0.0,0.0,0.0,0.0,0.0,0.0,0.0,0.0,10
4054,63075460,630006362,CHANDLER,WALTER,H,NY,M,P,19.0,voting,19130428,1867-12-08,1867,1913,46,0.0,1,0,6,0,0,1,1,1,0,0,0,0,0,0,0,0,0,0.1,0.0,0.6,0.0,0.0,0.1,0.1,0.1,0.0,0.0,0.0,0.0,0.0,0.0,0.0,0.0,0.0,10
9441,63076210,630014168,MONDELL,FRANKLIN,H,WY,M,R,0.0,voting,19130506,1860-11-06,1860,1913,53,0.0,2,3,1,0,0,4,0,0,0,0,0,0,0,0,0,0,0,0.2,0.3,0.1,0.0,0.0,0.4,0.0,0.0,0.0,0.0,0.0,0.0,0.0,0.0,0.0,0.0,0.0,10
75521,63072100,630120193,LLOYD,JAMES,H,MO,M,D,1.0,voting,19140117,1857-08-28,1857,1914,57,0.0,9,1,0,0,0,0,0,0,0,0,0,0,0,0,0,0,0,0.9,0.1,0.0,0.0,0.0,0.0,0.0,0.0,0.0,0.0,0.0,0.0,0.0,0.0,0.0,0.0,0.0,10
84242,63082840,630133208,CHURCH,DENVER,H,CA,M,D,7.0,voting,19140131,1862-12-11,1862,1914,52,0.0,1,0,5,0,0,2,0,1,1,0,0,0,0,0,0,0,0,0.1,0.0,0.5,0.0,0.0,0.2,0.0,0.1,0.1,0.0,0.0,0.0,0.0,0.0,0.0,0.0,0.0,10
106686,63090620,630166514,SUMNERS,HATTON,H,TX,M,D,-1.0,voting,19140310,1875-05-30,1875,1914,39,0.0,1,4,2,0,0,0,1,0,0,0,2,0,0,0,0,0,0,0.1,0.4,0.2,0.0,0.0,0.0,0.1,0.0,0.0,0.0,0.2,0.0,0.0,0.0,0.0,0.0,0.0,10
120071,63071990,630187450,HUMPHREY,WILLIAM,H,WA,M,R,1.0,voting,19140331,1862-03-31,1862,1914,52,0.0,3,0,1,1,5,0,0,0,0,0,0,0,0,0,0,0,0,0.3,0.0,0.1,0.1,0.5,0.0,0.0,0.0,0.0,0.0,0.0,0.0,0.0,0.0,0.0,0.0,0.0,10
132045,63079101,630207081,SMOOT,REED,S,UT,M,R,,voting,19140424,1862-01-10,1862,1914,52,0.0,1,1,6,0,0,0,0,0,0,0,1,1,0,0,0,0,0,0.1,0.1,0.6,0.0,0.0,0.0,0.0,0.0,0.0,0.0,0.1,0.1,0.0,0.0,0.0,0.0,0.0,10
142145,63071691,630222680,BRADY,JAMES,S,ID,M,R,,voting,19140509,1862-06-12,1862,1914,52,0.0,1,6,0,2,0,0,0,0,0,1,0,0,0,0,0,0,0,0.1,0.6,0.0,0.2,0.0,0.0,0.0,0.0,0.0,0.1,0.0,0.0,0.0,0.0,0.0,0.0,0.0,10
142146,63079101,630222682,SMOOT,REED,S,UT,M,R,,voting,19140509,1862-01-10,1862,1914,52,0.0,0,1,9,0,0,0,0,0,0,0,0,0,0,0,0,0,0,0.0,0.1,0.9,0.0,0.0,0.0,0.0,0.0,0.0,0.0,0.0,0.0,0.0,0.0,0.0,0.0,0.0,10
142248,63071691,630222808,BRADY,JAMES,S,ID,M,R,,voting,19140509,1862-06-12,1862,1914,52,0.0,0,10,0,0,0,0,0,0,0,0,0,0,0,0,0,0,0,0.0,1.0,0.0,0.0,0.0,0.0,0.0,0.0,0.0,0.0,0.0,0.0,0.0,0.0,0.0,0.0,0.0,10
317930,63072521,630247279,STONE,WILLIAM,S,MO,M,D,,voting,19140605,1848-05-07,1848,1914,66,0.0,2,0,0,5,0,0,0,0,0,1,0,0,0,1,1,0,0,0.2,0.0,0.0,0.5,0.0,0.0,0.0,0.0,0.0,0.1,0.0,0.0,0.0,0.1,0.1,0.0,0.0,10
320337,63070210,630267539,BRYAN,JAMES,H,WA,M,P,-1.0,voting,19140622,1874-03-11,1874,1914,40,0.0,1,0,5,0,1,0,1,2,0,0,0,0,0,0,0,0,0,0.1,0.0,0.5,0.0,0.1,0.0,0.1,0.2,0.0,0.0,0.0,0.0,0.0,0.0,0.0,0.0,0.0,10
357868,63072431,630323728,SMITH,HOKE,S,GA,M,D,,voting,19140822,1855-09-02,1855,1914,59,0.0,0,8,0,1,0,1,0,0,0,0,0,0,0,0,0,0,0,0.0,0.8,0.0,0.1,0.0,0.1,0.0,0.0,0.0,0.0,0.0,0.0,0.0,0.0,0.0,0.0,0.0,10
358576,63072431,630338640,SMITH,HOKE,S,GA,M,D,,voting,19140910,1855-09-02,1855,1914,59,0.0,1,7,1,0,0,0,0,1,0,0,0,0,0,0,0,0,0,0.1,0.7,0.1,0.0,0.0,0.0,0.0,0.1,0.0,0.0,0.0,0.0,0.0,0.0,0.0,0.0,0.0,10
233896,63071781,630371669,CLARKE,JAMES,S,AR,M,D,,voting,19141017,1854-08-18,1854,1914,60,0.0,1,8,0,0,0,0,0,1,0,0,0,0,0,0,0,0,0,0.1,0.8,0.0,0.0,0.0,0.0,0.0,0.1,0.0,0.0,0.0,0.0,0.0,0.0,0.0,0.0,0.0,10
267000,63082840,630424209,CHURCH,DENVER,H,CA,M,D,7.0,voting,19150204,1862-12-11,1862,1915,53,0.0,1,1,5,0,0,1,0,1,1,0,0,0,0,0,0,0,0,0.1,0.1,0.5,0.0,0.0,0.1,0.0,0.1,0.1,0.0,0.0,0.0,0.0,0.0,0.0,0.0,0.0,10
11179,64072670,640017279,BARNHART,HENRY,H,IN,M,D,13.0,voting,19160127,1858-09-11,1858,1916,58,0.0,5,2,3,0,0,0,0,0,0,0,0,0,0,0,0,0,0,0.5,0.2,0.3,0.0,0.0,0.0,0.0,0.0,0.0,0.0,0.0,0.0,0.0,0.0,0.0,0.0,0.0,10
202104,64076690,640028067,WALSH,JOSEPH,H,MA,M,R,16.0,voting,19160210,1875-12-16,1875,1916,41,0.0,4,2,0,1,1,1,0,0,0,0,1,0,0,0,0,0,0,0.4,0.2,0.0,0.1,0.1,0.1,0.0,0.0,0.0,0.0,0.1,0.0,0.0,0.0,0.0,0.0,0.0,10
57696,64074060,640088343,BOOHER,CHARLES,H,MO,M,D,4.0,voting,19160415,1848-01-31,1848,1916,68,0.0,0,0,1,0,0,0,0,0,0,0,0,1,1,0,0,7,0,0.0,0.0,0.1,0.0,0.0,0.0,0.0,0.0,0.0,0.0,0.0,0.1,0.1,0.0,0.0,0.7,0.0,10
231647,64080920,640107508,COOPER,HENRY,H,WI,M,R,1.0,voting,19160502,1850-09-08,1850,1916,66,0.0,0,2,1,0,0,6,0,0,0,0,0,0,1,0,0,0,0,0.0,0.2,0.1,0.0,0.0,0.6,0.0,0.0,0.0,0.0,0.0,0.0,0.1,0.0,0.0,0.0,0.0,10
94025,64071680,640143925,BENNET,WILLIAM,H,NY,M,R,23.0,voting,19160615,1870-11-09,1870,1916,46,0.0,0,0,1,6,2,0,0,0,1,0,0,0,0,0,0,0,0,0.0,0.0,0.1,0.6,0.2,0.0,0.0,0.0,0.1,0.0,0.0,0.0,0.0,0.0,0.0,0.0,0.0,10
218509,64072561,640220674,THOMAS,CHARLES,S,CO,M,D,,voting,19161215,1849-12-06,1849,1916,67,0.0,0,0,5,0,1,2,1,0,0,0,1,0,0,0,0,0,0,0.0,0.0,0.5,0.0,0.1,0.2,0.1,0.0,0.0,0.0,0.1,0.0,0.0,0.0,0.0,0.0,0.0,10
268625,65082331,650008158,WALSH,THOMAS,S,MT,M,D,,voting,19170418,1859-06-12,1859,1917,58,0.0,5,2,0,0,0,1,0,0,0,1,1,0,0,0,0,0,0,0.5,0.2,0.0,0.0,0.0,0.1,0.0,0.0,0.0,0.1,0.1,0.0,0.0,0.0,0.0,0.0,0.0,10
28161,65078171,650043143,SIMMONS,FURNIFOLD,S,NC,M,D,,voting,19170522,1854-01-20,1854,1917,63,0.0,3,4,1,0,0,1,1,0,0,0,0,0,0,0,0,0,0,0.3,0.4,0.1,0.0,0.0,0.1,0.1,0.0,0.0,0.0,0.0,0.0,0.0,0.0,0.0,0.0,0.0,10
302051,65074130,650061452,CLARK,JAMES,H,MO,M,D,9.0,voting,19170615,1850-03-07,1850,1917,67,0.0,0,0,0,9,0,0,0,1,0,0,0,0,0,0,0,0,0,0.0,0.0,0.0,0.9,0.0,0.0,0.0,0.1,0.0,0.0,0.0,0.0,0.0,0.0,0.0,0.0,0.0,10
144563,65074860,650224150,ROBBINS,EDWARD,H,PA,M,R,22.0,voting,19180422,1860-09-27,1860,1918,58,0.0,1,2,0,0,1,0,0,0,6,0,0,0,0,0,0,0,0,0.1,0.2,0.0,0.0,0.1,0.0,0.0,0.0,0.6,0.0,0.0,0.0,0.0,0.0,0.0,0.0,0.0,10
169014,65075201,650263786,HARDING,WARREN,S,OH,M,R,,voting,19180610,1865-11-02,1865,1918,53,0.0,3,0,0,0,1,0,0,2,0,0,0,0,0,0,4,0,0,0.3,0.0,0.0,0.0,0.1,0.0,0.0,0.2,0.0,0.0,0.0,0.0,0.0,0.0,0.4,0.0,0.0,10
321405,65077101,650303291,JONES,ANDRIEUS,S,NM,M,D,,voting,19180903,1862-05-16,1862,1918,56,0.0,3,3,0,0,0,2,0,0,0,1,1,0,0,0,0,0,0,0.3,0.3,0.0,0.0,0.0,0.2,0.0,0.0,0.0,0.1,0.1,0.0,0.0,0.0,0.0,0.0,0.0,10
233054,65072401,650366419,SHERMAN,LAWRENCE,S,IL,M,R,,voting,19190124,1858-11-08,1858,1919,61,0.0,3,5,1,2,2,6,0,1,0,0,0,0,0,0,0,0,0,0.15,0.25,0.05,0.1,0.1,0.3,0.0,0.05,0.0,0.0,0.0,0.0,0.0,0.0,0.0,0.0,0.0,20
16128,66073461,660026849,NEW,HARRY,S,IN,M,R,,voting,19190624,1858-12-31,1858,1919,61,0.0,1,1,0,0,7,0,0,0,0,0,0,0,0,0,1,0,0,0.1,0.1,0.0,0.0,0.7,0.0,0.0,0.0,0.0,0.0,0.0,0.0,0.0,0.0,0.1,0.0,0.0,10
18631,66079021,660031155,OVERMAN,LEE,S,NC,M,D,,voting,19190627,1854-01-03,1854,1919,65,0.0,0,0,0,0,1,1,6,1,0,0,1,0,0,0,0,0,0,0.0,0.0,0.0,0.0,0.1,0.1,0.6,0.1,0.0,0.0,0.1,0.0,0.0,0.0,0.0,0.0,0.0,10
244357,66078010,660075289,MCLAUGHLIN,MELVIN,H,NE,M,R,4.0,voting,19190908,1876-08-08,1876,1919,43,0.0,1,0,0,9,0,0,0,0,0,0,0,0,0,0,0,0,0,0.1,0.0,0.0,0.9,0.0,0.0,0.0,0.0,0.0,0.0,0.0,0.0,0.0,0.0,0.0,0.0,0.0,10
50098,66075860,660082987,IRELAND,CLIFFORD,H,IL,M,R,16.0,voting,19190922,1878-02-14,1878,1919,41,0.0,1,3,4,0,0,1,0,1,0,0,0,0,0,0,0,0,0,0.1,0.3,0.4,0.0,0.0,0.1,0.0,0.1,0.0,0.0,0.0,0.0,0.0,0.0,0.0,0.0,0.0,10
219853,66084501,660125504,KING,WILLIAM,S,UT,M,D,,voting,19191118,1863-06-03,1863,1919,56,0.0,1,2,0,0,5,1,0,0,1,0,0,0,0,0,0,0,0,0.1,0.2,0.0,0.0,0.5,0.1,0.0,0.0,0.1,0.0,0.0,0.0,0.0,0.0,0.0,0.0,0.0,10
130996,66073451,660218693,MYERS,HENRY,S,MT,M,D,,voting,19200402,1862-10-09,1862,1920,58,0.0,2,7,1,0,0,0,0,0,0,0,0,0,0,0,0,0,0,0.2,0.7,0.1,0.0,0.0,0.0,0.0,0.0,0.0,0.0,0.0,0.0,0.0,0.0,0.0,0.0,0.0,10
140250,66073451,660233534,MYERS,HENRY,S,MT,M,D,,voting,19200428,1862-10-09,1862,1920,58,0.0,0,6,2,0,0,2,0,0,0,0,0,0,0,0,0,0,0,0.0,0.6,0.2,0.0,0.0,0.2,0.0,0.0,0.0,0.0,0.0,0.0,0.0,0.0,0.0,0.0,0.0,10
232240,66076690,660272032,WALSH,JOSEPH,H,MA,M,R,16.0,voting,19201208,1875-12-16,1875,1920,45,0.0,3,0,7,0,0,0,0,0,0,0,0,0,0,0,0,0,0,0.3,0.0,0.7,0.0,0.0,0.0,0.0,0.0,0.0,0.0,0.0,0.0,0.0,0.0,0.0,0.0,0.0,10
189887,66084821,660317563,TRAMMELL,PARK,S,FL,M,D,,voting,19210205,1876-04-09,1876,1921,45,0.0,5,3,1,0,0,0,0,1,0,0,0,0,0,0,0,0,0,0.5,0.3,0.1,0.0,0.0,0.0,0.0,0.1,0.0,0.0,0.0,0.0,0.0,0.0,0.0,0.0,0.0,10
269961,66078831,660332558,JONES,WESLEY,S,WA,M,R,,voting,19210218,1863-10-09,1863,1921,58,0.0,1,0,4,0,2,2,1,0,0,0,0,0,0,0,0,0,0,0.1,0.0,0.4,0.0,0.2,0.2,0.1,0.0,0.0,0.0,0.0,0.0,0.0,0.0,0.0,0.0,0.0,10
11955,67074201,670019618,DIAL,NATHANIEL,S,SC,M,D,,voting,19210514,1862-04-24,1862,1921,59,0.0,2,3,2,1,0,2,0,0,0,0,0,0,0,0,0,0,0,0.2,0.3,0.2,0.1,0.0,0.2,0.0,0.0,0.0,0.0,0.0,0.0,0.0,0.0,0.0,0.0,0.0,10
21688,67075690,670034418,GOOD,JAMES,H,IA,M,R,5.0,voting,19210608,1866-09-24,1866,1921,55,0.0,0,0,0,1,0,0,0,1,0,0,0,0,8,0,0,0,0,0.0,0.0,0.0,0.1,0.0,0.0,0.0,0.1,0.0,0.0,0.0,0.0,0.8,0.0,0.0,0.0,0.0,10
23955,67073451,670038084,MYERS,HENRY,S,MT,M,D,,voting,19210613,1862-10-09,1862,1921,59,0.0,1,0,0,0,0,0,0,0,0,0,0,0,0,0,9,0,0,0.1,0.0,0.0,0.0,0.0,0.0,0.0,0.0,0.0,0.0,0.0,0.0,0.0,0.0,0.9,0.0,0.0,10
29209,67077910,670046845,HILL,JOHN,H,MD,M,R,3.0,voting,19210627,1879-05-02,1879,1921,42,0.1542756660645684,1,4,2,0,0,2,0,1,0,0,0,0,0,0,0,0,0,0.1,0.4,0.2,0.0,0.0,0.2,0.0,0.1,0.0,0.0,0.0,0.0,0.0,0.0,0.0,0.0,0.0,10
29215,67077910,670046851,HILL,JOHN,H,MD,M,R,3.0,voting,19210627,1879-05-02,1879,1921,42,0.0700472983725174,2,3,2,0,0,3,0,0,0,0,0,0,0,0,0,0,0,0.2,0.3,0.2,0.0,0.0,0.3,0.0,0.0,0.0,0.0,0.0,0.0,0.0,0.0,0.0,0.0,0.0,10
46863,67088671,670073787,CAPPER,ARTHUR,S,KS,M,R,,voting,19210809,1865-07-14,1865,1921,56,0.0,0,2,3,0,1,1,1,2,0,0,0,0,0,0,0,0,0,0.0,0.2,0.3,0.0,0.1,0.1,0.1,0.2,0.0,0.0,0.0,0.0,0.0,0.0,0.0,0.0,0.0,10
297912,67079221,670106406,WATSON,JAMES,S,IN,M,R,,voting,19211024,1864-11-02,1864,1921,57,0.0,5,0,0,0,2,1,2,0,0,0,0,0,0,0,0,0,0,0.5,0.0,0.0,0.0,0.2,0.1,0.2,0.0,0.0,0.0,0.0,0.0,0.0,0.0,0.0,0.0,0.0,10
269089,67076690,670118041,WALSH,JOSEPH,H,MA,M,R,16.0,voting,19211103,1875-12-16,1875,1921,46,0.0,2,3,2,0,0,0,0,2,0,0,0,0,1,0,0,0,0,0.2,0.3,0.2,0.0,0.0,0.0,0.0,0.2,0.0,0.0,0.0,0.0,0.1,0.0,0.0,0.0,0.0,10
99130,67076300,670162095,PADGETT,LEMUEL,H,TN,M,D,7.0,voting,19220130,1855-11-28,1855,1922,67,0.0,1,4,0,0,1,2,0,0,0,0,2,0,0,0,0,0,0,0.1,0.4,0.0,0.0,0.1,0.2,0.0,0.0,0.0,0.0,0.2,0.0,0.0,0.0,0.0,0.0,0.0,10
309563,67079221,670229913,WATSON,JAMES,S,IN,M,R,,voting,19220505,1864-11-02,1864,1922,58,0.0,2,1,0,5,1,1,0,0,0,0,0,0,0,0,0,0,0,0.2,0.1,0.0,0.5,0.1,0.1,0.0,0.0,0.0,0.0,0.0,0.0,0.0,0.0,0.0,0.0,0.0,10
141261,67090620,670230117,SUMNERS,HATTON,H,TX,M,D,5.0,voting,19220505,1875-05-30,1875,1922,47,0.0,6,0,0,0,0,4,0,0,0,0,0,0,0,0,0,0,0,0.6,0.0,0.0,0.0,0.0,0.4,0.0,0.0,0.0,0.0,0.0,0.0,0.0,0.0,0.0,0.0,0.0,10
141366,67075560,670230294,DE VEYRA,JAIME,H,PI,M,,-1.0,nonvoting,19220505,1873-11-04,1873,1922,49,2.3235674799973165e-12,0,2,2,0,0,4,1,0,0,0,0,1,0,0,0,0,0,0.0,0.2,0.2,0.0,0.0,0.4,0.1,0.0,0.0,0.0,0.0,0.1,0.0,0.0,0.0,0.0,0.0,10
40755,68080941,680065651,COUZENS,JAMES,S,MI,M,R,,voting,19240328,1872-08-26,1872,1924,52,0.0,8,0,0,1,0,0,0,0,0,0,1,0,0,0,0,0,0,0.8,0.0,0.0,0.1,0.0,0.0,0.0,0.0,0.0,0.0,0.1,0.0,0.0,0.0,0.0,0.0,0.0,10
138512,68078860,680123574,KING,EDWARD,H,IL,M,R,15.0,voting,19240521,1867-07-01,1867,1924,57,0.0,0,7,0,1,0,0,0,0,1,0,1,0,0,0,0,0,0,0.0,0.7,0.0,0.1,0.0,0.0,0.0,0.0,0.1,0.0,0.1,0.0,0.0,0.0,0.0,0.0,0.0,10
94355,68082780,680160116,BUSBY,THOMAS,H,MS,M,D,4.0,voting,19241231,1884-07-26,1884,1924,40,0.0,2,1,0,1,5,0,0,0,0,0,1,0,0,0,0,0,0,0.2,0.1,0.0,0.1,0.5,0.0,0.0,0.0,0.0,0.0,0.1,0.0,0.0,0.0,0.0,0.0,0.0,10
116812,68078210,680197398,SWOOPE,WILLIAM,H,PA,M,R,23.0,voting,19250214,1862-10-03,1862,1925,63,0.0,2,6,0,1,1,0,0,0,0,0,0,0,0,0,0,0,0,0.2,0.6,0.0,0.1,0.1,0.0,0.0,0.0,0.0,0.0,0.0,0.0,0.0,0.0,0.0,0.0,0.0,10
11427,69077801,690020127,EDGE,WALTER,S,NJ,M,R,,voting,19260116,1873-11-20,1873,1926,53,0.0,1,3,5,0,0,0,0,1,0,0,0,0,0,0,0,0,0,0.1,0.3,0.5,0.0,0.0,0.0,0.0,0.1,0.0,0.0,0.0,0.0,0.0,0.0,0.0,0.0,0.0,10
13251,69079370,690022761,BOX,JOHN,H,TX,M,D,2.0,voting,19260120,1871-03-28,1871,1926,55,0.0,1,1,2,0,0,2,3,1,0,0,0,0,0,0,0,0,0,0.1,0.1,0.2,0.0,0.0,0.2,0.3,0.1,0.0,0.0,0.0,0.0,0.0,0.0,0.0,0.0,0.0,10
149294,69079110,690037280,STEPHENS,AMBROSE,H,OH,M,R,2.0,voting,19260205,1862-06-03,1862,1926,64,6.8306714224319784e-18,1,4,0,0,1,0,0,1,1,1,0,0,0,1,0,0,0,0.1,0.4,0.0,0.0,0.1,0.0,0.0,0.1,0.1,0.1,0.0,0.0,0.0,0.1,0.0,0.0,0.0,10
150167,69085521,690044969,HARRISON,BYRON,S,MS,M,D,,voting,19260212,1881-08-29,1881,1926,45,4.656914609896723e-15,1,5,0,0,1,1,2,0,0,0,0,0,0,0,0,0,0,0.1,0.5,0.0,0.0,0.1,0.1,0.2,0.0,0.0,0.0,0.0,0.0,0.0,0.0,0.0,0.0,0.0,10
26325,69078450,690045554,ANTHONY,DANIEL,H,KS,M,R,1.0,voting,19260212,1870-08-22,1870,1926,56,2.290310343438939e-19,0,0,4,0,0,4,2,0,0,0,0,0,0,0,0,0,0,0.0,0.0,0.4,0.0,0.0,0.4,0.2,0.0,0.0,0.0,0.0,0.0,0.0,0.0,0.0,0.0,0.0,10
74997,69078910,690126727,MADDEN,MARTIN,H,IL,M,R,1.0,voting,19260517,1855-03-21,1855,1926,71,2.567672232825062e-13,5,1,3,0,0,0,0,0,0,0,0,1,0,0,0,0,0,0.5,0.1,0.3,0.0,0.0,0.0,0.0,0.0,0.0,0.0,0.0,0.1,0.0,0.0,0.0,0.0,0.0,10
86740,69083400,690146762,MCKEOWN,THOMAS,H,OK,M,D,4.0,voting,19260608,1878-06-04,1878,1926,48,0.0,4,5,0,0,1,0,0,0,0,0,0,0,0,0,0,0,0,0.4,0.5,0.0,0.0,0.1,0.0,0.0,0.0,0.0,0.0,0.0,0.0,0.0,0.0,0.0,0.0,0.0,10
114118,69082270,690192600,TILSON,JOHN,H,CT,M,R,3.0,voting,19270115,1866-04-05,1866,1927,61,0.0,9,1,0,0,0,0,0,0,0,0,0,0,0,0,0,0,0,0.9,0.1,0.0,0.0,0.0,0.0,0.0,0.0,0.0,0.0,0.0,0.0,0.0,0.0,0.0,0.0,0.0,10
120679,69081010,690203922,DAVIS,EWIN,H,TN,M,D,5.0,voting,19270129,1876-02-05,1876,1927,51,0.0,5,1,1,0,1,1,1,0,0,0,0,0,0,0,0,0,0,0.5,0.1,0.1,0.0,0.1,0.1,0.1,0.0,0.0,0.0,0.0,0.0,0.0,0.0,0.0,0.0,0.0,10
122517,69076811,690207137,BRUCE,WILLIAM,S,MD,M,D,,voting,19270202,1860-03-12,1860,1927,67,2.71969148844427e-12,3,0,3,0,3,0,1,0,0,0,0,0,0,0,0,0,0,0.3,0.0,0.3,0.0,0.3,0.0,0.1,0.0,0.0,0.0,0.0,0.0,0.0,0.0,0.0,0.0,0.0,10
191455,69088511,690216241,WALSH,DAVID,S,MA,M,D,,voting,19270211,1872-11-11,1872,1927,55,0.0,4,1,1,0,0,2,2,0,0,0,0,0,0,0,0,0,0,0.4,0.1,0.1,0.0,0.0,0.2,0.2,0.0,0.0,0.0,0.0,0.0,0.0,0.0,0.0,0.0,0.0,10
130980,70080920,700007855,COOPER,HENRY,H,WI,M,R,1.0,voting,19271221,1850-09-08,1850,1927,77,0.0,3,2,2,0,0,0,0,0,0,1,0,1,1,0,0,0,0,0.3,0.2,0.2,0.0,0.0,0.0,0.0,0.0,0.0,0.1,0.0,0.1,0.1,0.0,0.0,0.0,0.0,10
134360,70080231,700040021,REED,DAVID,S,PA,M,R,,voting,19280223,1880-12-21,1880,1928,48,0.0,1,3,0,0,1,0,0,0,0,1,4,0,0,0,0,0,0,0.1,0.3,0.0,0.0,0.1,0.0,0.0,0.0,0.0,0.1,0.4,0.0,0.0,0.0,0.0,0.0,0.0,10
54062,70080590,700089534,ADKINS,CHARLES,H,IL,M,R,19.0,voting,19280502,1863-02-07,1863,1928,65,0.0,1,1,8,0,0,0,0,0,0,0,0,0,0,0,0,0,0,0.1,0.1,0.8,0.0,0.0,0.0,0.0,0.0,0.0,0.0,0.0,0.0,0.0,0.0,0.0,0.0,0.0,10
6289,71083400,710010699,MCKEOWN,THOMAS,H,OK,M,D,4.0,voting,19290507,1878-06-04,1878,1929,51,0.0,1,1,3,0,0,3,1,0,0,0,0,0,1,0,0,0,0,0.1,0.1,0.3,0.0,0.0,0.3,0.1,0.0,0.0,0.0,0.0,0.0,0.1,0.0,0.0,0.0,0.0,10
14129,71080300,710023171,SLOAN,CHARLES,H,NE,M,R,4.0,voting,19290531,1863-05-02,1863,1929,66,0.0,0,0,0,10,0,0,0,0,0,0,0,0,0,0,0,0,0,0.0,0.0,0.0,1.0,0.0,0.0,0.0,0.0,0.0,0.0,0.0,0.0,0.0,0.0,0.0,0.0,0.0,10
62628,71080860,710099080,CLANCY,ROBERT,H,MI,M,R,1.0,voting,19300118,1882-03-14,1882,1930,48,0.0,1,0,4,0,0,0,0,0,0,5,0,0,0,0,0,0,0,0.1,0.0,0.4,0.0,0.0,0.0,0.0,0.0,0.0,0.5,0.0,0.0,0.0,0.0,0.0,0.0,0.0,10
121107,71082150,710188763,STAFFORD,WILLIAM,H,WI,M,R,5.0,voting,19300505,1869-10-12,1869,1930,61,9.874988794708774e-23,2,0,0,0,0,0,0,7,0,0,1,0,0,0,0,0,0,0.2,0.0,0.0,0.0,0.0,0.0,0.0,0.7,0.0,0.0,0.1,0.0,0.0,0.0,0.0,0.0,0.0,10
158873,71082150,710249928,STAFFORD,WILLIAM,H,WI,M,R,5.0,voting,19301212,1869-10-12,1869,1930,61,1.583032431852478e-13,8,1,0,0,0,0,0,0,0,0,0,0,1,0,0,0,0,0.8,0.1,0.0,0.0,0.0,0.0,0.0,0.0,0.0,0.0,0.0,0.0,0.1,0.0,0.0,0.0,0.0,10
175285,71090140,710274925,LANHAM,FRITZ,H,TX,M,D,12.0,voting,19310123,1880-01-03,1880,1931,51,0.0,1,1,2,0,0,0,0,0,6,0,0,0,0,0,0,0,0,0.1,0.1,0.2,0.0,0.0,0.0,0.0,0.0,0.6,0.0,0.0,0.0,0.0,0.0,0.0,0.0,0.0,10
5197,72090721,720008478,TYDINGS,MILLARD,S,MD,M,D,,voting,19320104,1890-04-06,1890,1932,42,0.0,4,4,1,0,0,0,1,0,1,0,1,0,8,0,0,0,0,0.2,0.2,0.05,0.0,0.0,0.0,0.05,0.0,0.05,0.0,0.05,0.0,0.4,0.0,0.0,0.0,0.0,20
34676,72088430,720053077,SWEENEY,MARTIN,H,OH,M,D,20.0,voting,19320308,1885-04-15,1885,1932,47,0.0,2,1,5,0,0,0,2,0,0,0,0,0,0,0,0,0,0,0.2,0.1,0.5,0.0,0.0,0.0,0.2,0.0,0.0,0.0,0.0,0.0,0.0,0.0,0.0,0.0,0.0,10
160811,72081501,720075409,HULL,CORDELL,S,TN,M,D,,voting,19320408,1871-10-02,1871,1932,61,0.0,2,1,1,0,1,4,0,0,0,0,1,0,0,0,0,0,0,0.2,0.1,0.1,0.0,0.1,0.4,0.0,0.0,0.0,0.0,0.1,0.0,0.0,0.0,0.0,0.0,0.0,10
53225,72091270,720081005,GIFFORD,CHARLES,H,MA,M,R,16.0,voting,19320414,1871-03-15,1871,1932,61,0.1596239666053469,0,0,0,0,0,0,0,3,0,0,0,0,0,0,7,0,0,0.0,0.0,0.0,0.0,0.0,0.0,0.0,0.3,0.0,0.0,0.0,0.0,0.0,0.0,0.7,0.0,0.0,10
58945,72088430,720089796,SWEENEY,MARTIN,H,OH,M,D,20.0,voting,19320427,1885-04-15,1885,1932,47,0.0,2,6,1,0,0,0,1,0,0,0,0,0,0,0,0,0,0,0.2,0.6,0.1,0.0,0.0,0.0,0.1,0.0,0.0,0.0,0.0,0.0,0.0,0.0,0.0,0.0,0.0,10
67507,72093680,720102365,SABATH,ADOLPH,H,IL,M,D,5.0,voting,19320514,1866-04-04,1866,1932,66,0.0,1,0,1,0,0,1,1,0,0,0,6,0,0,0,0,0,0,0.1,0.0,0.1,0.0,0.0,0.1,0.1,0.0,0.0,0.0,0.6,0.0,0.0,0.0,0.0,0.0,0.0,10
163478,72081501,720107136,HULL,CORDELL,S,TN,M,D,,voting,19320518,1871-10-02,1871,1932,61,0.0,1,3,1,1,0,2,0,0,0,0,2,0,0,0,0,0,0,0.1,0.3,0.1,0.1,0.0,0.2,0.0,0.0,0.0,0.0,0.2,0.0,0.0,0.0,0.0,0.0,0.0,10
90196,72082740,720136892,BROWNING,GORDON,H,TN,M,D,8.0,voting,19320614,1889-11-22,1889,1932,43,0.0,1,2,5,0,1,0,0,0,0,0,1,0,0,0,0,0,0,0.1,0.2,0.5,0.0,0.1,0.0,0.0,0.0,0.0,0.0,0.1,0.0,0.0,0.0,0.0,0.0,0.0,10
87347,73083451,730135771,MURPHY,RICHARD,S,IA,M,D,,voting,19340413,1875-11-06,1875,1934,59,0.0,1,4,4,0,0,1,0,0,0,0,0,0,0,0,0,0,0,0.1,0.4,0.4,0.0,0.0,0.1,0.0,0.0,0.0,0.0,0.0,0.0,0.0,0.0,0.0,0.0,0.0,10
99184,73094751,730153626,BARKLEY,ALBEN,S,KY,M,D,,voting,19340509,1877-11-24,1877,1934,57,0.0,0,0,0,0,0,10,0,0,0,0,0,0,0,0,0,0,0,0.0,0.0,0.0,0.0,0.0,1.0,0.0,0.0,0.0,0.0,0.0,0.0,0.0,0.0,0.0,0.0,0.0,10
1371,74088430,740001813,SWEENEY,MARTIN,H,OH,M,D,20.0,voting,19350110,1885-04-15,1885,1935,50,0.0,1,3,3,0,0,1,0,2,0,0,0,0,0,0,0,0,0,0.1,0.3,0.3,0.0,0.0,0.1,0.0,0.2,0.0,0.0,0.0,0.0,0.0,0.0,0.0,0.0,0.0,10
5388,74100760,740007833,MCCORMACK,JOHN,H,MA,M,D,12.0,voting,19350125,1891-12-21,1891,1935,44,0.0,5,2,3,0,0,0,0,0,0,0,0,0,0,0,0,0,0,0.5,0.2,0.3,0.0,0.0,0.0,0.0,0.0,0.0,0.0,0.0,0.0,0.0,0.0,0.0,0.0,0.0,10
8565,74085830,740012236,MILLARD,CHARLES,H,NY,M,R,25.0,voting,19350201,1873-12-01,1873,1935,62,0.0,1,1,6,0,0,0,1,0,0,0,0,1,0,0,0,0,0,0.1,0.1,0.6,0.0,0.0,0.0,0.1,0.0,0.0,0.0,0.0,0.1,0.0,0.0,0.0,0.0,0.0,10
17795,74085020,740025319,BACON,ROBERT,H,NY,M,R,1.0,voting,19350227,1884-07-23,1884,1935,51,0.0,5,1,3,0,0,0,0,0,0,0,0,1,0,0,0,0,0,0.5,0.1,0.3,0.0,0.0,0.0,0.0,0.0,0.0,0.0,0.0,0.1,0.0,0.0,0.0,0.0,0.0,10
22348,74084080,740032820,CLAIBORNE,JAMES,H,MO,M,D,12.0,voting,19350311,1882-06-22,1882,1935,53,0.0,4,3,8,0,0,1,1,0,0,0,0,0,3,0,0,0,0,0.2,0.15,0.4,0.0,0.0,0.05,0.05,0.0,0.0,0.0,0.0,0.0,0.15,0.0,0.0,0.0,0.0,20
57836,74094751,740086665,BARKLEY,ALBEN,S,KY,M,D,,voting,19350604,1877-11-24,1877,1935,58,1.046067318352926e-10,1,0,7,0,0,2,0,0,0,0,0,0,0,0,0,0,0,0.1,0.0,0.7,0.0,0.0,0.2,0.0,0.0,0.0,0.0,0.0,0.0,0.0,0.0,0.0,0.0,0.0,10
58172,74081391,740087112,HASTINGS,DANIEL,S,DE,M,R,,voting,19350605,1874-03-05,1874,1935,61,0.0400914669553986,2,1,6,0,0,0,0,1,0,0,0,0,0,0,0,0,0,0.2,0.1,0.6,0.0,0.0,0.0,0.0,0.1,0.0,0.0,0.0,0.0,0.0,0.0,0.0,0.0,0.0,10
151149,74087271,740228301,AUSTIN,WARREN,S,VT,M,R,,voting,19360529,1877-11-12,1877,1936,59,0.0,0,0,0,8,1,0,1,0,0,0,0,0,0,0,0,0,0,0.0,0.0,0.0,0.8,0.1,0.0,0.1,0.0,0.0,0.0,0.0,0.0,0.0,0.0,0.0,0.0,0.0,10
527,75090721,750000788,TYDINGS,MILLARD,S,MD,M,D,,voting,19370112,1890-04-06,1890,1937,47,0.0,2,3,1,0,1,2,0,0,0,0,0,0,1,0,0,0,0,0.2,0.3,0.1,0.0,0.1,0.2,0.0,0.0,0.0,0.0,0.0,0.0,0.1,0.0,0.0,0.0,0.0,10
8173,75090430,750011451,ROBINSON,JAMES,H,UT,M,D,2.0,voting,19370211,1878-01-19,1878,1937,59,1.9081911343103462e-24,0,0,10,0,0,0,0,0,0,0,0,0,0,0,0,0,0,0.0,0.0,1.0,0.0,0.0,0.0,0.0,0.0,0.0,0.0,0.0,0.0,0.0,0.0,0.0,0.0,0.0,10
191551,75085440,750018036,GRAY,FINLY,H,IN,M,D,10.0,voting,19370302,1863-07-21,1863,1937,74,0.0,0,2,2,0,1,0,5,0,0,0,0,0,0,0,0,0,0,0.0,0.2,0.2,0.0,0.1,0.0,0.5,0.0,0.0,0.0,0.0,0.0,0.0,0.0,0.0,0.0,0.0,10
16569,75089830,750023087,DICKSTEIN,SAMUEL,H,NY,M,D,12.0,voting,19370315,1885-02-05,1885,1937,52,0.0,2,0,2,0,1,0,2,0,0,3,0,0,0,0,0,0,0,0.2,0.0,0.2,0.0,0.1,0.0,0.2,0.0,0.0,0.3,0.0,0.0,0.0,0.0,0.0,0.0,0.0,10
37780,75091061,750055468,CONNALLY,THOMAS,S,TX,M,D,,voting,19370528,1877-08-19,1877,1937,60,0.0,4,2,0,1,2,1,0,0,0,0,0,0,0,0,0,0,0,0.4,0.2,0.0,0.1,0.2,0.1,0.0,0.0,0.0,0.0,0.0,0.0,0.0,0.0,0.0,0.0,0.0,10
49973,75092010,750073098,THOMASON,ROBERT,H,TX,M,D,16.0,voting,19370630,1879-05-30,1879,1937,58,0.0009298636177583,3,1,5,0,0,1,0,0,0,0,0,0,0,0,0,0,0,0.3,0.1,0.5,0.0,0.0,0.1,0.0,0.0,0.0,0.0,0.0,0.0,0.0,0.0,0.0,0.0,0.0,10
62283,75096140,750090044,WIGGLESWORTH,RICHARD,H,MA,M,R,13.0,voting,19370729,1891-04-25,1891,1937,46,0.0,3,3,3,0,0,0,1,0,0,0,0,0,0,0,0,0,0,0.3,0.3,0.3,0.0,0.0,0.0,0.1,0.0,0.0,0.0,0.0,0.0,0.0,0.0,0.0,0.0,0.0,10
117972,75090800,750167432,WOODRUM,CLIFTON,H,VA,M,D,6.0,voting,19380216,1887-04-27,1887,1938,51,0.0,2,5,0,0,2,0,0,0,0,0,1,0,0,0,0,0,0,0.2,0.5,0.0,0.0,0.2,0.0,0.0,0.0,0.0,0.0,0.1,0.0,0.0,0.0,0.0,0.0,0.0,10
152672,75095250,750216758,WOLCOTT,JESSE,H,MI,M,R,7.0,voting,19380506,1893-03-03,1893,1938,45,0.0,0,8,2,0,0,0,0,0,0,0,0,0,0,0,0,0,0,0.0,0.8,0.2,0.0,0.0,0.0,0.0,0.0,0.0,0.0,0.0,0.0,0.0,0.0,0.0,0.0,0.0,10
2194,76089830,760003183,DICKSTEIN,SAMUEL,H,NY,M,D,12.0,voting,19390118,1885-02-05,1885,1939,54,0.0,3,1,4,0,0,1,0,0,0,1,0,0,0,0,0,0,0,0.3,0.1,0.4,0.0,0.0,0.1,0.0,0.0,0.0,0.1,0.0,0.0,0.0,0.0,0.0,0.0,0.0,10
26052,76091270,760037671,GIFFORD,CHARLES,H,MA,M,R,15.0,voting,19390331,1871-03-15,1871,1939,68,0.0,2,1,2,4,0,0,0,0,1,0,0,0,0,0,0,0,0,0.2,0.1,0.2,0.4,0.0,0.0,0.0,0.0,0.1,0.0,0.0,0.0,0.0,0.0,0.0,0.0,0.0,10
66939,76088230,760098287,ROCKEFELLER,LEWIS,H,NY,M,R,27.0,voting,19390713,1875-11-25,1875,1939,64,0.0,4,2,1,0,1,0,0,0,0,2,0,0,0,0,0,0,0,0.4,0.2,0.1,0.0,0.1,0.0,0.0,0.0,0.0,0.2,0.0,0.0,0.0,0.0,0.0,0.0,0.0,10
202601,76093320,760159921,HALL,EDWIN,H,NY,M,R,34.0,voting,19400228,1909-02-11,1909,1940,31,0.0,1,1,4,0,0,1,3,0,0,0,0,0,0,0,0,0,0,0.1,0.1,0.4,0.0,0.0,0.1,0.3,0.0,0.0,0.0,0.0,0.0,0.0,0.0,0.0,0.0,0.0,10
146185,76090721,760218900,TYDINGS,MILLARD,S,MD,M,D,,voting,19400603,1890-04-06,1890,1940,50,0.0,4,5,0,0,0,1,0,0,0,0,0,0,0,0,0,0,0,0.4,0.5,0.0,0.0,0.0,0.1,0.0,0.0,0.0,0.0,0.0,0.0,0.0,0.0,0.0,0.0,0.0,10
166418,76091470,760251001,JONKMAN,BARTEL,H,MI,M,R,5.0,voting,19400806,1884-04-28,1884,1940,56,3.836696700423554e-08,0,0,10,0,0,0,0,0,0,0,0,0,0,0,0,0,0,0.0,0.0,1.0,0.0,0.0,0.0,0.0,0.0,0.0,0.0,0.0,0.0,0.0,0.0,0.0,0.0,0.0,10
31911,77094751,770045116,BARKLEY,ALBEN,S,KY,M,D,,voting,19410508,1877-11-24,1877,1941,64,3.9303225881805e-09,6,1,1,0,1,1,0,0,0,0,0,0,0,0,0,0,0,0.6,0.1,0.1,0.0,0.1,0.1,0.0,0.0,0.0,0.0,0.0,0.0,0.0,0.0,0.0,0.0,0.0,10
194097,77089790,770072427,COFFEE,JOHN,H,WA,M,D,6.0,voting,19410630,1897-01-23,1897,1941,44,0.0,0,0,4,0,1,1,3,0,0,0,1,0,0,0,0,0,0,0.0,0.0,0.4,0.0,0.1,0.1,0.3,0.0,0.0,0.0,0.1,0.0,0.0,0.0,0.0,0.0,0.0,10
65016,77096151,770093544,WILEY,ALEXANDER,S,WI,M,R,,voting,19410905,1884-05-26,1884,1941,57,0.0,1,8,1,0,0,0,0,0,0,0,0,0,0,0,0,0,0,0.1,0.8,0.1,0.0,0.0,0.0,0.0,0.0,0.0,0.0,0.0,0.0,0.0,0.0,0.0,0.0,0.0,10
141535,77088351,770209629,SHIPSTEAD,HENRIK,S,MN,M,R,,voting,19420706,1881-01-08,1881,1942,61,0.0,1,2,2,0,1,2,0,1,1,0,0,0,0,0,0,0,0,0.1,0.2,0.2,0.0,0.1,0.2,0.0,0.1,0.1,0.0,0.0,0.0,0.0,0.0,0.0,0.0,0.0,10
28061,79091900,790045138,ROCKWELL,ROBERT,H,CO,M,R,4.0,voting,19450425,1886-02-11,1886,1945,59,0.0,1,0,6,0,0,2,0,0,0,0,0,0,1,0,0,0,0,0.1,0.0,0.6,0.0,0.0,0.2,0.0,0.0,0.0,0.0,0.0,0.0,0.1,0.0,0.0,0.0,0.0,10
52497,79094751,790083471,BARKLEY,ALBEN,S,KY,M,D,,voting,19450716,1877-11-24,1877,1945,68,0.0,2,5,2,0,0,1,0,0,0,0,0,0,0,0,0,0,0,0.2,0.5,0.2,0.0,0.0,0.1,0.0,0.0,0.0,0.0,0.0,0.0,0.0,0.0,0.0,0.0,0.0,10
177730,79088111,790086791,MURDOCK,ORRICE,S,UT,M,D,,voting,19450720,1893-07-18,1893,1945,52,0.0,1,0,1,2,0,3,2,1,0,0,0,0,0,0,0,0,0,0.1,0.0,0.1,0.2,0.0,0.3,0.2,0.1,0.0,0.0,0.0,0.0,0.0,0.0,0.0,0.0,0.0,10
116005,79099040,790182312,COOLEY,HAROLD,H,NC,M,D,4.0,voting,19460409,1897-07-26,1897,1946,49,0.0,2,5,2,0,0,0,0,0,0,0,0,1,0,0,0,0,0,0.2,0.5,0.2,0.0,0.0,0.0,0.0,0.0,0.0,0.0,0.0,0.1,0.0,0.0,0.0,0.0,0.0,10
204655,79095710,790196918,HOLMES,OTIS,H,WA,M,R,4.0,voting,19460508,1902-02-22,1902,1946,44,0.0,1,6,2,0,1,0,0,0,0,0,0,0,0,0,0,0,0,0.1,0.6,0.2,0.0,0.1,0.0,0.0,0.0,0.0,0.0,0.0,0.0,0.0,0.0,0.0,0.0,0.0,10
128867,79094321,790200670,LANGER,WILLIAM,S,ND,M,R,,voting,19460514,1886-09-30,1886,1946,60,0.0,1,0,0,0,9,0,0,0,0,0,0,0,0,0,0,0,0,0.1,0.0,0.0,0.0,0.9,0.0,0.0,0.0,0.0,0.0,0.0,0.0,0.0,0.0,0.0,0.0,0.0,10
168067,79098090,790260577,DOYLE,CLYDE,H,CA,M,D,18.0,voting,19460726,1887-07-11,1887,1946,59,0.0,0,2,0,0,0,7,0,0,1,0,0,0,0,0,0,0,0,0.0,0.2,0.0,0.0,0.0,0.7,0.0,0.0,0.1,0.0,0.0,0.0,0.0,0.0,0.0,0.0,0.0,10
7406,80092331,800011244,FERGUSON,HOMER,S,MI,M,R,,voting,19470224,1889-02-25,1889,1947,58,0.0,5,2,2,0,1,0,0,0,0,0,0,0,0,0,0,0,0,0.5,0.2,0.2,0.0,0.1,0.0,0.0,0.0,0.0,0.0,0.0,0.0,0.0,0.0,0.0,0.0,0.0,10
137979,80100300,800026974,WILLIAMS,JOHN,H,MS,M,D,7.0,voting,19470327,1918-12-04,1918,1947,29,0.0,2,1,0,1,0,1,0,1,0,3,0,0,0,1,0,0,0,0.2,0.1,0.0,0.1,0.0,0.1,0.0,0.1,0.0,0.3,0.0,0.0,0.0,0.1,0.0,0.0,0.0,10
24890,80095710,800039581,HOLMES,OTIS,H,WA,M,R,4.0,voting,19470424,1902-02-22,1902,1947,45,0.0,3,4,4,0,1,4,2,2,0,0,0,0,0,0,0,0,0,0.15,0.2,0.2,0.0,0.05,0.2,0.1,0.1,0.0,0.0,0.0,0.0,0.0,0.0,0.0,0.0,0.0,20
25098,80099921,800040765,ELLENDER,ALLEN,S,LA,M,D,,voting,19470428,1890-09-24,1890,1947,57,0.0,2,1,4,0,1,1,1,0,0,0,0,0,0,0,0,0,0,0.2,0.1,0.4,0.0,0.1,0.1,0.1,0.0,0.0,0.0,0.0,0.0,0.0,0.0,0.0,0.0,0.0,10
83668,80098160,800136490,GAVIN,LEON,H,PA,M,R,19.0,voting,19480209,1893-02-25,1893,1948,55,0.0,2,3,1,0,0,10,0,3,0,1,0,0,0,0,0,0,0,0.1,0.15,0.05,0.0,0.0,0.5,0.0,0.15,0.0,0.05,0.0,0.0,0.0,0.0,0.0,0.0,0.0,20
95110,80093481,800153973,MCCARRAN,PATRICK,S,NV,M,D,,voting,19480319,1876-08-08,1876,1948,72,0.0,0,7,2,0,0,0,0,1,0,0,0,0,0,0,0,0,0,0.0,0.7,0.2,0.0,0.0,0.0,0.0,0.1,0.0,0.0,0.0,0.0,0.0,0.0,0.0,0.0,0.0,10
100263,80094751,800162633,BARKLEY,ALBEN,S,KY,M,D,,voting,19480407,1877-11-24,1877,1948,71,5.1778350389013554e-11,0,0,0,5,2,1,0,0,1,0,1,0,0,0,0,0,0,0.0,0.0,0.0,0.5,0.2,0.1,0.0,0.0,0.1,0.0,0.1,0.0,0.0,0.0,0.0,0.0,0.0,10
26407,81104251,810041535,HUMPHREY,HUBERT,S,MN,M,D,,voting,19490407,1911-05-27,1911,1949,38,0.0,2,0,5,0,0,1,1,0,0,0,0,1,0,0,0,0,0,0.2,0.0,0.5,0.0,0.0,0.1,0.1,0.0,0.0,0.0,0.0,0.1,0.0,0.0,0.0,0.0,0.0,10
26895,81093740,810042247,STEFAN,KARL,H,NE,M,R,3.0,voting,19490407,1884-03-01,1884,1949,65,0.0,0,0,0,0,1,0,0,9,0,0,0,0,0,0,0,0,0,0.0,0.0,0.0,0.0,0.1,0.0,0.0,0.9,0.0,0.0,0.0,0.0,0.0,0.0,0.0,0.0,0.0,10
27609,81090721,810043762,TYDINGS,MILLARD,S,MD,M,D,,voting,19490411,1890-04-06,1890,1949,59,0.0,1,1,8,0,0,0,0,0,0,0,0,0,0,0,0,0,0,0.1,0.1,0.8,0.0,0.0,0.0,0.0,0.0,0.0,0.0,0.0,0.0,0.0,0.0,0.0,0.0,0.0,10
100434,81100361,810160140,AIKEN,GEORGE,S,VT,M,R,,voting,19500106,1892-08-20,1892,1950,58,0.0,2,6,2,0,0,0,0,0,0,0,0,0,0,0,0,0,0,0.2,0.6,0.2,0.0,0.0,0.0,0.0,0.0,0.0,0.0,0.0,0.0,0.0,0.0,0.0,0.0,0.0,10
115156,81104251,810184000,HUMPHREY,HUBERT,S,MN,M,D,,voting,19500228,1911-05-27,1911,1950,39,0.0,0,0,0,10,0,0,0,0,0,0,0,0,0,0,0,0,0,0.0,0.0,0.0,1.0,0.0,0.0,0.0,0.0,0.0,0.0,0.0,0.0,0.0,0.0,0.0,0.0,0.0,10
130429,81094280,810209020,JONAS,EDGAR,H,IL,M,R,12.0,voting,19500331,1885-10-14,1885,1950,65,0.0,1,0,1,0,0,8,0,0,0,0,0,0,0,0,0,0,0,0.1,0.0,0.1,0.0,0.0,0.8,0.0,0.0,0.0,0.0,0.0,0.0,0.0,0.0,0.0,0.0,0.0,10
146819,81090841,810234806,CAIN,HARRY,S,WA,M,R,,voting,19500510,1906-01-10,1906,1950,44,0.0,2,0,0,0,0,1,0,0,0,0,0,0,0,0,7,0,0,0.2,0.0,0.0,0.0,0.0,0.1,0.0,0.0,0.0,0.0,0.0,0.0,0.0,0.0,0.7,0.0,0.0,10
157058,81090841,810252022,CAIN,HARRY,S,WA,M,R,,voting,19500607,1906-01-10,1906,1950,44,0.0,1,0,0,0,8,1,0,0,0,0,0,0,0,0,0,0,0,0.1,0.0,0.0,0.0,0.8,0.1,0.0,0.0,0.0,0.0,0.0,0.0,0.0,0.0,0.0,0.0,0.0,10
157982,81090841,810253656,CAIN,HARRY,S,WA,M,R,,voting,19500609,1906-01-10,1906,1950,44,1.0457051733598646e-17,0,0,0,0,0,0,0,1,0,0,0,0,9,0,0,0,0,0.0,0.0,0.0,0.0,0.0,0.0,0.0,0.1,0.0,0.0,0.0,0.0,0.9,0.0,0.0,0.0,0.0,10
171447,81090721,810275500,TYDINGS,MILLARD,S,MD,M,D,,voting,19500720,1890-04-06,1890,1950,60,0.0,0,0,0,0,0,0,0,0,0,0,0,10,0,0,0,0,0,0.0,0.0,0.0,0.0,0.0,0.0,0.0,0.0,0.0,0.0,0.0,1.0,0.0,0.0,0.0,0.0,0.0,10
198538,81093481,810322129,MCCARRAN,PATRICK,S,NV,M,D,,voting,19500905,1876-08-08,1876,1950,74,0.0,1,0,7,0,0,0,1,1,0,0,0,0,0,0,0,0,0,0.1,0.0,0.7,0.0,0.0,0.0,0.1,0.1,0.0,0.0,0.0,0.0,0.0,0.0,0.0,0.0,0.0,10
200903,81097321,810325568,KEFAUVER,CAREY,S,TN,M,D,,voting,19500912,1903-07-26,1903,1950,47,0.0,3,1,3,0,0,0,0,1,0,0,2,0,0,0,0,0,0,0.3,0.1,0.3,0.0,0.0,0.0,0.0,0.1,0.0,0.0,0.2,0.0,0.0,0.0,0.0,0.0,0.0,10
215607,81097321,810348983,KEFAUVER,CAREY,S,TN,M,D,,voting,19501221,1903-07-26,1903,1950,47,0.0,1,9,0,0,0,0,0,0,0,0,0,0,0,0,0,0,0,0.1,0.9,0.0,0.0,0.0,0.0,0.0,0.0,0.0,0.0,0.0,0.0,0.0,0.0,0.0,0.0,0.0,10
2550,82093481,820003466,MCCARRAN,PATRICK,S,NV,M,D,,voting,19510122,1876-08-08,1876,1951,75,0.0,0,0,9,0,1,0,0,0,0,0,0,0,0,0,0,0,0,0.0,0.0,0.9,0.0,0.1,0.0,0.0,0.0,0.0,0.0,0.0,0.0,0.0,0.0,0.0,0.0,0.0,10
111579,82101990,820158675,BRAY,WILLIAM,H,IN,M,R,7.0,voting,19511020,1903-06-17,1903,1951,48,0.0,4,1,3,0,0,2,0,0,0,0,0,0,0,0,0,0,0,0.4,0.1,0.3,0.0,0.0,0.2,0.0,0.0,0.0,0.0,0.0,0.0,0.0,0.0,0.0,0.0,0.0,10
23259,83104251,830036889,HUMPHREY,HUBERT,S,MN,M,D,,voting,19530427,1911-05-27,1911,1953,42,0.0,3,3,1,1,0,1,0,0,1,0,0,0,0,0,0,0,0,0.3,0.3,0.1,0.1,0.0,0.1,0.0,0.0,0.1,0.0,0.0,0.0,0.0,0.0,0.0,0.0,0.0,10
61314,83098160,830094546,GAVIN,LEON,H,PA,M,R,23.0,voting,19530722,1893-02-25,1893,1953,60,0.0,1,2,1,0,0,6,0,0,0,0,0,0,0,0,0,0,0,0.1,0.2,0.1,0.0,0.0,0.6,0.0,0.0,0.0,0.0,0.0,0.0,0.0,0.0,0.0,0.0,0.0,10
112340,83097161,830178656,DOUGLAS,PAUL,S,IL,M,D,,voting,19540520,1892-03-26,1892,1954,62,0.0,2,1,6,0,0,0,0,0,0,0,1,0,0,0,0,0,0,0.2,0.1,0.6,0.0,0.0,0.0,0.0,0.0,0.0,0.0,0.1,0.0,0.0,0.0,0.0,0.0,0.0,10
125528,83102180,830200952,DONOHUE,HAROLD,H,MA,M,D,4.0,voting,19540630,1901-06-18,1901,1954,53,0.0,3,0,0,0,0,7,0,0,0,0,0,0,0,0,0,0,0,0.3,0.0,0.0,0.0,0.0,0.7,0.0,0.0,0.0,0.0,0.0,0.0,0.0,0.0,0.0,0.0,0.0,10
80163,84100161,840145242,MUNDT,KARL,S,SD,M,R,,voting,19560321,1900-06-03,1900,1956,56,0.0,0,0,0,0,1,9,0,0,0,0,0,0,0,0,0,0,0,0.0,0.0,0.0,0.0,0.1,0.9,0.0,0.0,0.0,0.0,0.0,0.0,0.0,0.0,0.0,0.0,0.0,10
87024,84094751,840157277,BARKLEY,ALBEN,S,KY,M,D,,voting,19560424,1877-11-24,1877,1956,79,1.5665480580353488e-06,2,3,5,0,0,0,0,0,0,0,0,0,0,0,0,0,0,0.2,0.3,0.5,0.0,0.0,0.0,0.0,0.0,0.0,0.0,0.0,0.0,0.0,0.0,0.0,0.0,0.0,10
90729,84103650,840163152,PATMAN,JOHN,H,TX,M,D,1.0,voting,19560503,1893-08-06,1893,1956,63,0.0,2,1,0,0,0,0,0,1,0,1,0,0,5,0,0,0,0,0.2,0.1,0.0,0.0,0.0,0.0,0.0,0.1,0.0,0.1,0.0,0.0,0.5,0.0,0.0,0.0,0.0,10
103134,84104251,840187242,HUMPHREY,HUBERT,S,MN,M,D,,voting,19560613,1911-05-27,1911,1956,45,0.0,7,1,1,0,1,0,0,0,0,0,0,0,0,0,0,0,0,0.7,0.1,0.1,0.0,0.1,0.0,0.0,0.0,0.0,0.0,0.0,0.0,0.0,0.0,0.0,0.0,0.0,10
12222,85095930,850023194,NEAL,WILLIAM,H,WV,M,R,4.0,voting,19570313,1875-10-14,1875,1957,82,0.0,0,8,1,0,0,0,0,0,0,1,0,0,0,0,0,0,0,0.0,0.8,0.1,0.0,0.0,0.0,0.0,0.0,0.0,0.1,0.0,0.0,0.0,0.0,0.0,0.0,0.0,10
18615,85098160,850033932,GAVIN,LEON,H,PA,M,R,23.0,voting,19570328,1893-02-25,1893,1957,64,0.0,0,0,0,0,0,0,0,0,0,0,0,10,0,0,0,0,0,0.0,0.0,0.0,0.0,0.0,0.0,0.0,0.0,0.0,0.0,0.0,1.0,0.0,0.0,0.0,0.0,0.0,10
82360,85102601,850145406,MCCLELLAN,JOHN,S,AR,M,D,,voting,19580116,1896-02-25,1896,1958,62,0.0,0,0,10,0,0,0,0,0,0,0,0,0,0,0,0,0,0,0.0,0.0,1.0,0.0,0.0,0.0,0.0,0.0,0.0,0.0,0.0,0.0,0.0,0.0,0.0,0.0,0.0,10
85695,85104590,850151080,SISK,BERNICE,H,CA,M,D,12.0,voting,19580130,1910-12-14,1910,1958,48,0.0,1,0,0,0,9,0,0,0,0,0,0,0,0,0,0,0,0,0.1,0.0,0.0,0.0,0.9,0.0,0.0,0.0,0.0,0.0,0.0,0.0,0.0,0.0,0.0,0.0,0.0,10
18553,86100161,860037063,MUNDT,KARL,S,SD,M,R,,voting,19590421,1900-06-03,1900,1959,59,0.0,0,1,6,0,0,2,1,0,0,0,0,0,0,0,0,0,0,0.0,0.1,0.6,0.0,0.0,0.2,0.1,0.0,0.0,0.0,0.0,0.0,0.0,0.0,0.0,0.0,0.0,10
50811,86096920,860091592,WOLF,LEONARD,H,IA,M,D,2.0,voting,19590709,1925-10-29,1925,1959,34,0.0,1,1,0,0,0,8,0,0,0,0,0,0,0,0,0,0,0,0.1,0.1,0.0,0.0,0.0,0.8,0.0,0.0,0.0,0.0,0.0,0.0,0.0,0.0,0.0,0.0,0.0,10
209551,86097290,860128664,JOHNSON,THOMAS,H,MD,M,D,1.0,voting,19590901,1909-06-26,1909,1959,50,0.0,3,6,0,0,0,1,0,0,0,0,0,0,0,0,0,0,0,0.3,0.6,0.0,0.0,0.0,0.1,0.0,0.0,0.0,0.0,0.0,0.0,0.0,0.0,0.0,0.0,0.0,10
89377,86098421,860159554,LAUSCHE,FRANK,S,OH,M,D,,voting,19600203,1895-11-14,1895,1960,65,0.0,0,1,0,0,0,0,0,9,0,0,0,0,0,0,0,0,0,0.0,0.1,0.0,0.0,0.0,0.0,0.0,0.9,0.0,0.0,0.0,0.0,0.0,0.0,0.0,0.0,0.0,10
117369,86099921,860205967,ELLENDER,ALLEN,S,LA,M,D,,voting,19600405,1890-09-24,1890,1960,70,0.0,3,3,2,0,0,1,1,0,0,0,0,0,0,0,0,0,0,0.3,0.3,0.2,0.0,0.0,0.1,0.1,0.0,0.0,0.0,0.0,0.0,0.0,0.0,0.0,0.0,0.0,10
131283,86102601,860229946,MCCLELLAN,JOHN,S,AR,M,D,,voting,19600523,1896-02-25,1896,1960,64,0.0,0,0,10,0,0,0,0,0,0,0,0,0,0,0,0,0,0,0.0,0.0,1.0,0.0,0.0,0.0,0.0,0.0,0.0,0.0,0.0,0.0,0.0,0.0,0.0,0.0,0.0,10
195175,86098051,860256919,CLARK,JOSEPH,S,PA,M,D,,voting,19600624,1901-10-21,1901,1960,59,0.0,1,2,1,0,2,0,1,3,0,0,0,0,0,0,0,0,0,0.1,0.2,0.1,0.0,0.2,0.0,0.1,0.3,0.0,0.0,0.0,0.0,0.0,0.0,0.0,0.0,0.0,10
92194,87099210,870156202,HARRIS,OREN,H,AR,M,D,4.0,voting,19620206,1903-12-20,1903,1962,59,0.0,5,2,2,0,0,1,0,0,0,0,0,0,0,0,0,0,0,0.5,0.2,0.2,0.0,0.0,0.1,0.0,0.0,0.0,0.0,0.0,0.0,0.0,0.0,0.0,0.0,0.0,10
96106,87100361,870163839,AIKEN,GEORGE,S,VT,M,R,,voting,19620305,1892-08-20,1892,1962,70,0.0,1,6,0,1,0,0,0,1,0,0,0,0,0,1,0,0,0,0.1,0.6,0.0,0.1,0.0,0.0,0.0,0.1,0.0,0.0,0.0,0.0,0.0,0.1,0.0,0.0,0.0,10
128139,87100700,870217225,LIPSCOMB,GLENARD,H,CA,M,R,24.0,voting,19620625,1915-08-19,1915,1962,47,0.0,3,0,6,0,0,1,0,0,0,0,0,0,0,0,0,0,0,0.3,0.0,0.6,0.0,0.0,0.1,0.0,0.0,0.0,0.0,0.0,0.0,0.0,0.0,0.0,0.0,0.0,10
156232,87104251,870262079,HUMPHREY,HUBERT,S,MN,M,D,,voting,19620823,1911-05-27,1911,1962,51,0.0,0,0,3,0,0,5,1,1,0,0,0,0,0,0,0,0,0,0.0,0.0,0.3,0.0,0.0,0.5,0.1,0.1,0.0,0.0,0.0,0.0,0.0,0.0,0.0,0.0,0.0,10
162041,87101300,870270090,DOWDY,JOHN,H,TX,M,D,7.0,voting,19620830,1912-02-11,1912,1962,50,0.0,0,0,0,0,6,0,2,1,1,0,0,0,0,0,0,0,0,0.0,0.0,0.0,0.0,0.6,0.0,0.2,0.1,0.1,0.0,0.0,0.0,0.0,0.0,0.0,0.0,0.0,10
2661,88099091,880004897,DODD,THOMAS,S,CT,M,D,,voting,19630128,1907-05-15,1907,1963,56,0.0,2,1,0,0,0,0,0,7,0,0,0,0,0,0,0,0,0,0.2,0.1,0.0,0.0,0.0,0.0,0.0,0.7,0.0,0.0,0.0,0.0,0.0,0.0,0.0,0.0,0.0,10
6729,88100990,880013456,WATSON,ALBERT,H,SC,M,D,2.0,voting,19630227,1922-08-30,1922,1963,41,0.0,3,3,1,0,0,1,0,0,0,0,2,0,0,0,0,0,0,0.3,0.3,0.1,0.0,0.0,0.1,0.0,0.0,0.0,0.0,0.2,0.0,0.0,0.0,0.0,0.0,0.0,10
8705,88101300,880016940,DOWDY,JOHN,H,TX,M,D,7.0,voting,19630311,1912-02-11,1912,1963,51,0.0,0,0,0,0,6,0,2,1,1,0,0,0,0,0,0,0,0,0.0,0.0,0.0,0.0,0.6,0.0,0.2,0.1,0.1,0.0,0.0,0.0,0.0,0.0,0.0,0.0,0.0,10
29953,88106051,880052666,GOLDWATER,BARRY,S,AZ,M,R,,voting,19630610,1909-01-01,1909,1963,54,0.0,0,1,0,0,8,0,0,1,0,0,0,0,0,0,0,0,0,0.0,0.1,0.0,0.0,0.8,0.0,0.0,0.1,0.0,0.0,0.0,0.0,0.0,0.0,0.0,0.0,0.0,10
76248,88099091,880131587,DODD,THOMAS,S,CT,M,D,,voting,19631210,1907-05-15,1907,1963,56,0.0,1,3,6,0,0,0,0,0,0,0,0,0,0,0,0,0,0,0.1,0.3,0.6,0.0,0.0,0.0,0.0,0.0,0.0,0.0,0.0,0.0,0.0,0.0,0.0,0.0,0.0,10
98840,88104251,880169302,HUMPHREY,HUBERT,S,MN,M,D,,voting,19640226,1911-05-27,1911,1964,53,0.0,1,0,9,0,0,0,0,0,0,0,0,0,0,0,0,0,0,0.1,0.0,0.9,0.0,0.0,0.0,0.0,0.0,0.0,0.0,0.0,0.0,0.0,0.0,0.0,0.0,0.0,10
124013,88099921,880206131,ELLENDER,ALLEN,S,LA,M,D,,voting,19640422,1890-09-24,1890,1964,74,0.0,3,2,2,0,0,2,1,0,0,0,0,0,0,0,0,0,0,0.3,0.2,0.2,0.0,0.0,0.2,0.1,0.0,0.0,0.0,0.0,0.0,0.0,0.0,0.0,0.0,0.0,10
139706,88104251,880230218,HUMPHREY,HUBERT,S,MN,M,D,,voting,19640603,1911-05-27,1911,1964,53,0.0,0,0,8,0,0,1,1,0,0,0,0,0,0,0,0,0,0,0.0,0.0,0.8,0.0,0.0,0.1,0.1,0.0,0.0,0.0,0.0,0.0,0.0,0.0,0.0,0.0,0.0,10
170759,88102680,880281821,NELSEN,ANCHER,H,MN,M,R,2.0,voting,19640820,1904-10-11,1904,1964,60,0.0,4,2,1,0,0,2,0,0,0,0,0,1,0,0,0,0,0,0.4,0.2,0.1,0.0,0.0,0.2,0.0,0.0,0.0,0.0,0.0,0.1,0.0,0.0,0.0,0.0,0.0,10
11078,89099350,890020392,MACKAY,JAMES,H,GA,M,D,4.0,voting,19650309,1919-06-25,1919,1965,46,0.0,1,2,1,1,2,2,1,0,0,0,0,0,0,0,0,0,0,0.1,0.2,0.1,0.1,0.2,0.2,0.1,0.0,0.0,0.0,0.0,0.0,0.0,0.0,0.0,0.0,0.0,10
40373,89102611,890074630,MCINTYRE,THOMAS,S,NH,M,D,,voting,19650622,1915-02-20,1915,1965,50,0.0,1,0,1,0,0,0,0,1,6,0,1,0,0,0,0,0,0,0.1,0.0,0.1,0.0,0.0,0.0,0.0,0.1,0.6,0.0,0.1,0.0,0.0,0.0,0.0,0.0,0.0,10
102158,89100570,890185373,FARBSTEIN,LEONARD,H,NY,M,D,19.0,voting,19660307,1902-10-12,1902,1966,64,0.0,0,0,0,0,0,0,0,0,0,0,0,0,10,0,0,0,0,0.0,0.0,0.0,0.0,0.0,0.0,0.0,0.0,0.0,0.0,0.0,0.0,1.0,0.0,0.0,0.0,0.0,10
124671,89103541,890226905,MAGNUSON,WARREN,S,WA,M,D,,voting,19660620,1905-04-12,1905,1966,61,0.0,0,0,0,0,10,0,0,0,0,0,0,0,0,0,0,0,0,0.0,0.0,0.0,0.0,1.0,0.0,0.0,0.0,0.0,0.0,0.0,0.0,0.0,0.0,0.0,0.0,0.0,10
10790,90112531,900019872,HOLLINGS,ERNEST,S,SC,M,D,,voting,19670301,1922-01-01,1922,1967,45,0.0,0,0,0,0,10,0,0,0,0,0,0,0,0,0,0,0,0,0.0,0.0,0.0,0.0,1.0,0.0,0.0,0.0,0.0,0.0,0.0,0.0,0.0,0.0,0.0,0.0,0.0,10
13561,90106010,900024396,FINDLEY,PAUL,H,IL,M,R,20.0,voting,19670308,1921-06-23,1921,1967,46,0.0,6,0,1,1,1,1,0,0,0,0,0,0,0,0,0,0,0,0.6,0.0,0.1,0.1,0.1,0.1,0.0,0.0,0.0,0.0,0.0,0.0,0.0,0.0,0.0,0.0,0.0,10
19578,90099091,900034231,DODD,THOMAS,S,CT,M,D,,voting,19670404,1907-05-15,1907,1967,60,0.0,0,0,0,0,0,0,0,0,2,8,0,0,0,0,0,0,0,0.0,0.0,0.0,0.0,0.0,0.0,0.0,0.0,0.2,0.8,0.0,0.0,0.0,0.0,0.0,0.0,0.0,10
80027,90101611,900137572,MCGEE,GALE,S,WY,M,D,,voting,19671005,1915-03-17,1915,1967,52,0.0,0,0,0,0,2,2,0,0,0,0,6,0,0,0,0,0,0,0.0,0.0,0.0,0.0,0.2,0.2,0.0,0.0,0.0,0.0,0.6,0.0,0.0,0.0,0.0,0.0,0.0,10
99438,90102010,900169495,BROTZMAN,DONALD,H,CO,M,R,2.0,voting,19671122,1922-06-28,1922,1967,45,0.0,1,0,4,0,0,2,2,1,0,0,0,0,0,0,0,0,0,0.1,0.0,0.4,0.0,0.0,0.2,0.2,0.1,0.0,0.0,0.0,0.0,0.0,0.0,0.0,0.0,0.0,10
118293,90100161,900204020,MUNDT,KARL,S,SD,M,R,,voting,19680301,1900-06-03,1900,1968,68,0.0,1,0,5,0,0,2,2,0,0,0,0,0,0,0,0,0,0,0.1,0.0,0.5,0.0,0.0,0.2,0.2,0.0,0.0,0.0,0.0,0.0,0.0,0.0,0.0,0.0,0.0,10
135129,90102601,900235733,MCCLELLAN,JOHN,S,AR,M,D,,voting,19680501,1896-02-25,1896,1968,72,0.0,1,1,4,1,1,0,0,1,0,0,1,0,0,0,0,0,0,0.1,0.1,0.4,0.1,0.1,0.0,0.0,0.1,0.0,0.0,0.1,0.0,0.0,0.0,0.0,0.0,0.0,10
148840,90101711,900260349,PASTORE,JOHN,S,RI,M,D,,voting,19680611,1907-03-17,1907,1968,61,0.0,1,1,0,0,0,6,2,0,0,0,0,0,0,0,0,0,0,0.1,0.1,0.0,0.0,0.0,0.6,0.2,0.0,0.0,0.0,0.0,0.0,0.0,0.0,0.0,0.0,0.0,10
149548,90099751,900261502,TYDINGS,JOSEPH,S,MD,M,D,,voting,19680612,1928-05-04,1928,1968,40,0.0,1,6,1,0,0,1,0,1,0,0,0,0,0,0,0,0,0,0.1,0.6,0.1,0.0,0.0,0.1,0.0,0.1,0.0,0.0,0.0,0.0,0.0,0.0,0.0,0.0,0.0,10
163843,90112250,900285796,YATES,SIDNEY,H,IL,M,D,9.0,voting,19680717,1909-08-27,1909,1968,59,0.0,1,3,2,0,0,3,0,1,0,0,0,0,0,0,0,0,0,0.1,0.3,0.2,0.0,0.0,0.3,0.0,0.1,0.0,0.0,0.0,0.0,0.0,0.0,0.0,0.0,0.0,10
165494,90105050,900288530,HARSHA,WILLIAM,H,OH,M,R,6.0,voting,19680719,1921-01-01,1921,1968,47,0.0,0,0,0,0,10,0,0,0,0,0,0,0,0,0,0,0,0,0.0,0.0,0.0,0.0,1.0,0.0,0.0,0.0,0.0,0.0,0.0,0.0,0.0,0.0,0.0,0.0,0.0,10
170174,90099091,900296581,DODD,THOMAS,S,CT,M,D,,voting,19680726,1907-05-15,1907,1968,61,0.0,3,6,0,0,0,1,0,0,0,0,0,0,0,0,0,0,0,0.3,0.6,0.0,0.0,0.0,0.1,0.0,0.0,0.0,0.0,0.0,0.0,0.0,0.0,0.0,0.0,0.0,10
170667,90110610,900297500,MICHEL,ROBERT,H,IL,M,R,18.0,voting,19680726,1923-03-02,1923,1968,45,0.0,4,1,0,0,0,3,1,0,0,0,1,0,0,0,0,0,0,0.4,0.1,0.0,0.0,0.0,0.3,0.1,0.0,0.0,0.0,0.1,0.0,0.0,0.0,0.0,0.0,0.0,10
171195,90105530,900298221,WOLFF,LESTER,H,NY,M,D,3.0,voting,19680726,1919-01-04,1919,1968,49,0.0,1,2,1,0,1,0,1,3,0,0,1,0,0,0,0,0,0,0.1,0.2,0.1,0.0,0.1,0.0,0.1,0.3,0.0,0.0,0.1,0.0,0.0,0.0,0.0,0.0,0.0,10
23478,91101611,910044860,MCGEE,GALE,S,WY,M,D,,voting,19690620,1915-03-17,1915,1969,54,0.0,2,5,0,1,1,1,0,0,0,0,0,0,0,0,0,0,0,0.2,0.5,0.0,0.1,0.1,0.1,0.0,0.0,0.0,0.0,0.0,0.0,0.0,0.0,0.0,0.0,0.0,10
39876,91102601,910072250,MCCLELLAN,JOHN,S,AR,M,D,,voting,19690811,1896-02-25,1896,1969,73,0.0,0,0,0,0,2,0,8,0,0,0,0,0,0,0,0,0,0,0.0,0.0,0.0,0.0,0.2,0.0,0.8,0.0,0.0,0.0,0.0,0.0,0.0,0.0,0.0,0.0,0.0,10
39884,91102601,910072258,MCCLELLAN,JOHN,S,AR,M,D,,voting,19690811,1896-02-25,1896,1969,73,0.0,0,5,2,0,1,0,0,1,0,0,0,0,0,0,1,0,0,0.0,0.5,0.2,0.0,0.1,0.0,0.0,0.1,0.0,0.0,0.0,0.0,0.0,0.0,0.1,0.0,0.0,10
78697,91101740,910136498,POFF,RICHARD,H,VA,M,R,6.0,voting,19691211,1923-10-19,1923,1969,46,0.0,0,3,3,0,2,2,0,0,0,0,0,0,0,0,0,0,0,0.0,0.3,0.3,0.0,0.2,0.2,0.0,0.0,0.0,0.0,0.0,0.0,0.0,0.0,0.0,0.0,0.0,10
87946,91102601,910151288,MCCLELLAN,JOHN,S,AR,M,D,,voting,19700119,1896-02-25,1896,1970,74,0.0,2,2,1,0,1,3,0,1,0,0,0,0,0,0,0,0,0,0.2,0.2,0.1,0.0,0.1,0.3,0.0,0.1,0.0,0.0,0.0,0.0,0.0,0.0,0.0,0.0,0.0,10
214119,91102371,910174985,HANSEN,CLIFFORD,S,WY,M,R,,voting,19700305,1912-10-16,1912,1970,58,0.0,0,6,0,1,1,0,1,1,0,0,0,0,0,0,0,0,0,0.0,0.6,0.0,0.1,0.1,0.0,0.1,0.1,0.0,0.0,0.0,0.0,0.0,0.0,0.0,0.0,0.0,10
139153,91101611,910236481,MCGEE,GALE,S,WY,M,D,,voting,19700629,1915-03-17,1915,1970,55,0.0,2,1,0,0,1,0,0,1,1,4,0,0,0,0,0,0,0,0.2,0.1,0.0,0.0,0.1,0.0,0.0,0.1,0.1,0.4,0.0,0.0,0.0,0.0,0.0,0.0,0.0,10
150816,91102601,910256430,MCCLELLAN,JOHN,S,AR,M,D,,voting,19700731,1896-02-25,1896,1970,74,0.0,1,7,1,0,0,0,0,1,0,0,0,0,0,0,0,0,0,0.1,0.7,0.1,0.0,0.0,0.0,0.0,0.1,0.0,0.0,0.0,0.0,0.0,0.0,0.0,0.0,0.0,10
162046,91105030,910274630,HANLEY,JAMES,H,NY,M,D,34.0,voting,19700909,1920-07-19,1920,1970,50,0.0,0,3,1,0,0,4,2,0,0,0,0,0,0,0,0,0,0,0.0,0.3,0.1,0.0,0.0,0.4,0.2,0.0,0.0,0.0,0.0,0.0,0.0,0.0,0.0,0.0,0.0,10
169187,91102631,910286335,METCALF,LEE,S,MT,M,D,,voting,19700923,1911-01-28,1911,1970,59,0.0,5,1,1,0,1,0,0,0,1,1,0,0,0,0,0,0,0,0.5,0.1,0.1,0.0,0.1,0.0,0.0,0.0,0.1,0.1,0.0,0.0,0.0,0.0,0.0,0.0,0.0,10
181988,91099991,910308045,HARRIS,FRED,S,OK,M,D,,voting,19701124,1930-11-13,1930,1970,40,0.0,0,1,0,0,0,0,0,1,0,0,8,0,0,0,0,0,0,0.0,0.1,0.0,0.0,0.0,0.0,0.0,0.1,0.0,0.0,0.8,0.0,0.0,0.0,0.0,0.0,0.0,10
197727,91114941,910333098,KENNEDY,EDWARD,S,MA,M,D,,voting,19701228,1932-02-22,1932,1970,38,0.0,1,3,5,0,0,1,0,0,0,0,0,0,0,0,0,0,0,0.1,0.3,0.5,0.0,0.0,0.1,0.0,0.0,0.0,0.0,0.0,0.0,0.0,0.0,0.0,0.0,0.0,10
5994,92104700,920013031,WIGGINS,CHARLES,H,CA,M,R,25.0,voting,19710309,1927-12-03,1927,1971,44,0.0,1,0,2,0,0,2,2,1,1,0,0,1,0,0,0,0,0,0.1,0.0,0.2,0.0,0.0,0.2,0.2,0.1,0.1,0.0,0.0,0.1,0.0,0.0,0.0,0.0,0.0,10
10016,92105710,920021952,BRINKLEY,JACK,H,GA,M,D,3.0,voting,19710330,1930-12-22,1930,1971,41,0.0,0,0,10,0,0,0,0,0,0,0,0,0,0,0,0,0,0,0.0,0.0,1.0,0.0,0.0,0.0,0.0,0.0,0.0,0.0,0.0,0.0,0.0,0.0,0.0,0.0,0.0,10
17805,92102601,920036116,MCCLELLAN,JOHN,S,AR,M,D,,voting,19710510,1896-02-25,1896,1971,75,0.0,0,0,1,0,1,1,7,0,0,0,0,0,0,0,0,0,0,0.0,0.0,0.1,0.0,0.1,0.1,0.7,0.0,0.0,0.0,0.0,0.0,0.0,0.0,0.0,0.0,0.0,10
184472,92101691,920036126,MOSS,FRANK,S,UT,M,D,,voting,19710510,1911-09-23,1911,1971,60,0.0,0,0,0,0,10,0,0,0,0,0,0,0,0,0,0,0,0,0.0,0.0,0.0,0.0,1.0,0.0,0.0,0.0,0.0,0.0,0.0,0.0,0.0,0.0,0.0,0.0,0.0,10
38698,92104251,920074416,HUMPHREY,HUBERT,S,MN,M,D,,voting,19710715,1911-05-27,1911,1971,60,0.0,0,6,2,0,0,1,0,0,0,0,0,0,1,0,0,0,0,0.0,0.6,0.2,0.0,0.0,0.1,0.0,0.0,0.0,0.0,0.0,0.0,0.1,0.0,0.0,0.0,0.0,10
39984,92104950,920076977,DRINAN,ROBERT,H,MA,M,D,3.0,voting,19710720,1920-11-15,1920,1971,51,0.0,1,2,5,0,0,2,0,0,0,0,0,0,0,0,0,0,0,0.1,0.2,0.5,0.0,0.0,0.2,0.0,0.0,0.0,0.0,0.0,0.0,0.0,0.0,0.0,0.0,0.0,10
51668,92102800,920097381,SANDMAN,CHARLES,H,NJ,M,R,2.0,voting,19710909,1921-10-23,1921,1971,50,0.0,0,0,1,0,0,0,0,0,9,0,0,0,0,0,0,0,0,0.0,0.0,0.1,0.0,0.0,0.0,0.0,0.0,0.9,0.0,0.0,0.0,0.0,0.0,0.0,0.0,0.0,10
63801,92101611,920120084,MCGEE,GALE,S,WY,M,D,,voting,19711028,1915-03-17,1915,1971,56,0.0,8,0,0,1,0,1,0,0,0,0,0,0,0,0,0,0,0,0.8,0.0,0.0,0.1,0.0,0.1,0.0,0.0,0.0,0.0,0.0,0.0,0.0,0.0,0.0,0.0,0.0,10
81139,92102601,920151002,MCCLELLAN,JOHN,S,AR,M,D,,voting,19711201,1896-02-25,1896,1971,75,0.0,0,0,3,0,1,1,0,0,0,0,5,0,0,0,0,0,0,0.0,0.0,0.3,0.0,0.1,0.1,0.0,0.0,0.0,0.0,0.5,0.0,0.0,0.0,0.0,0.0,0.0,10
84681,92106510,920157027,WHITE,RICHARD,H,TX,M,D,16.0,voting,19711208,1923-04-29,1923,1971,48,0.0,1,1,0,0,0,0,1,7,0,0,0,0,0,0,0,0,0,0.1,0.1,0.0,0.0,0.0,0.0,0.1,0.7,0.0,0.0,0.0,0.0,0.0,0.0,0.0,0.0,0.0,10
105813,92106510,920196214,WHITE,RICHARD,H,TX,M,D,16.0,voting,19720321,1923-04-29,1923,1972,49,0.0,1,1,0,0,0,0,1,7,0,0,0,0,0,0,0,0,0,0.1,0.1,0.0,0.0,0.0,0.0,0.1,0.7,0.0,0.0,0.0,0.0,0.0,0.0,0.0,0.0,0.0,10
136176,92104950,920253382,DRINAN,ROBERT,H,MA,M,D,3.0,voting,19720720,1920-11-15,1920,1972,52,0.0,0,1,1,0,1,1,6,0,0,0,0,0,0,0,0,0,0,0.0,0.1,0.1,0.0,0.1,0.1,0.6,0.0,0.0,0.0,0.0,0.0,0.0,0.0,0.0,0.0,0.0,10
166631,92114941,920305820,KENNEDY,EDWARD,S,MA,M,D,,voting,19721005,1932-02-22,1932,1972,40,0.0,1,7,1,1,0,0,0,0,0,0,0,0,0,0,0,0,0,0.1,0.7,0.1,0.1,0.0,0.0,0.0,0.0,0.0,0.0,0.0,0.0,0.0,0.0,0.0,0.0,0.0,10
17612,93114941,930033139,KENNEDY,EDWARD,S,MA,M,D,,voting,19730412,1932-02-22,1932,1973,41,0.0,0,8,1,1,0,0,0,0,0,0,0,0,0,0,0,0,0,0.0,0.8,0.1,0.1,0.0,0.0,0.0,0.0,0.0,0.0,0.0,0.0,0.0,0.0,0.0,0.0,0.0,10
42638,93101611,930075332,MCGEE,GALE,S,WY,M,D,,voting,19730628,1915-03-17,1915,1973,58,0.0,0,0,0,0,0,0,10,0,0,0,0,0,0,0,0,0,0,0.0,0.0,0.0,0.0,0.0,0.0,1.0,0.0,0.0,0.0,0.0,0.0,0.0,0.0,0.0,0.0,0.0,10
88014,93105460,930152151,TREEN,DAVID,H,LA,M,R,3.0,voting,19731130,1928-07-16,1928,1973,45,0.0,2,0,6,0,0,0,0,1,0,0,1,0,0,0,0,0,0,0.2,0.0,0.6,0.0,0.0,0.0,0.0,0.1,0.0,0.0,0.1,0.0,0.0,0.0,0.0,0.0,0.0,10
130780,93109271,930222405,JOHNSTON,JOHN,S,LA,M,D,,voting,19740429,1932-06-10,1932,1974,42,0.0,1,1,4,1,0,1,1,0,0,0,1,0,0,0,0,0,0,0.1,0.1,0.4,0.1,0.0,0.1,0.1,0.0,0.0,0.0,0.1,0.0,0.0,0.0,0.0,0.0,0.0,10
149274,93114941,930253962,KENNEDY,EDWARD,S,MA,M,D,,voting,19740618,1932-02-22,1932,1974,42,0.0,0,9,1,0,0,0,0,0,0,0,0,0,0,0,0,0,0,0.0,0.9,0.1,0.0,0.0,0.0,0.0,0.0,0.0,0.0,0.0,0.0,0.0,0.0,0.0,0.0,0.0,10
198234,93114941,930333814,KENNEDY,EDWARD,S,MA,M,D,,voting,19741121,1932-02-22,1932,1974,42,0.0,1,0,0,0,0,0,0,0,0,0,9,0,0,0,0,0,0,0.1,0.0,0.0,0.0,0.0,0.0,0.0,0.0,0.0,0.0,0.9,0.0,0.0,0.0,0.0,0.0,0.0,10
34360,94114941,940059186,KENNEDY,EDWARD,S,MA,M,D,,voting,19750519,1932-02-22,1932,1975,43,0.0,0,1,0,0,0,1,8,0,0,0,0,0,0,0,0,0,0,0.0,0.1,0.0,0.0,0.0,0.1,0.8,0.0,0.0,0.0,0.0,0.0,0.0,0.0,0.0,0.0,0.0,10
165976,94101341,940277383,FANNIN,PAUL,S,AZ,M,R,,voting,19760603,1907-01-29,1907,1976,69,0.0,1,5,1,0,0,0,3,0,0,0,0,0,0,0,0,0,0,0.1,0.5,0.1,0.0,0.0,0.0,0.3,0.0,0.0,0.0,0.0,0.0,0.0,0.0,0.0,0.0,0.0,10
259674,94102371,940280221,HANSEN,CLIFFORD,S,WY,M,R,,voting,19760608,1912-10-16,1912,1976,64,0.0,0,7,1,0,0,0,2,0,0,0,0,0,0,0,0,0,0,0.0,0.7,0.1,0.0,0.0,0.0,0.2,0.0,0.0,0.0,0.0,0.0,0.0,0.0,0.0,0.0,0.0,10
181897,94102001,940304036,BROOKE,EDWARD,S,MA,M,R,,voting,19760628,1919-10-26,1919,1976,57,5.1142918652248255e-08,0,1,0,0,0,0,0,0,8,0,0,1,0,0,0,0,0,0.0,0.1,0.0,0.0,0.0,0.0,0.0,0.0,0.8,0.0,0.0,0.1,0.0,0.0,0.0,0.0,0.0,10
190567,94105670,940318166,BINGHAM,JONATHAN,H,NY,M,D,22.0,voting,19760722,1914-04-24,1914,1976,62,0.0,1,0,4,0,2,0,2,0,0,0,1,0,0,0,0,0,0,0.1,0.0,0.4,0.0,0.2,0.0,0.2,0.0,0.0,0.0,0.1,0.0,0.0,0.0,0.0,0.0,0.0,10
277731,94103760,940318425,STEIGER,SAM,H,AZ,M,R,3.0,voting,19760722,1929-03-10,1929,1976,47,0.0,0,1,4,0,0,3,0,1,0,0,1,0,0,0,0,0,0,0.0,0.1,0.4,0.0,0.0,0.3,0.0,0.1,0.0,0.0,0.1,0.0,0.0,0.0,0.0,0.0,0.0,10
191902,94103091,940320368,BAYH,BIRCH,S,IN,M,D,,voting,19760726,1928-01-22,1928,1976,48,0.0,0,0,0,0,3,0,0,11,5,0,1,0,0,0,0,0,0,0.0,0.0,0.0,0.0,0.15,0.0,0.0,0.55,0.25,0.0,0.05,0.0,0.0,0.0,0.0,0.0,0.0,20
27011,95117130,950046354,STARK,FORTNEY,H,CA,M,D,9.0,voting,19770426,1931-11-11,1931,1977,46,0.0,3,4,1,0,0,0,0,2,0,0,0,0,0,0,0,0,0,0.3,0.4,0.1,0.0,0.0,0.0,0.0,0.2,0.0,0.0,0.0,0.0,0.0,0.0,0.0,0.0,0.0,10
44786,95106921,950075804,PROXMIRE,WILLIAM,S,WI,M,D,,voting,19770607,1915-11-11,1915,1977,62,0.0,0,0,0,0,0,0,0,0,0,10,0,0,0,0,0,0,0,0.0,0.0,0.0,0.0,0.0,0.0,0.0,0.0,0.0,1.0,0.0,0.0,0.0,0.0,0.0,0.0,0.0,10
90071,95111540,950151413,SCHROEDER,PATRICIA,H,CO,F,D,1.0,voting,19770927,1940-07-30,1940,1977,37,0.0,1,1,1,0,5,0,0,1,0,0,0,0,0,1,0,0,0,0.1,0.1,0.1,0.0,0.5,0.0,0.0,0.1,0.0,0.0,0.0,0.0,0.0,0.1,0.0,0.0,0.0,10
112720,95101951,950190032,BARTLETT,DEWEY,S,OK,M,R,,voting,19771103,1919-03-28,1919,1977,58,0.0,3,0,0,1,0,6,0,0,0,0,0,0,0,0,0,0,0,0.3,0.0,0.0,0.1,0.0,0.6,0.0,0.0,0.0,0.0,0.0,0.0,0.0,0.0,0.0,0.0,0.0,10
233296,96114621,960274661,BYRD,ROBERT,S,WV,M,D,,voting,19800702,1917-11-20,1917,1980,63,0.0,0,0,0,0,10,0,0,0,0,0,0,0,0,0,0,0,0,0.0,0.0,0.0,0.0,1.0,0.0,0.0,0.0,0.0,0.0,0.0,0.0,0.0,0.0,0.0,0.0,0.0,10
29840,97109440,970048656,MCEWEN,BOB,H,OH,M,R,6.0,voting,19810625,1950-01-12,1950,1981,31,0.0,0,0,0,0,10,0,0,0,0,0,0,0,0,0,0,0,0,0.0,0.0,0.0,0.0,1.0,0.0,0.0,0.0,0.0,0.0,0.0,0.0,0.0,0.0,0.0,0.0,0.0,10
184292,97113570,970070816,CRANE,PHILIP,H,IL,M,R,12.0,voting,19810730,1930-11-03,1930,1981,51,0.0,0,0,1,0,2,1,5,0,0,0,1,0,0,0,0,0,0,0.0,0.0,0.1,0.0,0.2,0.1,0.5,0.0,0.0,0.0,0.1,0.0,0.0,0.0,0.0,0.0,0.0,10
141472,97106020,970221842,FITHIAN,FLOYD,H,IN,M,D,2.0,voting,19820811,1928-11-03,1928,1982,54,0.0,3,1,3,1,0,1,1,0,0,0,0,0,0,0,0,0,0,0.3,0.1,0.3,0.1,0.0,0.1,0.1,0.0,0.0,0.0,0.0,0.0,0.0,0.0,0.0,0.0,0.0,10
195363,98107660,980098289,BURTON,SALA,H,CA,F,D,5.0,voting,19830921,1925-04-01,1925,1983,58,0.0,0,0,0,0,4,0,5,1,0,0,0,0,0,0,0,0,0,0.0,0.0,0.0,0.0,0.4,0.0,0.5,0.1,0.0,0.0,0.0,0.0,0.0,0.0,0.0,0.0,0.0,10
200470,98106720,980161978,HANSEN,GEORGE,H,ID,M,R,2.0,voting,19840305,1930-09-14,1930,1984,54,0.0,1,0,0,0,1,0,1,6,1,0,0,0,0,0,0,0,0,0.1,0.0,0.0,0.0,0.1,0.0,0.1,0.6,0.1,0.0,0.0,0.0,0.0,0.0,0.0,0.0,0.0,10
124487,98105871,980186714,DENTON,JEREMIAH,S,AL,M,R,,voting,19840501,1924-07-15,1924,1984,60,0.0,1,0,0,1,8,0,0,0,0,0,0,0,0,0,0,0,0,0.1,0.0,0.0,0.1,0.8,0.0,0.0,0.0,0.0,0.0,0.0,0.0,0.0,0.0,0.0,0.0,0.0,10
124725,98107480,980187112,SILJANDER,MARK,H,MI,M,R,4.0,voting,19840501,1951-06-11,1951,1984,33,0.0,4,1,0,1,1,2,0,0,0,0,1,0,0,0,0,0,0,0.4,0.1,0.0,0.1,0.1,0.2,0.0,0.0,0.0,0.0,0.1,0.0,0.0,0.0,0.0,0.0,0.0,10
53438,99111110,990080931,DORNAN,ROBERT,H,CA,M,R,38.0,voting,19850912,1933-04-03,1933,1985,52,0.0,0,0,2,1,0,0,0,0,1,0,0,0,6,0,0,0,0,0.0,0.0,0.2,0.1,0.0,0.0,0.0,0.0,0.1,0.0,0.0,0.0,0.6,0.0,0.0,0.0,0.0,10
59200,99108910,990089669,DANNEMEYER,WILLIAM,H,CA,M,R,39.0,voting,19851001,1929-09-22,1929,1985,56,0.0,0,2,1,0,0,0,0,6,1,0,0,0,0,0,0,0,0,0.0,0.2,0.1,0.0,0.0,0.0,0.0,0.6,0.1,0.0,0.0,0.0,0.0,0.0,0.0,0.0,0.0,10
129426,99107681,990194388,CRANSTON,ALAN,S,CA,M,D,,voting,19860605,1914-06-19,1914,1986,72,0.0,1,7,0,0,2,0,0,0,0,0,0,0,0,0,0,0,0,0.1,0.7,0.0,0.0,0.2,0.0,0.0,0.0,0.0,0.0,0.0,0.0,0.0,0.0,0.0,0.0,0.0,10
166810,99107311,990249806,HUMPHREY,GORDON,S,NH,M,R,,voting,19860915,1940-10-09,1940,1986,46,0.0,0,0,0,0,0,0,0,1,9,0,0,0,0,0,0,0,0,0.0,0.0,0.0,0.0,0.0,0.0,0.0,0.1,0.9,0.0,0.0,0.0,0.0,0.0,0.0,0.0,0.0,10
191204,99107311,990285093,HUMPHREY,GORDON,S,NH,M,R,,voting,19861017,1940-10-09,1940,1986,46,0.0,1,0,0,0,0,0,0,1,8,0,0,0,0,0,0,0,0,0.1,0.0,0.0,0.0,0.0,0.0,0.0,0.1,0.8,0.0,0.0,0.0,0.0,0.0,0.0,0.0,0.0,10
5246,100107311,1000008799,HUMPHREY,GORDON,S,NH,M,R,,voting,19870219,1940-10-09,1940,1987,47,0.0,0,0,0,0,9,0,0,1,0,0,0,0,0,0,0,0,0,0.0,0.0,0.0,0.0,0.9,0.0,0.0,0.1,0.0,0.0,0.0,0.0,0.0,0.0,0.0,0.0,0.0,10
183839,100116700,1000010375,BURTON,DAN,H,IN,M,R,6.0,voting,19870303,1938-06-21,1938,1987,49,0.0,0,0,0,0,1,0,0,6,11,0,0,1,0,0,1,0,0,0.0,0.0,0.0,0.0,0.05,0.0,0.0,0.3,0.55,0.0,0.0,0.05,0.0,0.0,0.05,0.0,0.0,20
6807,100108910,1000011357,DANNEMEYER,WILLIAM,H,CA,M,R,39.0,voting,19870305,1929-09-22,1929,1987,58,0.0,0,0,1,0,0,1,0,8,0,0,0,0,0,0,0,0,0,0.0,0.0,0.1,0.0,0.0,0.1,0.0,0.8,0.0,0.0,0.0,0.0,0.0,0.0,0.0,0.0,0.0,10
183850,100116700,1000011381,BURTON,DAN,H,IN,M,R,6.0,voting,19870305,1938-06-21,1938,1987,49,0.0,1,0,1,0,0,0,2,6,0,0,0,0,0,0,0,0,0,0.1,0.0,0.1,0.0,0.0,0.0,0.2,0.6,0.0,0.0,0.0,0.0,0.0,0.0,0.0,0.0,0.0,10
20168,100111110,1000031835,DORNAN,ROBERT,H,CA,M,R,38.0,voting,19870430,1933-04-03,1933,1987,54,0.0,1,0,0,0,0,0,0,9,0,0,0,0,0,0,0,0,0,0.1,0.0,0.0,0.0,0.0,0.0,0.0,0.9,0.0,0.0,0.0,0.0,0.0,0.0,0.0,0.0,0.0,10
176894,100114941,1000033800,KENNEDY,EDWARD,S,MA,M,D,,voting,19870506,1932-02-22,1932,1987,55,0.0,0,0,0,0,1,0,0,0,8,0,0,1,0,0,0,0,0,0.0,0.0,0.0,0.0,0.1,0.0,0.0,0.0,0.8,0.0,0.0,0.1,0.0,0.0,0.0,0.0,0.0,10
23578,100108910,1000036908,DANNEMEYER,WILLIAM,H,CA,M,R,39.0,voting,19870511,1929-09-22,1929,1987,58,0.0,1,0,5,0,2,0,0,12,0,0,0,0,0,0,0,0,0,0.05,0.0,0.25,0.0,0.1,0.0,0.0,0.6,0.0,0.0,0.0,0.0,0.0,0.0,0.0,0.0,0.0,20
32830,100111891,1000051017,HELMS,JESSE,S,NC,M,R,,voting,19870610,1921-10-18,1921,1987,66,0.0,0,0,0,0,9,0,1,0,0,0,0,0,0,0,0,0,0,0.0,0.0,0.0,0.0,0.9,0.0,0.1,0.0,0.0,0.0,0.0,0.0,0.0,0.0,0.0,0.0,0.0,10
37381,100111110,1000057931,DORNAN,ROBERT,H,CA,M,R,38.0,voting,19870618,1933-04-03,1933,1987,54,0.0,3,2,3,0,0,2,0,0,0,0,0,0,0,0,0,0,0,0.3,0.2,0.3,0.0,0.0,0.2,0.0,0.0,0.0,0.0,0.0,0.0,0.0,0.0,0.0,0.0,0.0,10
37811,100108181,1000058600,DANFORTH,JOHN,S,MO,M,R,,voting,19870619,1936-09-05,1936,1987,51,0.0,0,0,0,0,8,0,0,2,0,0,0,0,0,0,0,0,0,0.0,0.0,0.0,0.0,0.8,0.0,0.0,0.2,0.0,0.0,0.0,0.0,0.0,0.0,0.0,0.0,0.0,10
47893,100108910,1000074252,DANNEMEYER,WILLIAM,H,CA,M,R,39.0,voting,19870715,1929-09-22,1929,1987,58,0.0,2,0,0,0,2,0,0,5,0,0,0,0,0,1,0,0,0,0.2,0.0,0.0,0.0,0.2,0.0,0.0,0.5,0.0,0.0,0.0,0.0,0.0,0.1,0.0,0.0,0.0,10
51952,100117860,1000080416,WAXMAN,HENRY,H,CA,M,D,24.0,voting,19870728,1939-09-12,1939,1987,48,0.0,2,0,0,0,1,0,0,7,0,0,0,0,0,0,0,0,0,0.2,0.0,0.0,0.0,0.1,0.0,0.0,0.7,0.0,0.0,0.0,0.0,0.0,0.0,0.0,0.0,0.0,10
82866,100107311,1000128160,HUMPHREY,GORDON,S,NH,M,R,,voting,19871113,1940-10-09,1940,1987,47,0.0,0,0,0,0,10,0,0,0,0,0,0,0,0,0,0,0,0,0.0,0.0,0.0,0.0,1.0,0.0,0.0,0.0,0.0,0.0,0.0,0.0,0.0,0.0,0.0,0.0,0.0,10
87730,100107311,1000135614,HUMPHREY,GORDON,S,NH,M,R,,voting,19871204,1940-10-09,1940,1987,47,0.0,0,0,0,0,9,0,0,1,0,0,0,0,0,0,0,0,0,0.0,0.0,0.0,0.0,0.9,0.0,0.0,0.1,0.0,0.0,0.0,0.0,0.0,0.0,0.0,0.0,0.0,10
180056,100114941,1000147546,KENNEDY,EDWARD,S,MA,M,D,,voting,19880126,1932-02-22,1932,1988,56,0.0,1,0,2,0,0,0,6,0,0,1,0,0,0,0,0,0,0,0.1,0.0,0.2,0.0,0.0,0.0,0.6,0.0,0.0,0.1,0.0,0.0,0.0,0.0,0.0,0.0,0.0,10
181095,100114941,1000180089,KENNEDY,EDWARD,S,MA,M,D,,voting,19880428,1932-02-22,1932,1988,56,0.0,0,0,1,0,1,1,1,6,0,0,0,0,0,0,0,0,0,0.0,0.0,0.1,0.0,0.1,0.1,0.1,0.6,0.0,0.0,0.0,0.0,0.0,0.0,0.0,0.0,0.0,10
116490,100118171,1000180289,HATCH,ORRIN,S,UT,M,R,,voting,19880428,1934-03-22,1934,1988,54,0.0,5,1,0,0,0,0,0,3,1,0,0,0,0,0,0,0,0,0.5,0.1,0.0,0.0,0.0,0.0,0.0,0.3,0.1,0.0,0.0,0.0,0.0,0.0,0.0,0.0,0.0,10
143702,100107681,1000223216,CRANSTON,ALAN,S,CA,M,D,,voting,19880727,1914-06-19,1914,1988,74,0.0,1,0,0,0,1,3,0,15,0,0,0,0,0,0,0,0,0,0.05,0.0,0.0,0.0,0.05,0.15,0.0,0.75,0.0,0.0,0.0,0.0,0.0,0.0,0.0,0.0,0.0,20
143758,100107571,1000223303,SANFORD,JAMES,S,NC,M,D,,voting,19880727,1917-08-20,1917,1988,71,0.0,1,0,0,0,1,1,1,6,0,0,0,0,0,0,0,0,0,0.1,0.0,0.0,0.0,0.1,0.1,0.1,0.6,0.0,0.0,0.0,0.0,0.0,0.0,0.0,0.0,0.0,10
143932,100107031,1000223556,WEICKER,LOWELL,S,CT,M,R,,voting,19880727,1931-05-16,1931,1988,57,0.0,2,0,1,0,1,0,0,5,1,0,0,0,0,0,0,0,0,0.2,0.0,0.1,0.0,0.1,0.0,0.0,0.5,0.1,0.0,0.0,0.0,0.0,0.0,0.0,0.0,0.0,10
146738,100108910,1000227893,DANNEMEYER,WILLIAM,H,CA,M,R,39.0,voting,19880802,1929-09-22,1929,1988,59,0.0,1,1,1,0,0,0,0,7,0,0,0,0,0,0,0,0,0,0.1,0.1,0.1,0.0,0.0,0.0,0.0,0.7,0.0,0.0,0.0,0.0,0.0,0.0,0.0,0.0,0.0,10
157095,100108910,1000243999,DANNEMEYER,WILLIAM,H,CA,M,R,39.0,voting,19880916,1929-09-22,1929,1988,59,0.0,0,2,1,0,0,0,0,17,0,0,0,0,0,0,0,0,0,0.0,0.1,0.05,0.0,0.0,0.0,0.0,0.85,0.0,0.0,0.0,0.0,0.0,0.0,0.0,0.0,0.0,20
158105,100108910,1000245612,DANNEMEYER,WILLIAM,H,CA,M,R,39.0,voting,19880920,1929-09-22,1929,1988,59,0.0,0,0,0,0,0,1,0,9,0,0,0,0,0,0,0,0,0,0.0,0.0,0.0,0.0,0.0,0.1,0.0,0.9,0.0,0.0,0.0,0.0,0.0,0.0,0.0,0.0,0.0,10
537,101111891,1010001388,HELMS,JESSE,S,NC,M,R,,voting,19890125,1921-10-18,1921,1989,68,0.0,0,0,0,0,10,0,0,0,0,0,0,0,0,0,0,0,0,0.0,0.0,0.0,0.0,1.0,0.0,0.0,0.0,0.0,0.0,0.0,0.0,0.0,0.0,0.0,0.0,0.0,10
153397,101108641,1010025088,WILSON,PETE,S,CA,M,R,,voting,19890516,1933-08-23,1933,1989,56,0.0,1,4,1,0,0,3,0,1,0,0,0,0,0,0,0,0,0,0.1,0.4,0.1,0.0,0.0,0.3,0.0,0.1,0.0,0.0,0.0,0.0,0.0,0.0,0.0,0.0,0.0,10
28727,101111110,1010048989,DORNAN,ROBERT,H,CA,M,R,38.0,voting,19890720,1933-04-03,1933,1989,56,0.0,6,0,1,0,2,0,0,1,0,0,0,0,0,0,0,0,0,0.6,0.0,0.1,0.0,0.2,0.0,0.0,0.1,0.0,0.0,0.0,0.0,0.0,0.0,0.0,0.0,0.0,10
44657,101107681,1010074412,CRANSTON,ALAN,S,CA,M,D,,voting,19890921,1914-06-19,1914,1989,75,0.0,0,0,0,0,1,3,1,5,0,0,0,0,0,0,0,0,0,0.0,0.0,0.0,0.0,0.1,0.3,0.1,0.5,0.0,0.0,0.0,0.0,0.0,0.0,0.0,0.0,0.0,10
44659,101114511,1010074416,SPECTER,ARLEN,S,PA,M,R,,voting,19890921,1930-02-12,1930,1989,59,0.0,0,0,0,0,0,1,0,9,0,0,0,0,0,0,0,0,0,0.0,0.0,0.0,0.0,0.0,0.1,0.0,0.9,0.0,0.0,0.0,0.0,0.0,0.0,0.0,0.0,0.0,10
44710,101110281,1010074492,GLENN,JOHN,S,OH,M,D,,voting,19890921,1921-07-18,1921,1989,68,0.0,0,0,0,0,1,1,0,8,0,0,0,0,0,0,0,0,0,0.0,0.0,0.0,0.0,0.1,0.1,0.0,0.8,0.0,0.0,0.0,0.0,0.0,0.0,0.0,0.0,0.0,10
45253,101118171,1010075322,HATCH,ORRIN,S,UT,M,R,,voting,19890921,1934-03-22,1934,1989,55,0.0,0,0,0,0,0,1,0,9,0,0,0,0,0,0,0,0,0,0.0,0.0,0.0,0.0,0.0,0.1,0.0,0.9,0.0,0.0,0.0,0.0,0.0,0.0,0.0,0.0,0.0,10
53195,101116700,1010088083,BURTON,DAN,H,IN,M,R,6.0,voting,19891011,1938-06-21,1938,1989,51,0.0,0,0,0,0,9,0,0,1,0,0,0,0,0,0,0,0,0,0.0,0.0,0.0,0.0,0.9,0.0,0.0,0.1,0.0,0.0,0.0,0.0,0.0,0.0,0.0,0.0,0.0,10
60258,101108910,1010100058,DANNEMEYER,WILLIAM,H,CA,M,R,39.0,voting,19891103,1929-09-22,1929,1989,60,0.0,0,0,1,0,1,0,0,5,2,0,0,0,0,0,1,0,0,0.0,0.0,0.1,0.0,0.1,0.0,0.0,0.5,0.2,0.0,0.0,0.0,0.0,0.0,0.1,0.0,0.0,10
72187,101111891,1010120677,HELMS,JESSE,S,NC,M,R,,voting,19900208,1921-10-18,1921,1990,69,0.0,1,1,0,0,0,0,0,8,0,0,0,0,0,0,0,0,0,0.1,0.1,0.0,0.0,0.0,0.0,0.0,0.8,0.0,0.0,0.0,0.0,0.0,0.0,0.0,0.0,0.0,10
156786,101108641,1010122078,WILSON,PETE,S,CA,M,R,,voting,19900222,1933-08-23,1933,1990,57,0.0,0,0,0,0,0,0,0,9,1,0,0,0,0,0,0,0,0,0.0,0.0,0.0,0.0,0.0,0.0,0.0,0.9,0.1,0.0,0.0,0.0,0.0,0.0,0.0,0.0,0.0,10
90851,101118171,1010151821,HATCH,ORRIN,S,UT,M,R,,voting,19900514,1934-03-22,1934,1990,56,1.3621381650320158e-05,1,0,0,0,0,0,0,9,0,0,0,0,0,0,0,0,0,0.1,0.0,0.0,0.0,0.0,0.0,0.0,0.9,0.0,0.0,0.0,0.0,0.0,0.0,0.0,0.0,0.0,10
90878,101111891,1010151850,HELMS,JESSE,S,NC,M,R,,voting,19900514,1921-10-18,1921,1990,69,0.0,1,1,0,0,2,0,4,1,1,0,0,0,0,0,0,0,0,0.1,0.1,0.0,0.0,0.2,0.0,0.4,0.1,0.1,0.0,0.0,0.0,0.0,0.0,0.0,0.0,0.0,10
90943,101111891,1010151996,HELMS,JESSE,S,NC,M,R,,voting,19900515,1921-10-18,1921,1990,69,0.0,6,0,0,0,2,0,8,9,0,0,1,1,0,3,0,0,0,0.2,0.0,0.0,0.0,0.06666666666666667,0.0,0.26666666666666666,0.3,0.0,0.0,0.03333333333333333,0.03333333333333333,0.0,0.1,0.0,0.0,0.0,30
143358,101111110,1010235988,DORNAN,ROBERT,H,CA,M,R,38.0,voting,19901021,1933-04-03,1933,1990,57,0.0,1,5,0,0,1,0,0,1,2,0,0,0,0,0,0,0,0,0.1,0.5,0.0,0.0,0.1,0.0,0.0,0.1,0.2,0.0,0.0,0.0,0.0,0.0,0.0,0.0,0.0,10
538,102108851,1020001124,COHEN,WILLIAM,S,ME,M,R,,voting,19910110,1940-08-28,1940,1991,51,0.0,6,0,0,1,1,0,1,1,0,0,0,0,0,0,0,0,0,0.6,0.0,0.0,0.1,0.1,0.0,0.1,0.1,0.0,0.0,0.0,0.0,0.0,0.0,0.0,0.0,0.0,10
22980,102112531,1020038346,HOLLINGS,ERNEST,S,SC,M,D,,voting,19910524,1922-01-01,1922,1991,69,0.0,1,7,0,1,1,0,0,0,0,0,0,0,0,0,0,0,0,0.1,0.7,0.0,0.1,0.1,0.0,0.0,0.0,0.0,0.0,0.0,0.0,0.0,0.0,0.0,0.0,0.0,10
33140,102111110,1020054401,DORNAN,ROBERT,H,CA,M,R,38.0,voting,19910626,1933-04-03,1933,1991,58,0.0,0,0,0,0,0,0,0,0,10,0,0,0,0,0,0,0,0,0.0,0.0,0.0,0.0,0.0,0.0,0.0,0.0,1.0,0.0,0.0,0.0,0.0,0.0,0.0,0.0,0.0,10
33987,102107681,1020055907,CRANSTON,ALAN,S,CA,M,D,,voting,19910627,1914-06-19,1914,1991,77,0.0,1,5,1,1,0,2,0,0,0,0,0,0,0,0,0,0,0,0.1,0.5,0.1,0.1,0.0,0.2,0.0,0.0,0.0,0.0,0.0,0.0,0.0,0.0,0.0,0.0,0.0,10
46248,102116700,1020076973,BURTON,DAN,H,IN,M,R,6.0,voting,19910911,1938-06-21,1938,1991,53,0.0,0,0,0,0,10,0,0,0,0,0,0,0,0,0,0,0,0,0.0,0.0,0.0,0.0,1.0,0.0,0.0,0.0,0.0,0.0,0.0,0.0,0.0,0.0,0.0,0.0,0.0,10
46249,102117860,1020076974,WAXMAN,HENRY,H,CA,M,D,24.0,voting,19910911,1939-09-12,1939,1991,52,0.0,6,1,1,0,0,0,0,0,0,0,0,0,0,2,0,0,0,0.6,0.1,0.1,0.0,0.0,0.0,0.0,0.0,0.0,0.0,0.0,0.0,0.0,0.2,0.0,0.0,0.0,10
65228,102116700,1020107828,BURTON,DAN,H,IN,M,R,6.0,voting,19911106,1938-06-21,1938,1991,53,0.0,3,0,0,0,1,0,0,5,0,0,0,1,0,0,0,0,0,0.3,0.0,0.0,0.0,0.1,0.0,0.0,0.5,0.0,0.0,0.0,0.1,0.0,0.0,0.0,0.0,0.0,10
65229,102111110,1020107829,DORNAN,ROBERT,H,CA,M,R,38.0,voting,19911106,1933-04-03,1933,1991,58,0.0,1,1,0,1,0,0,6,1,0,0,0,0,0,0,0,0,0,0.1,0.1,0.0,0.1,0.0,0.0,0.6,0.1,0.0,0.0,0.0,0.0,0.0,0.0,0.0,0.0,0.0,10
65230,102111110,1020107830,DORNAN,ROBERT,H,CA,M,R,38.0,voting,19911106,1933-04-03,1933,1991,58,3.8788019689989217e-19,1,0,0,0,0,0,0,9,0,0,0,0,0,0,0,0,0,0.1,0.0,0.0,0.0,0.0,0.0,0.0,0.9,0.0,0.0,0.0,0.0,0.0,0.0,0.0,0.0,0.0,10
68722,102111110,1020113255,DORNAN,ROBERT,H,CA,M,R,38.0,voting,19911118,1933-04-03,1933,1991,58,0.0,1,1,5,1,0,0,0,1,0,0,0,0,0,1,0,0,0,0.1,0.1,0.5,0.1,0.0,0.0,0.0,0.1,0.0,0.0,0.0,0.0,0.0,0.1,0.0,0.0,0.0,10
69268,102111110,1020114035,DORNAN,ROBERT,H,CA,M,R,38.0,voting,19911119,1933-04-03,1933,1991,58,0.0,0,0,0,1,2,0,0,2,5,0,0,0,0,0,0,0,0,0.0,0.0,0.0,0.1,0.2,0.0,0.0,0.2,0.5,0.0,0.0,0.0,0.0,0.0,0.0,0.0,0.0,10
151935,102114941,1020143280,KENNEDY,EDWARD,S,MA,M,D,,voting,19920318,1932-02-22,1932,1992,60,0.0,0,1,5,0,0,0,0,4,0,0,0,0,0,0,0,0,0,0.0,0.1,0.5,0.0,0.0,0.0,0.0,0.4,0.0,0.0,0.0,0.0,0.0,0.0,0.0,0.0,0.0,10
90059,102111891,1020149532,HELMS,JESSE,S,NC,M,R,,voting,19920402,1921-10-18,1921,1992,71,0.0,0,0,0,0,9,0,2,9,0,0,0,0,0,0,0,0,0,0.0,0.0,0.0,0.0,0.45,0.0,0.1,0.45,0.0,0.0,0.0,0.0,0.0,0.0,0.0,0.0,0.0,20
1345,103114710,1030002642,DOOLITTLE,JOHN,H,CA,M,R,4.0,voting,19930127,1950-10-30,1950,1993,43,0.0,1,1,1,0,0,2,1,3,1,0,0,0,0,0,0,0,0,0.1,0.1,0.1,0.0,0.0,0.2,0.1,0.3,0.1,0.0,0.0,0.0,0.0,0.0,0.0,0.0,0.0,10
1704,103111891,1030003264,HELMS,JESSE,S,NC,M,R,,voting,19930202,1921-10-18,1921,1993,72,0.0,1,0,0,0,0,0,0,7,0,1,0,0,1,0,0,0,0,0.1,0.0,0.0,0.0,0.0,0.0,0.0,0.7,0.0,0.1,0.0,0.0,0.1,0.0,0.0,0.0,0.0,10
7375,103111110,1030012679,DORNAN,ROBERT,H,CA,M,R,46.0,voting,19930311,1933-04-03,1933,1993,60,0.0,0,0,3,1,3,2,2,6,1,1,1,0,0,0,0,0,0,0.0,0.0,0.15,0.05,0.15,0.1,0.1,0.3,0.05,0.05,0.05,0.0,0.0,0.0,0.0,0.0,0.0,20
8178,103113981,1030014068,BOND,CHRISTOPHER,S,MO,M,R,,voting,19930316,1939-03-06,1939,1993,54,0.0,0,0,0,0,0,0,0,1,0,0,0,0,0,9,0,0,0,0.0,0.0,0.0,0.0,0.0,0.0,0.0,0.1,0.0,0.0,0.0,0.0,0.0,0.9,0.0,0.0,0.0,10
15027,103113981,1030024753,BOND,CHRISTOPHER,S,MO,M,R,,voting,19930401,1939-03-06,1939,1993,54,0.0,0,1,0,0,0,0,0,0,0,0,0,0,0,9,0,0,0,0.0,0.1,0.0,0.0,0.0,0.0,0.0,0.0,0.0,0.0,0.0,0.0,0.0,0.9,0.0,0.0,0.0,10
146028,103112121,1030036344,SMITH,ROBERT,S,NH,M,R,,voting,19930520,1941-03-30,1941,1993,52,0.0,0,2,0,0,0,1,0,6,0,0,1,0,0,0,0,0,0,0.0,0.2,0.0,0.0,0.0,0.1,0.0,0.6,0.0,0.0,0.1,0.0,0.0,0.0,0.0,0.0,0.0,10
149428,103114941,1030120060,KENNEDY,EDWARD,S,MA,M,D,,voting,19931119,1932-02-22,1932,1993,61,0.0,0,1,0,0,0,9,0,0,0,0,0,0,0,0,0,0,0,0.0,0.1,0.0,0.0,0.0,0.9,0.0,0.0,0.0,0.0,0.0,0.0,0.0,0.0,0.0,0.0,0.0,10
89271,103114710,1030144179,DOOLITTLE,JOHN,H,CA,M,R,4.0,voting,19940322,1950-10-30,1950,1994,44,0.0,1,0,1,0,0,0,1,7,0,0,0,0,0,0,0,0,0,0.1,0.0,0.1,0.0,0.0,0.0,0.1,0.7,0.0,0.0,0.0,0.0,0.0,0.0,0.0,0.0,0.0,10
89276,103114710,1030144186,DOOLITTLE,JOHN,H,CA,M,R,4.0,voting,19940322,1950-10-30,1950,1994,44,0.0,0,0,0,0,0,0,0,8,0,0,0,0,2,0,0,0,0,0.0,0.0,0.0,0.0,0.0,0.0,0.0,0.8,0.0,0.0,0.0,0.0,0.2,0.0,0.0,0.0,0.0,10
159125,103121450,1030159045,SMITH,LAMAR,H,TX,M,R,21.0,voting,19940510,1947-11-19,1947,1994,47,0.0,0,0,2,1,0,0,0,1,0,0,1,5,0,0,0,0,0,0.0,0.0,0.2,0.1,0.0,0.0,0.0,0.1,0.0,0.0,0.1,0.5,0.0,0.0,0.0,0.0,0.0,10
114463,103109641,1030186410,PRESSLER,LARRY,S,SD,M,R,,voting,19940712,1942-03-29,1942,1994,52,0.0,0,1,1,0,1,0,1,1,0,0,5,0,0,0,0,0,0,0.0,0.1,0.1,0.0,0.1,0.0,0.1,0.1,0.0,0.0,0.5,0.0,0.0,0.0,0.0,0.0,0.0,10
124980,103111891,1030203586,HELMS,JESSE,S,NC,M,R,,voting,19940805,1921-10-18,1921,1994,73,0.0,0,0,0,0,0,0,0,10,0,0,0,0,0,0,0,0,0,0.0,0.0,0.0,0.0,0.0,0.0,0.0,1.0,0.0,0.0,0.0,0.0,0.0,0.0,0.0,0.0,0.0,10
137581,103114710,1030223672,DOOLITTLE,JOHN,H,CA,M,R,4.0,voting,19940928,1950-10-30,1950,1994,44,0.0,1,1,2,0,0,3,1,1,1,0,0,0,0,0,0,0,0,0.1,0.1,0.2,0.0,0.0,0.3,0.1,0.1,0.1,0.0,0.0,0.0,0.0,0.0,0.0,0.0,0.0,10
64517,104111891,1040100574,HELMS,JESSE,S,NC,M,R,,voting,19950726,1921-10-18,1921,1995,74,0.0,0,0,0,0,15,0,2,3,0,0,0,0,0,0,0,0,0,0.0,0.0,0.0,0.0,0.75,0.0,0.1,0.15,0.0,0.0,0.0,0.0,0.0,0.0,0.0,0.0,0.0,20
71956,104111321,1040112740,KERREY,J.,S,NE,M,D,,voting,19950808,1943-08-27,1943,1995,52,0.0,0,0,0,0,10,0,0,0,0,0,0,0,0,0,0,0,0,0.0,0.0,0.0,0.0,1.0,0.0,0.0,0.0,0.0,0.0,0.0,0.0,0.0,0.0,0.0,0.0,0.0,10
76143,104111110,1040119316,DORNAN,ROBERT,H,CA,M,R,46.0,voting,19950908,1933-04-03,1933,1995,62,0.0,0,2,1,0,0,0,0,14,1,0,0,2,0,0,0,0,0,0.0,0.1,0.05,0.0,0.0,0.0,0.0,0.7,0.05,0.0,0.0,0.1,0.0,0.0,0.0,0.0,0.0,20
112984,104111110,1040176929,DORNAN,ROBERT,H,CA,M,R,46.0,voting,19960124,1933-04-03,1933,1996,63,0.0,4,0,0,0,1,0,0,0,1,0,0,0,0,4,0,0,0,0.4,0.0,0.0,0.0,0.1,0.0,0.0,0.0,0.1,0.0,0.0,0.0,0.0,0.4,0.0,0.0,0.0,10
122827,104114240,1040192863,HYDE,HENRY,H,IL,M,R,6.0,voting,19960322,1924-04-18,1924,1996,72,0.0,1,8,1,0,0,0,0,0,0,0,0,0,0,0,0,0,0,0.1,0.8,0.1,0.0,0.0,0.0,0.0,0.0,0.0,0.0,0.0,0.0,0.0,0.0,0.0,0.0,0.0,10
148451,104111250,1040234181,GUNDERSON,STEVEN,H,WI,M,R,3.0,voting,19960627,1951-05-10,1951,1996,45,0.0,0,0,0,0,2,0,0,8,0,0,0,0,0,10,0,0,0,0.0,0.0,0.0,0.0,0.1,0.0,0.0,0.4,0.0,0.0,0.0,0.0,0.0,0.5,0.0,0.0,0.0,20
148455,104111250,1040234186,GUNDERSON,STEVEN,H,WI,M,R,3.0,voting,19960627,1951-05-10,1951,1996,45,0.0,0,0,0,0,2,0,6,2,0,0,0,0,0,0,0,0,0,0.0,0.0,0.0,0.0,0.2,0.0,0.6,0.2,0.0,0.0,0.0,0.0,0.0,0.0,0.0,0.0,0.0,10
195572,104111250,1040234187,GUNDERSON,STEVEN,H,WI,M,R,3.0,voting,19960627,1951-05-10,1951,1996,45,0.0,0,0,0,0,0,0,0,2,0,0,0,0,0,8,0,0,0,0.0,0.0,0.0,0.0,0.0,0.0,0.0,0.2,0.0,0.0,0.0,0.0,0.0,0.8,0.0,0.0,0.0,10
163944,104112651,1040258760,NICKLES,DON,S,OK,M,R,,voting,19960906,1948-12-06,1948,1996,48,0.0,0,1,0,0,0,1,0,10,0,7,1,0,0,0,0,0,0,0.0,0.05,0.0,0.0,0.0,0.05,0.0,0.5,0.0,0.35,0.05,0.0,0.0,0.0,0.0,0.0,0.0,20
164108,104112651,1040259072,NICKLES,DON,S,OK,M,R,,voting,19960909,1948-12-06,1948,1996,48,0.0,2,0,0,1,1,3,1,10,2,0,0,0,0,0,0,0,0,0.1,0.0,0.0,0.05,0.05,0.15,0.05,0.5,0.1,0.0,0.0,0.0,0.0,0.0,0.0,0.0,0.0,20
164109,104112651,1040259074,NICKLES,DON,S,OK,M,R,,voting,19960909,1948-12-06,1948,1996,48,0.0,0,2,1,4,0,0,1,2,0,0,0,0,0,0,0,0,0,0.0,0.2,0.1,0.4,0.0,0.0,0.1,0.2,0.0,0.0,0.0,0.0,0.0,0.0,0.0,0.0,0.0,10
42129,105111880,1050072598,HEFNER,WILLIE,H,NC,M,D,8.0,voting,19970909,1930-04-11,1930,1997,67,0.0,0,1,1,5,11,2,0,2,7,0,0,0,0,0,1,0,0,0.0,0.03333333333333333,0.03333333333333333,0.16666666666666666,0.36666666666666664,0.06666666666666667,0.0,0.06666666666666667,0.23333333333333334,0.0,0.0,0.0,0.0,0.0,0.03333333333333333,0.0,0.0,30
62393,105118171,1050106128,HATCH,ORRIN,S,UT,M,R,,voting,19980209,1934-03-22,1934,1998,64,0.0,2,0,0,0,1,1,2,4,0,0,0,0,0,0,0,0,0,0.2,0.0,0.0,0.0,0.1,0.1,0.2,0.4,0.0,0.0,0.0,0.0,0.0,0.0,0.0,0.0,0.0,10
62394,105118171,1050106129,HATCH,ORRIN,S,UT,M,R,,voting,19980209,1934-03-22,1934,1998,64,0.0,2,0,0,0,0,0,1,6,0,0,0,0,1,0,0,0,0,0.2,0.0,0.0,0.0,0.0,0.0,0.1,0.6,0.0,0.0,0.0,0.0,0.1,0.0,0.0,0.0,0.0,10
76085,105110921,1050132007,ASHCROFT,JOHN,S,MO,M,R,,voting,19980430,1942-05-09,1942,1998,56,0.0,3,4,8,0,0,4,1,0,0,0,0,0,0,0,0,0,0,0.15,0.2,0.4,0.0,0.0,0.2,0.05,0.0,0.0,0.0,0.0,0.0,0.0,0.0,0.0,0.0,0.0,20
82980,105120391,1050143880,MCCAIN,JOHN,S,AZ,M,R,,voting,19980522,1936-08-29,1936,1998,62,0.0,1,1,1,1,0,0,0,1,5,0,0,0,0,0,0,0,0,0.1,0.1,0.1,0.1,0.0,0.0,0.0,0.1,0.5,0.0,0.0,0.0,0.0,0.0,0.0,0.0,0.0,10
95500,105112231,1050164875,WELLSTONE,PAUL,S,MN,M,D,,voting,19980716,1944-07-21,1944,1998,54,0.0,0,2,0,0,0,0,1,1,6,0,0,0,0,0,0,0,0,0.0,0.2,0.0,0.0,0.0,0.0,0.1,0.1,0.6,0.0,0.0,0.0,0.0,0.0,0.0,0.0,0.0,10
120607,105112250,1050208363,YATES,SIDNEY,H,IL,M,D,9.0,voting,19981218,1909-08-27,1909,1998,89,0.0,0,10,0,0,0,0,0,0,0,0,0,0,0,0,0,0,0,0.0,1.0,0.0,0.0,0.0,0.0,0.0,0.0,0.0,0.0,0.0,0.0,0.0,0.0,0.0,0.0,0.0,10
134897,106121450,1060045834,SMITH,LAMAR,H,TX,M,R,21.0,voting,19990616,1947-11-19,1947,1999,52,0.0,0,0,0,0,2,1,1,2,0,0,0,0,0,4,0,0,0,0.0,0.0,0.0,0.0,0.2,0.1,0.1,0.2,0.0,0.0,0.0,0.0,0.0,0.4,0.0,0.0,0.0,10
50502,106113500,1060084713,BEREUTER,DOUGLAS,H,NE,M,R,1.0,voting,19990928,1939-10-06,1939,1999,60,0.0,0,0,2,0,2,3,2,0,0,0,1,0,0,0,0,0,0,0.0,0.0,0.2,0.0,0.2,0.3,0.2,0.0,0.0,0.0,0.1,0.0,0.0,0.0,0.0,0.0,0.0,10
137486,106112121,1060124085,SMITH,ROBERT,S,NH,M,R,,voting,20000327,1941-03-30,1941,2000,59,0.0,0,0,0,0,6,1,0,3,0,0,0,0,0,0,0,0,0,0.0,0.0,0.0,0.0,0.6,0.1,0.0,0.3,0.0,0.0,0.0,0.0,0.0,0.0,0.0,0.0,0.0,10
104795,106120930,1060176388,RANGEL,CHARLES,H,NY,M,D,15.0,voting,20000725,1930-06-11,1930,2000,70,0.0,0,0,0,0,3,0,0,2,5,0,0,0,0,0,0,0,0,0.0,0.0,0.0,0.0,0.3,0.0,0.0,0.2,0.5,0.0,0.0,0.0,0.0,0.0,0.0,0.0,0.0,10
452,107111891,1070000993,HELMS,JESSE,S,NC,M,R,,voting,20010122,1921-10-18,1921,2001,80,0.0,6,0,1,0,0,0,0,2,0,0,1,0,0,0,0,0,0,0.6,0.0,0.1,0.0,0.0,0.0,0.0,0.2,0.0,0.0,0.1,0.0,0.0,0.0,0.0,0.0,0.0,10
8788,107113390,1070015793,TRAFICANT,JAMES,H,OH,M,D,17.0,voting,20010329,1941-05-08,1941,2001,60,0.0,0,0,0,0,0,0,0,10,0,0,0,0,0,0,0,0,0,0.0,0.0,0.0,0.0,0.0,0.0,0.0,1.0,0.0,0.0,0.0,0.0,0.0,0.0,0.0,0.0,0.0,10
29766,107112231,1070054352,WELLSTONE,PAUL,S,MN,M,D,,voting,20010725,1944-07-21,1944,2001,57,0.0,1,0,0,0,0,1,8,0,0,0,0,0,0,0,0,0,0,0.1,0.0,0.0,0.0,0.0,0.1,0.8,0.0,0.0,0.0,0.0,0.0,0.0,0.0,0.0,0.0,0.0,10
40344,107114850,1070072883,HAYES,ROBIN,H,NC,M,R,8.0,voting,20011011,1945-08-14,1945,2001,56,0.0,1,0,1,1,1,0,2,0,2,0,2,0,0,0,0,0,0,0.1,0.0,0.1,0.1,0.1,0.0,0.2,0.0,0.2,0.0,0.2,0.0,0.0,0.0,0.0,0.0,0.0,10
54599,107114380,1070098261,OSBORNE,THOMAS,H,NE,M,R,3.0,voting,20020123,1937-02-23,1937,2002,65,0.0,0,0,0,0,2,0,0,8,0,0,0,0,0,0,0,0,0,0.0,0.0,0.0,0.0,0.2,0.0,0.0,0.8,0.0,0.0,0.0,0.0,0.0,0.0,0.0,0.0,0.0,10
60681,107116800,1070109546,FRANK,BARNEY,H,MA,M,D,4.0,voting,20020312,1940-03-31,1940,2002,62,0.0,5,1,1,0,2,0,1,0,0,0,0,0,0,0,0,0,0,0.5,0.1,0.1,0.0,0.2,0.0,0.1,0.0,0.0,0.0,0.0,0.0,0.0,0.0,0.0,0.0,0.0,10
78116,107114380,1070141007,OSBORNE,THOMAS,H,NE,M,R,3.0,voting,20020624,1937-02-23,1937,2002,65,0.0,1,0,2,1,10,1,2,2,0,0,1,0,0,0,0,0,0,0.05,0.0,0.1,0.05,0.5,0.05,0.1,0.1,0.0,0.0,0.05,0.0,0.0,0.0,0.0,0.0,0.0,20
87144,107120181,1070156965,LEAHY,PATRICK,S,VT,M,D,,voting,20020730,1940-03-31,1940,2002,62,0.0,3,2,4,0,0,0,1,0,0,0,0,0,0,0,0,0,0,0.3,0.2,0.4,0.0,0.0,0.0,0.1,0.0,0.0,0.0,0.0,0.0,0.0,0.0,0.0,0.0,0.0,10
22158,108114651,1080039600,CLINTON,HILLARY,S,NY,F,D,,voting,20030515,1947-10-26,1947,2003,56,0.0,0,0,0,1,1,0,0,0,8,0,0,0,0,0,0,0,0,0.0,0.0,0.0,0.1,0.1,0.0,0.0,0.0,0.8,0.0,0.0,0.0,0.0,0.0,0.0,0.0,0.0,10
22192,108114091,1080039646,DODD,CHRISTOPHER,S,CT,M,D,,voting,20030515,1944-05-27,1944,2003,59,0.0,0,0,0,0,0,0,0,2,8,0,0,0,0,0,0,0,0,0.0,0.0,0.0,0.0,0.0,0.0,0.0,0.2,0.8,0.0,0.0,0.0,0.0,0.0,0.0,0.0,0.0,10
39978,108118111,1080072051,CANTWELL,MARIA,S,WA,F,D,,voting,20030725,1958-10-13,1958,2003,45,0.0,0,0,0,0,10,0,0,0,0,0,0,0,0,0,0,0,0,0.0,0.0,0.0,0.0,1.0,0.0,0.0,0.0,0.0,0.0,0.0,0.0,0.0,0.0,0.0,0.0,0.0,10
47017,108112961,1080085172,DAYTON,MARK,S,MN,M,D,,voting,20030929,1947-01-26,1947,2003,56,0.0,0,0,0,0,0,0,10,0,0,0,0,0,0,0,0,0,0,0.0,0.0,0.0,0.0,0.0,0.0,1.0,0.0,0.0,0.0,0.0,0.0,0.0,0.0,0.0,0.0,0.0,10
51763,108114380,1080093512,OSBORNE,THOMAS,H,NE,M,R,3.0,voting,20031020,1937-02-23,1937,2003,66,0.0,0,1,0,0,0,0,0,0,9,0,0,0,0,0,0,0,0,0.0,0.1,0.0,0.0,0.0,0.0,0.0,0.0,0.9,0.0,0.0,0.0,0.0,0.0,0.0,0.0,0.0,10
66579,108114380,1080120183,OSBORNE,THOMAS,H,NE,M,R,3.0,voting,20040224,1937-02-23,1937,2004,67,0.0,0,0,0,0,10,0,0,0,0,0,0,0,0,0,0,0,0,0.0,0.0,0.0,0.0,1.0,0.0,0.0,0.0,0.0,0.0,0.0,0.0,0.0,0.0,0.0,0.0,0.0,10
74732,108114011,1080134930,BROWNBACK,SAMUEL,S,KS,M,R,,voting,20040408,1956-09-12,1956,2004,48,0.0,1,0,0,0,1,0,8,0,0,0,0,0,0,0,0,0,0,0.1,0.0,0.0,0.0,0.1,0.0,0.8,0.0,0.0,0.0,0.0,0.0,0.0,0.0,0.0,0.0,0.0,10
91372,108114011,1080166293,BROWNBACK,SAMUEL,S,KS,M,R,,voting,20040712,1956-09-12,1956,2004,48,0.0,2,0,0,0,2,0,6,0,0,0,0,0,0,0,0,0,0,0.2,0.0,0.0,0.0,0.2,0.0,0.6,0.0,0.0,0.0,0.0,0.0,0.0,0.0,0.0,0.0,0.0,10
107587,108114690,1080183873,DAVIS,JO ANN,H,VA,F,R,1.0,voting,20040929,1950-06-29,1950,2004,54,0.0,0,0,1,0,2,0,1,6,0,0,0,0,0,0,0,0,0,0.0,0.0,0.1,0.0,0.2,0.0,0.1,0.6,0.0,0.0,0.0,0.0,0.0,0.0,0.0,0.0,0.0,10
16339,109121251,1090030967,SCHUMER,CHARLES,S,NY,M,D,,voting,20050516,1950-11-23,1950,2005,55,0.0,1,0,7,0,0,1,0,0,1,0,0,0,0,0,0,0,0,0.1,0.0,0.7,0.0,0.0,0.1,0.0,0.0,0.1,0.0,0.0,0.0,0.0,0.0,0.0,0.0,0.0,10
17619,109118131,1090033729,CARPER,THOMAS,S,DE,M,D,,voting,20050519,1947-01-23,1947,2005,58,0.0,0,1,2,0,0,5,2,0,0,0,0,0,0,0,0,0,0,0.0,0.1,0.2,0.0,0.0,0.5,0.2,0.0,0.0,0.0,0.0,0.0,0.0,0.0,0.0,0.0,0.0,10
36171,109114380,1090067884,OSBORNE,THOMAS,H,NE,M,R,3.0,voting,20050913,1937-02-23,1937,2005,68,0.0,0,0,0,0,0,0,0,1,9,0,0,0,0,0,0,0,0,0.0,0.0,0.0,0.0,0.0,0.0,0.0,0.1,0.9,0.0,0.0,0.0,0.0,0.0,0.0,0.0,0.0,10
81906,109117411,1090152780,HARKIN,THOMAS,S,IA,M,D,,voting,20060628,1939-11-19,1939,2006,67,0.0,0,0,0,0,3,0,3,1,2,0,0,0,0,0,1,0,0,0.0,0.0,0.0,0.0,0.3,0.0,0.3,0.1,0.2,0.0,0.0,0.0,0.0,0.0,0.1,0.0,0.0,10
81908,109117411,1090152782,HARKIN,THOMAS,S,IA,M,D,,voting,20060628,1939-11-19,1939,2006,67,0.0,0,0,0,0,8,0,0,1,1,0,0,0,0,0,0,0,0,0.0,0.0,0.0,0.0,0.8,0.0,0.0,0.1,0.1,0.0,0.0,0.0,0.0,0.0,0.0,0.0,0.0,10
111402,110114941,1100015427,KENNEDY,EDWARD,S,MA,M,D,,voting,20070212,1932-02-22,1932,2007,75,0.0,0,0,4,0,0,5,0,0,0,0,1,0,0,0,0,0,0,0.0,0.0,0.4,0.0,0.0,0.5,0.0,0.0,0.0,0.0,0.1,0.0,0.0,0.0,0.0,0.0,0.0,10
13605,110120010,1100026102,KAPTUR,MARCY,H,OH,F,D,9.0,voting,20070319,1946-06-17,1946,2007,61,0.0,0,1,0,0,1,7,1,0,0,0,0,0,0,0,0,0,0,0.0,0.1,0.0,0.0,0.1,0.7,0.1,0.0,0.0,0.0,0.0,0.0,0.0,0.0,0.0,0.0,0.0,10
15289,110120010,1100029198,KAPTUR,MARCY,H,OH,F,D,9.0,voting,20070322,1946-06-17,1946,2007,61,0.0,0,2,0,0,2,5,1,0,0,0,0,0,0,0,0,0,0,0.0,0.2,0.0,0.0,0.2,0.5,0.1,0.0,0.0,0.0,0.0,0.0,0.0,0.0,0.0,0.0,0.0,10
64028,111117411,1110119539,HARKIN,THOMAS,S,IA,M,D,,voting,20100211,1939-11-19,1939,2010,71,0.0,0,2,3,1,0,3,1,0,0,0,0,0,0,0,0,0,0,0.0,0.2,0.3,0.1,0.0,0.3,0.1,0.0,0.0,0.0,0.0,0.0,0.0,0.0,0.0,0.0,0.0,10
